-23.2024208,-46.89193299999999,0.3
-22.7201006,-47.3475118,0.3
-23.5647586,-46.6196127,0.3
-22.8939122,-47.0641707,0.3
-22.9696801,-47.0122666,0.3
-22.7533716,-47.3610117,0.3
-23.1920544,-46.9035197,0.3
-23.1832453,-46.8927808,0.3
-23.1889775,-46.9020417,0.3
-22.9019337,-47.0604199,0.3
-22.8536297,-47.2280282,0.3
-22.3424287,-49.0680074,0.3
-23.2556586,-47.2984623,0.3
-25.4463629,-49.2904205,0.3
-25.4200683,-49.2826456,0.3
-23.3241459,-51.1672823,0.3
-25.411007,-49.255511,0.3
-25.4421382,-49.2880246,0.3
-25.4490302,-49.2885119,0.3
-21.7844854,-48.1975837,0.3
-23.9407442,-46.3359939,0.3
-23.5832873,-46.6711367,0.3
-23.5966485,-46.6869052,0.3
-23.545765,-46.6331974,0.3
-23.5775252,-46.6868419,0.3
-23.5901841,-46.682061,0.3
-23.5694409,-46.6912187,0.3
-23.59219,-46.6890431,0.3
-23.5930371,-46.68671699999999,0.3
-23.5884138,-46.6822137,0.3
-23.5801179,-46.6401822,0.3
-23.6236987,-46.7033679,0.3
-22.9074515,-47.0577698,0.3
-23.0871472,-47.1992591,0.3
-22.4243764,-47.5598971,0.3
-22.9118479,-47.0422059,0.3
-22.8921545,-47.0499766,0.3
-22.8907823,-47.0519559,0.3
-22.822675,-47.0854623,0.3
-22.8844567,-47.060006,0.3
-22.9225205,-47.0871844,0.3
-22.4058982,-46.9677267,0.3
-22.7253495,-47.6532452,0.3
-23.1920544,-46.9035197,0.3
-22.8903359,-47.0354544,0.3
-22.9005651,-47.0656581,0.3
-22.7412934,-47.3287225,0.3
-23.0367239,-46.9834846,0.3
-22.8969675,-47.0516607,0.3
-22.4058511,-46.967667,0.3
-24.495874,-47.8436463,0.3
-25.4381052,-49.2665602,0.3
-25.5444903,-49.198938,0.3
-25.4084687,-49.2159931,0.3
-25.4437075,-49.2837424,0.3
-25.4207846,-49.268057,0.3
-25.3685575,-49.2638378,0.3
-25.4381369,-49.2754104,0.3
-25.4327799,-49.29918610000001,0.3
-25.4429984,-49.2819485,0.3
-25.4201651,-49.2685498,0.3
-23.5169108,-46.1790669,0.3
-23.9593729,-46.3298604,0.3
-23.6634558,-46.5216963,0.3
-23.5848825,-46.6731957,0.3
-23.5472411,-46.6334317,0.3
-23.6146049,-46.569119,0.3
-23.6217465,-45.4144704,0.3
-23.6444404,-46.7005036,0.3
-23.5061647,-47.45842469999999,0.3
-25.1032528,-50.1589075,0.3
-22.1152563,-51.4001587,0.3
-23.3310776,-51.1778012,0.3
-26.4078596,-50.1398922,0.3
-26.2285009,-51.0898298,0.3
-25.8748302,-50.3851688,0.3
-25.4318572,-49.2697078,0.3
-25.387732,-51.4619923,0.3
-23.5826533,-46.6823747,0.3
-23.546218,-46.635848,0.3
-23.1910411,-46.8824595,0.3
-22.9506168,-47.3068051,0.3
-22.7303916,-47.6403249,0.3
-22.560772,-47.4170862,0.3
-23.0847649,-47.1841655,0.3
-27.2263175,-52.0299208,0.3
-27.6394597,-52.2691309,0.3
-27.2355554,-52.0372458,0.3
-28.2477488,-52.4064379,0.3
-28.2627198,-52.4124802,0.3
-28.2638377,-52.4077477,0.3
-27.1588542,-52.3159161,0.3
-28.264498,-52.4158869,0.3
-28.2552393,-52.3989398,0.3
-27.402741,-51.2288067,0.3
-28.2656563,-52.4053007,0.3
-28.263936,-52.41481049999999,0.3
-28.2653942,-52.40343000000001,0.3
-28.562689,-51.9736594,0.3
-29.168735,-51.19335599999999,0.3
-28.2653195,-52.4021053,0.3
-28.5070995,-50.9370111,0.3
-29.1668043,-51.1886903,0.3
-25.4303032,-49.2662611,0.3
-25.4581037,-49.2774677,0.3
-25.433458,-49.28045969999999,0.3
-25.410797,-49.2554463,0.3
-26.284753,-48.8565787,0.3
-25.4743195,-49.2733638,0.3
-25.4371102,-49.3291009,0.3
-23.5859777,-46.6829919,0.3
-23.6298641,-46.7048838,0.3
-23.6026769,-46.6618652,0.3
-23.5923048,-46.6821803,0.3
-23.5944972,-46.6889693,0.3
-25.3864172,-49.22178359999999,0.3
-26.3129518,-48.8574474,0.3
-26.2876715,-48.8413941,0.3
-25.4353808,-49.2688172,0.3
-26.2757997,-48.85325210000001,0.3
-26.2743993,-48.843554,0.3
-25.4355763,-49.2778139,0.3
-28.6409549,-53.6060241,0.3
-28.6299492,-53.0908402,0.3
-28.8267706,-52.5117947,0.3
-29.6926316,-53.8076314,0.3
-29.691607,-53.8063205,0.3
-29.7184624,-52.4259487,0.3
-30.03352,-51.1781063,0.3
-30.02582259999999,-51.20345409999999,0.3
-30.028792,-51.2268294,0.3
-29.46260729999999,-51.9672817,0.3
-30.0319304,-51.1627954,0.3
-22.5330113,-41.9617784,0.3
-25.5383453,-49.1973221,0.3
-28.6700023,-49.3769314,0.3
-27.594447,-48.55852789999999,0.3
-3.7325024,-38.4973325,0.3
-3.8117123,-38.4878331,0.3
-26.9217872,-49.066348,0.3
-25.4290975,-49.2635466,0.3
-26.3029807,-48.8429624,0.3
-23.5211928,-47.4640756,0.3
-23.5452203,-47.4667951,0.3
-23.5005083,-47.4551195,0.3
-25.4147576,-49.2599228,0.3
-25.440218,-49.2813509,0.3
-25.4020181,-49.2414378,0.3
-25.4430439,-49.29084779999999,0.3
-25.4337695,-49.3003394,0.3
-23.6262316,-46.6881874,0.3
-23.1928589,-45.8942529,0.3
-23.2199841,-45.9106168,0.3
-23.0263481,-45.5804566,0.3
-23.4932242,-46.84966559999999,0.3
-23.5218692,-46.18218230000001,0.3
-27.5868104,-48.5486449,0.3
-22.4029823,-41.7957208,0.3
-29.6818871,-51.129099,0.3
-30.0332949,-51.214968,0.3
-23.5008449,-46.6374361,0.3
-23.452984,-46.5433242,0.3
-23.5101501,-46.1915632,0.3
-23.6240509,-46.5806709,0.3
-23.5371445,-46.67318179999999,0.3
-23.5730136,-46.6509349,0.3
-23.5777878,-46.6403056,0.3
-25.0994977,-50.157585,0.3
-26.9231993,-49.0647439,0.3
-26.4962272,-49.0904047,0.3
-26.4991385,-49.0831217,0.3
-26.9152032,-49.0712623,0.3
-28.3076289,-54.2579588,0.3
-27.8677495,-54.4799152,0.3
-27.7789854,-54.2341072,0.3
-27.7752377,-54.2321493,0.3
-27.6320372,-54.3082523,0.3
-28.2954059,-54.2656941,0.3
-27.1065818,-52.615665,0.3
-23.5864814,-46.6791683,0.3
-23.5947096,-46.6818209,0.3
-23.6308943,-46.71329470000001,0.3
-23.5656594,-46.6682604,0.3
-23.58786,-46.6803818,0.3
-23.5665706,-46.6655918,0.3
-23.5976016,-46.6849454,0.3
-23.5733669,-46.6897419,0.3
-23.6231991,-46.6818348,0.3
-23.575251,-46.6959753,0.3
-23.5617955,-46.6601677,0.3
-27.4621365,-51.9094355,0.3
-29.17153309999999,-51.1756726,0.3
-29.1776958,-51.4952572,0.3
-28.5943594,-51.7837698,0.3
-30.0250592,-51.1826832,0.3
-30.0352983,-51.1765713,0.3
-30.0432547,-51.176094,0.3
-30.027364,-51.18103929999999,0.3
-29.6909696,-51.126619,0.3
-25.5461896,-54.5863473,0.3
-24.9451834,-53.4689606,0.3
-24.9515254,-53.4469209,0.3
-25.3844192,-49.33417120000001,0.3
-29.1777185,-51.2161535,0.3
-25.4075805,-49.2540694,0.3
-25.4014053,-49.2675101,0.3
-30.0179048,-51.1909156,0.3
-30.03132,-51.23682969999999,0.3
-30.1520525,-51.2210506,0.3
-30.0227653,-51.18821519999999,0.3
-30.0405683,-51.1256926,0.3
-30.0264564,-51.1840559,0.3
-30.0283061,-51.1629264,0.3
-30.0469329,-51.2303302,0.3
-30.0293764,-51.1798313,0.3
-26.9927719,-48.6287009,0.3
-26.48955,-49.0797721,0.3
-25.460785,-49.530451,0.3
-27.2117756,-49.6341951,0.3
-25.097291,-50.1568881,0.3
-26.9041484,-48.6577522,0.3
-26.3165174,-48.84805230000001,0.3
-27.5839274,-48.54394,0.3
-26.2949485,-48.8492664,0.3
-26.2394681,-52.6725797,0.3
-29.6820609,-51.1272163,0.3
-29.5880059,-51.0862348,0.3
-27.2313452,-52.0238327,0.3
-28.8462016,-51.8926325,0.3
-28.2637285,-52.407656,0.3
-24.9512789,-53.4566498,0.3
-30.0281956,-51.2037275,0.3
-29.1697669,-51.1752118,0.3
-30.0351423,-51.1799653,0.3
-30.0179613,-51.1911662,0.3
-30.02332909999999,-51.1608595,0.3
-30.0289134,-51.1816608,0.3
-24.9588816,-53.4703651,0.3
-31.7667508,-52.3407741,0.3
-24.9486062,-53.44579719999999,0.3
-27.1079474,-52.6192234,0.3
-27.813257,-50.3300545,0.3
-28.6813984,-49.3644099,0.3
-28.6914117,-49.345379,0.3
-27.5833246,-48.5451882,0.3
-27.589685,-48.5521411,0.3
-29.1140055,-49.6383646,0.3
-29.3397721,-49.7300415,0.3
-29.3396001,-49.7258173,0.3
-28.4816791,-49.0061596,0.3
-29.1132993,-49.6351915,0.3
-29.333012,-49.7230246,0.3
-27.5874445,-48.5478563,0.3
-27.592421,-48.55448699999999,0.3
-27.5452879,-48.5013318,0.3
-27.5939373,-48.5512111,0.3
-27.5908261,-48.553016,0.3
-26.9756322,-48.6471158,0.3
-26.9444621,-48.6311154,0.3
-27.594394,-48.550595,0.3
-27.120163,-48.61312520000001,0.3
-27.1490053,-48.5086743,0.3
-26.993459,-48.63697450000001,0.3
-26.9278183,-48.6459657,0.3
-26.9523187,-48.6397494,0.3
-27.5913989,-48.5497953,0.3
-27.5879589,-48.542893,0.3
-27.4944543,-48.5054689,0.3
-27.1481366,-48.5871143,0.3
-27.4576665,-48.40197329999999,0.3
-27.4396799,-48.403717,0.3
-27.1297537,-48.6047129,0.3
-25.430811,-49.270938,0.3
-25.4308093,-49.29183769999999,0.3
-26.9840809,-48.6340931,0.3
-26.9796762,-48.6366417,0.3
-26.9829699,-48.6355747,0.3
-26.979342,-48.64103189999999,0.3
-27.5881692,-48.5424487,0.3
-26.9145021,-49.0881064,0.3
-26.905539,-48.66133019999999,0.3
-27.0027045,-48.6208733,0.3
-26.9819043,-48.6350309,0.3
-26.9925334,-48.6291382,0.3
-26.9926988,-48.6288682,0.3
-26.9042317,-48.65764799999999,0.3
-25.1038382,-50.1597736,0.3
-26.3680849,-48.848445,0.3
-26.9164383,-48.6525358,0.3
-26.9164086,-49.0716688,0.3
-25.4339431,-49.3011065,0.3
-25.4347745,-49.2787672,0.3
-26.9986085,-48.63965049999999,0.3
-28.1325764,-49.1049474,0.3
-28.2443207,-48.66363699999999,0.3
-23.2660465,-51.0494292,0.3
-23.3473613,-51.14759360000001,0.3
-25.4518117,-49.29148559999999,0.3
-25.4576109,-49.2882227,0.3
-25.4573643,-49.2889271,0.3
-25.458231,-49.336144,0.3
-25.5868798,-49.3998986,0.3
-25.4823044,-49.2301942,0.3
-22.3391337,-49.0667799,0.3
-22.3385912,-49.0586881,0.3
-22.3516093,-49.0509941,0.3
-21.2196552,-47.8068919,0.3
-27.1483661,-48.4933048,0.3
-27.1457972,-48.502412,0.3
-27.1426552,-48.50693589999999,0.3
-27.5921926,-48.5538332,0.3
-27.1305157,-48.6004604,0.3
-27.122001,-48.6077599,0.3
-27.6410304,-48.6855558,0.3
-27.1066201,-48.9151466,0.3
-27.4245067,-48.4376797,0.3
-26.9326088,-49.0631701,0.3
-27.5989753,-48.6057497,0.3
-27.1341277,-48.5967105,0.3
-25.097797,-50.1570152,0.3
-25.1146024,-50.1553708,0.3
-27.0020003,-48.6223679,0.3
-27.0058575,-48.632797,0.3
-26.7773317,-48.6364975,0.3
-26.9963103,-48.63486839999999,0.3
-27.0243871,-48.6529986,0.3
-26.7660689,-48.6717581,0.3
-26.989163,-48.63363950000001,0.3
-26.9849208,-48.6346131,0.3
-26.7353622,-48.6816433,0.3
-27.0098739,-48.629207,0.3
-26.923146,-49.06482099999999,0.3
-26.930096,-48.643969,0.3
-26.4760698,-48.9982209,0.3
-22.0117163,-47.8970098,0.3
-21.4644414,-46.99813,0.3
-21.2116478,-47.8070467,0.3
-21.9681035,-46.7606535,0.3
-21.2183473,-47.80601009999999,0.3
-21.2064244,-47.810609,0.3
-23.3155854,-51.16362729999999,0.3
-23.4187107,-51.9268545,0.3
-23.4284768,-51.9369019,0.3
-23.4306615,-51.97257889999999,0.3
-23.415724,-51.9488193,0.3
-23.4254644,-51.9428276,0.3
-25.4329291,-49.2788755,0.3
-25.4294205,-49.2909405,0.3
-25.4522354,-49.2818201,0.3
-25.3557107,-49.2105131,0.3
-25.4972536,-49.2378611,0.3
-25.4246048,-49.273439,0.3
-25.48688,-49.2922197,0.3
-25.441447,-49.291366,0.3
-25.3877362,-49.2535703,0.3
-25.4421754,-49.28790799999999,0.3
-25.4582094,-49.28907160000001,0.3
-21.2118834,-47.81844299999999,0.3
-21.2085138,-47.7943216,0.3
-21.1767922,-47.7867849,0.3
-21.2166225,-47.7979349,0.3
-21.2176135,-47.7661263,0.3
-21.1993596,-47.8052813,0.3
-21.1853031,-47.8143581,0.3
-21.7772716,-48.1727924,0.3
-20.5564434,-47.40682229999999,0.3
-20.5340641,-47.4121959,0.3
-22.2936975,-48.5548355,0.3
-21.6060955,-48.3720204,0.3
-20.903707,-49.4502902,0.3
-25.087494,-50.1684352,0.3
-21.1342791,-48.9735556,0.3
-21.1343325,-48.9735935,0.3
-20.8269688,-49.3893156,0.3
-20.8280816,-49.3823168,0.3
-20.8225808,-49.3876661,0.3
-20.8162482,-49.3801915,0.3
-21.7757688,-47.0829248,0.3
-21.7820705,-46.5602117,0.3
-22.4745586,-46.6329582,0.3
-22.1789987,-47.387023,0.3
-22.5508492,-47.9144723,0.3
-18.9305515,-48.2899197,0.3
-18.9327766,-48.2753734,0.3
-20.8451699,-49.4009459,0.3
-18.90784,-48.2694311,0.3
-23.4239633,-51.934338,0.3
-23.3193549,-51.1475152,0.3
-23.3064908,-51.1762958,0.3
-23.3341028,-51.1750761,0.3
-21.2257148,-47.83560079999999,0.3
-21.2104445,-47.8021102,0.3
-20.5525934,-47.4041337,0.3
-20.9170633,-46.9954881,0.3
-21.2199582,-47.8171916,0.3
-20.54216,-47.4313927,0.3
-19.7614119,-47.9496487,0.3
-19.7468573,-47.9391141,0.3
-19.7523804,-47.9499751,0.3
-20.5727108,-48.5616513,0.3
-17.7941159,-50.9255469,0.3
-18.9270777,-48.2792524,0.3
-22.1887654,-46.7466963,0.3
-21.4269051,-45.9538016,0.3
-21.1343001,-51.1004691,0.3
-18.9191645,-48.2701234,0.3
-18.9562428,-48.2763747,0.3
-18.9081918,-48.2613218,0.3
-20.7877389,-51.7074623,0.3
-22.1211896,-51.3858779,0.3
-21.2155919,-50.4406555,0.3
-20.4637174,-54.6058419,0.3
-20.7901425,-51.70696909999999,0.3
-18.9183322,-48.2657402,0.3
-18.9156855,-48.2384636,0.3
-18.9523777,-48.2716483,0.3
-20.8090014,-49.3508165,0.3
-22.2208023,-49.9394368,0.3
-21.6792859,-49.7639501,0.3
-19.5977905,-46.9407298,0.3
-16.7046524,-49.2701989,0.3
-16.6697155,-49.23287269999999,0.3
-16.7049919,-49.2408156,0.3
-17.8112208,-50.9315222,0.3
-20.462196,-54.5959061,0.3
-20.4620112,-54.6030445,0.3
-20.7870133,-51.7109795,0.3
-21.3018023,-50.33879599999999,0.3
-20.8151364,-49.3742825,0.3
-18.1789118,-47.9556128,0.3
-23.4871505,-46.7480205,0.3
-23.4627201,-46.4202746,0.3
-23.3608063,-46.7456793,0.3
-23.4944863,-46.8515509,0.3
-23.5013965,-46.8487154,0.3
-23.4531211,-46.8972439,0.3
-23.4641575,-46.87119879999999,0.3
-23.5290737,-46.7791192,0.3
-23.4996616,-46.85495479999999,0.3
-23.5048746,-46.8492622,0.3
-16.7049932,-49.2410533,0.3
-18.4012193,-49.2041963,0.3
-16.7031375,-49.23311229999999,0.3
-22.746629,-47.638872,0.3
-22.704497,-47.6716849,0.3
-22.2323685,-45.9358521,0.3
-22.2246364,-45.9229274,0.3
-22.8089734,-46.28132919999999,0.3
-22.7339275,-45.1244384,0.3
-19.4000048,-54.569364,0.3
-23.513713,-46.65251929999999,0.3
-23.534118,-46.7709517,0.3
-23.5514487,-46.659621,0.3
-23.5597164,-46.6880278,0.3
-23.5400283,-46.73425,0.3
-23.5543397,-46.6621038,0.3
-23.5214468,-46.6603855,0.3
-23.4430177,-46.5577951,0.3
-23.4945128,-46.8514638,0.3
-22.9128823,-47.054982,0.3
-23.4962718,-46.8528949,0.3
-23.3297206,-51.1777139,0.3
-22.3985702,-43.1340307,0.3
-22.5324473,-43.1999527,0.3
-21.7812076,-43.3613731,0.3
-21.7662074,-43.3461249,0.3
-21.7813881,-43.35918239999999,0.3
-22.898509,-43.1779926,0.3
-22.8997984,-43.176722,0.3
-22.9062518,-43.1775724,0.3
-22.942312,-43.1815818,0.3
-22.9041278,-43.1782069,0.3
-21.7813881,-43.35918239999999,0.3
-22.9203786,-43.0931279,0.3
-22.9037501,-43.17789399999999,0.3
-22.9841293,-43.2171098,0.3
-22.9840043,-43.2174534,0.3
-22.9051376,-43.17828799999999,0.3
-22.9981232,-43.3372362,0.3
-22.7260217,-47.6541989,0.3
-22.7174449,-47.673754,0.3
-22.4317713,-45.4642551,0.3
-23.4993289,-46.637764,0.3
-23.5398373,-46.7791888,0.3
-23.2052401,-45.9030553,0.3
-23.5353631,-46.72458719999999,0.3
-23.5596982,-46.6579321,0.3
-23.5402836,-46.56661940000001,0.3
-23.5643576,-46.6534319,0.3
-22.7278202,-41.9891306,0.3
-22.8770955,-42.0132329,0.3
-22.2889658,-42.5349192,0.3
-22.8368875,-42.0286401,0.3
-22.8718947,-42.3342044,0.3
-22.8869809,-42.0437101,0.3
-22.290009,-42.5371696,0.3
-22.3723436,-41.7831637,0.3
-22.9060615,-43.105922,0.3
-22.9854785,-43.2260598,0.3
-23.4944863,-46.8515509,0.3
-23.4867605,-46.8612422,0.3
-23.5216866,-46.6621582,0.3
-22.9013614,-43.17722879999999,0.3
-22.9096022,-43.1698311,0.3
-22.9647906,-43.2203482,0.3
-22.9816578,-43.2100362,0.3
-22.9994579,-43.3482064,0.3
-22.9649023,-43.2177873,0.3
-22.5212672,-44.1028943,0.3
-22.9845227,-43.2279439,0.3
-22.9055338,-43.1782834,0.3
-23.003714,-43.317332,0.3
-22.8318522,-43.3439323,0.3
-23.0015072,-43.3880879,0.3
-22.9424961,-43.181369,0.3
-22.9161313,-42.9312703,0.3
-21.727033,-43.3564844,0.3
-21.7713115,-43.3741033,0.3
-21.2746692,-43.1803766,0.3
-22.9849673,-43.3587183,0.3
-22.9980045,-43.34630970000001,0.3
-22.9066934,-43.1768455,0.3
-22.9833731,-43.2180252,0.3
-22.9073392,-43.175273,0.3
-22.896859,-43.1236835,0.3
-22.9846272,-43.2252337,0.3
-23.0010479,-43.3943072,0.3
-22.9849701,-43.2262491,0.3
-22.9156305,-43.2443482,0.3
-22.9994546,-43.3477264,0.3
-22.9139437,-43.1778894,0.3
-22.9505072,-43.1807382,0.3
-22.939038,-43.3800082,0.3
-22.9216628,-43.2418416,0.3
-22.8886065,-42.0459363,0.3
-22.8637744,-41.9881775,0.3
-22.9443311,-43.1825559,0.3
-22.9042323,-43.1752459,0.3
-22.942242,-43.18133,0.3
-21.2100042,-41.8950075,0.3
-21.1303433,-42.36915219999999,0.3
-21.7615646,-41.3327626,0.3
-21.7571426,-41.3397655,0.3
-21.7619443,-41.3328344,0.3
-20.8544499,-41.1195766,0.3
-20.3156895,-40.2976143,0.3
-20.2746475,-40.28254889999999,0.3
-20.2948094,-40.2906688,0.3
-20.3113312,-40.290602,0.3
-20.3127263,-40.3007866,0.3
-20.7633608,-42.8905934,0.3
-21.203276,-41.892226,0.3
-20.6580857,-43.7851613,0.3
-19.9273635,-43.9429755,0.3
-19.929201,-43.9445402,0.3
-19.9248458,-43.9454984,0.3
-19.9361577,-43.9371775,0.3
-19.9762567,-43.9444798,0.3
-19.9701432,-43.9555225,0.3
-19.9342364,-43.9467348,0.3
-19.9383117,-43.9336441,0.3
-20.4059798,-42.8909955,0.3
-20.2969908,-40.2916081,0.3
-20.2962578,-40.2910558,0.3
-20.3124649,-40.3049937,0.3
-20.1944911,-40.2565549,0.3
-20.2948094,-40.2906688,0.3
-20.3045203,-40.3003855,0.3
-19.4486772,-44.2453099,0.3
-20.1353436,-44.8954244,0.3
-19.9691587,-44.1974181,0.3
-19.8047499,-43.97559450000001,0.3
-19.9301744,-43.9407684,0.3
-19.93863,-43.9344659,0.3
-19.9385445,-43.9414648,0.3
-16.7285412,-43.8803331,0.3
-19.9324431,-43.9262144,0.3
-19.9285965,-43.94992420000001,0.3
-19.9388714,-43.9332078,0.3
-19.9391601,-43.9406943,0.3
-19.9389793,-43.9276591,0.3
-19.9379942,-43.9373752,0.3
-19.9286403,-43.9396925,0.3
-19.9311389,-43.9348176,0.3
-19.9344871,-43.9283672,0.3
-19.9391775,-43.9387292,0.3
-19.98338,-43.9460494,0.3
-19.504859,-42.5718367,0.3
-20.2948609,-40.2924681,0.3
-20.2740014,-40.2975167,0.3
-20.3714573,-40.316612,0.3
-20.3139888,-40.2941273,0.3
-18.7571293,-40.8898078,0.3
-18.9063805,-41.9623539,0.3
-19.536988,-40.630577,0.3
-19.4673337,-42.5585309,0.3
-19.7234229,-40.6955747,0.3
-19.3982939,-40.0592963,0.3
-19.8642236,-43.9811201,0.3
-19.935697,-43.92867409999999,0.3
-19.9385445,-43.9414648,0.3
-18.7368345,-39.7510136,0.3
-20.2548563,-40.2646422,0.3
-19.3172542,-46.0500646,0.3
-17.413037,-39.2049463,0.3
-19.967583,-43.9550586,0.3
-19.9323003,-44.001612,0.3
-19.9187005,-43.939269,0.3
-19.9360485,-43.9340735,0.3
-19.8994344,-44.0952407,0.3
-12.9781538,-38.4556879,0.3
-12.9795738,-38.4563474,0.3
-14.8543401,-40.83375909999999,0.3
-12.9870459,-38.4487232,0.3
-12.8998542,-38.4099378,0.3
-12.9400545,-38.4126497,0.3
-12.9878907,-38.4667412,0.3
-12.9892581,-38.4485978,0.3
-12.9790622,-38.45793159999999,0.3
-12.9764126,-39.2666557,0.3
-12.982825,-38.4550444,0.3
-20.3113312,-40.290602,0.3
-20.3357634,-40.291351,0.3
-20.2798889,-40.3009546,0.3
-19.3928309,-40.0633601,0.3
-14.7896239,-39.0339085,0.3
-12.9845137,-38.4674343,0.3
-12.9698156,-38.5120243,0.3
-12.9707841,-38.5103104,0.3
-12.981328,-38.45422670000001,0.3
-12.8928991,-38.41079209999999,0.3
-12.9939571,-38.4807875,0.3
-12.9659203,-39.265016,0.3
-12.7862889,-38.3978966,0.3
-11.188429,-38.0015319,0.3
-10.9332101,-37.0552717,0.3
-10.9456486,-37.0604468,0.3
-10.9284006,-37.0563855,0.3
-10.946076,-37.0454373,0.3
-13.0003514,-38.45065049999999,0.3
-9.7471094,-36.6458891,0.3
-9.662411,-35.70784769999999,0.3
-9.651795600000002,-35.7069118,0.3
-10.9507557,-37.0659149,0.3
-8.269980799999999,-35.9738645,0.3
-8.1199387,-34.9016818,0.3
-8.086827099999999,-34.8942267,0.3
-8.0888557,-34.8837805,0.3
-9.6528609,-35.7210649,0.3
-8.0897957,-34.8821121,0.3
-7.103125599999999,-34.8474591,0.3
-8.2921198,-35.9447449,0.3
-12.9868004,-38.4501181,0.3
-12.996526,-38.493793,0.3
-12.9790216,-38.4583762,0.3
-12.9666974,-38.5089919,0.3
-12.8843616,-38.2921502,0.3
-12.9195969,-38.35575499999999,0.3
-12.9872244,-38.4604024,0.3
-7.9800788,-34.8395925,0.3
-8.2761251,-35.9667544,0.3
-8.0885204,-34.8842281,0.3
-8.054966499999999,-34.9112046,0.3
-7.1201345,-34.8745131,0.3
-8.0855433,-34.8898077,0.3
-8.0648945,-34.8966831,0.3
-7.118144000000001,-34.8372107,0.3
-8.0335451,-34.9102575,0.3
-8.0926885,-34.883266,0.3
-8.281246099999999,-35.9707456,0.3
-10.9313838,-37.0536777,0.3
-7.030423300000001,-37.27797290000001,0.3
-12.2232555,-38.9829015,0.3
-5.8357788,-35.2256543,0.3
-5.7867007,-35.1961829,0.3
-5.8172498,-35.2071681,0.3
-5.793913499999999,-35.2019565,0.3
-5.815556,-35.2147116,0.3
-7.1138305,-34.8252298,0.3
-3.7437008,-38.5010471,0.3
-3.7374113,-38.4992817,0.3
-3.7340637,-38.49696480000001,0.3
-3.7459788,-38.473779,0.3
-3.7428587,-38.5001439,0.3
-3.7329195,-38.5228852,0.3
-3.733895,-38.496814,0.3
-3.7364494,-38.4987434,0.3
-3.7344259,-38.5049009,0.3
-3.7554668,-38.6232561,0.3
-3.7374113,-38.4992817,0.3
-3.7535016,-38.490631,0.3
-3.7883878,-38.4885722,0.3
-3.7364548,-38.5637559,0.3
-8.0605446,-34.8809615,0.3
-8.064807199999999,-34.8783217,0.3
-7.2266271,-35.880018,0.3
-7.987728499999999,-34.8387258,0.3
-8.0433065,-34.8882662,0.3
-8.1228012,-34.9041811,0.3
-8.1209787,-34.9057883,0.3
-8.1561072,-34.9155854,0.3
-8.0641737,-34.9057969,0.3
-8.116932499999999,-34.9011809,0.3
-8.1252292,-34.9152852,0.3
-4.260813199999999,-38.935596,0.3
-3.7952854,-38.4957473,0.3
-10.9341578,-37.0619243,0.3
-5.789913599999999,-35.1996743,0.3
-7.2172443,-35.8853522,0.3
-3.7332644,-38.5093301,0.3
-3.8356923,-38.40260660000001,0.3
-4.182842,-38.1300479,0.3
-3.7448697,-38.4836987,0.3
-3.7396344,-38.4881501,0.3
-3.8047545,-38.4811864,0.3
-3.7240068,-38.5101096,0.3
-8.2945817,-35.0268428,0.3
-8.0913716,-34.9164519,0.3
-7.8439687,-35.25594299999999,0.3
-8.1895744,-34.9197782,0.3
-7.097669799999999,-34.8342971,0.3
-7.9021112,-34.8264004,0.3
-3.687807,-40.3640061,0.3
-2.750039,-42.8276301,0.3
-2.5544671,-44.2224156,0.3
-6.6869169,-35.4427937,0.3
-5.0646016,-42.7748777,0.3
-5.036426,-42.7674061,0.3
-2.5188274,-45.078323,0.3
-2.501373,-44.2886418,0.3
-5.0854784,-42.76730320000001,0.3
-1.4522141,-48.4877583,0.3
-5.0774085,-42.7967002,0.3
-3.7955092,-38.4848813,0.3
-3.9068724,-38.386583,0.3
-3.8676081,-38.5008726,0.3
-2.4987467,-44.2846237,0.3
-1.4579163,-48.4785596,0.3
-5.5224068,-47.4896274,0.3
-1.2884047,-47.9277746,0.3
-1.441233,-48.4924973,0.3
-3.7356739,-38.5604967,0.3
-3.742716299999999,-38.6103934,0.3
-3.6897518,-40.3533373,0.3
-1.4556572,-48.4920908,0.3
-1.4581489,-48.50427879999999,0.3
-1.4457381,-48.4859034,0.3
-1.4366301,-48.4574959,0.3
-1.4394406,-48.4884393,0.3
-1.4361182,-48.484735,0.3
-3.1319784,-60.02463830000001,0.3
-3.0570537,-59.9948327,0.3
-4.2626963,-55.9877526,0.3
-3.1050366,-60.022392,0.3
-2.997028,-59.97918499999999,0.3
-11.8709814,-55.5043961,0.3
-11.8651531,-55.5006898,0.3
-3.1084623,-60.012623,0.3
-3.1039344,-60.01036490000001,0.3
-8.760855300000001,-63.8897465,0.3
-13.0778999,-55.9423583,0.3
-13.0789378,-55.9112942,0.3
-3.0621252,-59.9953132,0.3
-3.1108025,-60.0235413,0.3
-3.1007941,-60.0100766,0.3
-12.565309,-55.7223734,0.3
-9.9468583,-67.8786454,0.3
-9.9660994,-67.80199929999999,0.3
-9.9697061,-67.8213378,0.3
-8.757106,-63.90747229999999,0.3
-8.7586985,-63.9018544,0.3
-8.768985599999999,-63.8825276,0.3
-8.7573254,-63.8663397,0.3
-8.7576184,-63.89695560000001,0.3
-13.0757474,-55.9402762,0.3
-13.0591973,-55.9144058,0.3
-15.6540508,-56.1236785,0.3
-15.6269742,-56.0663314,0.3
-13.0556107,-55.9188668,0.3
-15.5877263,-56.0834566,0.3
-15.555247,-54.3012538,0.3
-16.478593,-54.616788,0.3
-16.4726315,-54.6320088,0.3
-15.5949419,-56.11988909999999,0.3
-15.8213076,-47.9807405,0.3
-15.7917014,-47.9136163,0.3
-16.7073159,-49.2773008,0.3
-16.6862385,-49.2707267,0.3
-16.69558,-49.2918855,0.3
-16.7426887,-49.2936891,0.3
-15.7928176,-47.9099635,0.3
-15.7874548,-47.9144023,0.3
-15.7917014,-47.9136163,0.3
-15.809975,-48.0939452,0.3
-15.7868263,-47.8891917,0.3
-16.6755898,-49.2529894,0.3
-16.6354679,-49.272585,0.3
-16.7138598,-49.27076810000001,0.3
-15.8513019,-47.900985,0.3
-16.7661945,-47.608126,0.3
-17.6342711,-47.7773256,0.3
-15.8034572,-47.8807415,0.3
-15.7536989,-47.8895779,0.3
-15.7570178,-47.8836321,0.3
-15.7877168,-47.8823618,0.3
-15.8405589,-48.02727609999999,0.3
-15.8417849,-48.0295303,0.3
-15.7968658,-47.8907408,0.3
-15.7880547,-47.8797564,0.3
-18.1644964,-47.9323141,0.3
-16.6488964,-49.1565948,0.3
-16.7043871,-49.2403026,0.3
-15.8151993,-47.9659718,0.3
-15.7908684,-47.88505019999999,0.3
-16.6971377,-49.2557137,0.3
-16.7212003,-49.2730472,0.3
-18.9281806,-48.2799078,0.3
-18.8963517,-48.2516615,0.3
-18.9256717,-48.2277928,0.3
-18.65424,-48.1966691,0.3
-15.7835077,-47.8780511,0.3
-16.7205591,-49.3019649,0.3
-16.7130533,-49.2771577,0.3
-16.7131469,-49.2667717,0.3
-16.7697633,-49.3343715,0.3
-16.6822171,-50.4641034,0.3
-18.9104697,-48.32358869999999,0.3
-16.3241786,-48.9663672,0.3
-15.8316462,-48.0411298,0.3
-16.7150021,-49.2668806,0.3
-16.6872848,-49.2126002,0.3
-16.7094952,-49.3208358,0.3
-16.7205308,-49.285351,0.3
-19.7372453,-47.9401225,0.3
-26.2495529,-49.384865,0.3
-23.3113591,-51.16583060000001,0.3
-23.3175728,-51.1460942,0.3
-23.5452203,-47.4667951,0.3
-23.5216982,-47.4688267,0.3
-23.500121,-47.4546897,0.3
-23.5147899,-47.4619029,0.3
-23.4758424,-47.4272885,0.3
-23.5269102,-47.470468,0.3
-23.4977422,-47.4658959,0.3
-23.514299,-47.46232,0.3
-23.5120801,-47.4589227,0.3
-23.5087559,-47.47016670000001,0.3
-23.3017426,-51.1783923,0.3
-23.511102,-47.4349291,0.3
-23.3086432,-51.1665155,0.3
-26.0776206,-53.0623002,0.3
-25.7430758,-53.0560714,0.3
-26.7667447,-53.1765287,0.3
-26.9595122,-52.5344069,0.3
-23.2017692,-47.29412689999999,0.3
-23.6036933,-46.7641028,0.3
-23.584433,-46.6818642,0.3
-23.5776167,-46.6730726,0.3
-24.9544622,-53.4598033,0.3
-24.9505957,-53.4637494,0.3
-24.7229122,-53.738589,0.3
-24.9556072,-53.471779,0.3
-25.2969332,-54.09669539999999,0.3
-24.9621905,-53.4825331,0.3
-26.2270031,-52.6698227,0.3
-26.7277074,-53.5158964,0.3
-26.0815088,-53.0508046,0.3
-25.7585558,-53.0568835,0.3
-24.2785989,-53.84043089999999,0.3
-24.539794,-52.9915685,0.3
-25.3487878,-51.4739545,0.3
-25.3891835,-51.4709245,0.3
-23.5930133,-46.6017857,0.3
-23.7113736,-46.4115249,0.3
-23.1086768,-45.7035034,0.3
-23.2087026,-45.9084349,0.3
-23.5506502,-46.594682,0.3
-23.6914012,-46.5492155,0.3
-23.5632284,-46.4693626,0.3
-23.6079229,-46.48051330000001,0.3
-23.5942185,-46.6097006,0.3
-23.5640543,-46.5623189,0.3
-23.5487344,-46.6320555,0.3
-23.5575035,-46.599878,0.3
-23.5456667,-46.6361053,0.3
-23.5460143,-46.6351421,0.3
-23.5142515,-46.19811259999999,0.3
-23.533589,-46.2144531,0.3
-23.710677,-46.4131921,0.3
-23.5264921,-46.2004958,0.3
-23.5426882,-46.2376936,0.3
-23.3998212,-46.3940764,0.3
-23.5606405,-46.4643285,0.3
-22.7056007,-46.7634357,0.3
-22.701692,-46.7597654,0.3
-23.59139,-46.6320573,0.3
-23.5402828,-46.56584369999999,0.3
-23.5954967,-46.6362695,0.3
-23.5417496,-46.5593049,0.3
-23.5468831,-46.636752,0.3
-23.5735061,-46.4779593,0.3
-23.6914785,-46.54954860000001,0.3
-23.5631366,-46.6379172,0.3
-23.1952399,-45.8929205,0.3
-23.2199841,-45.9106168,0.3
-23.5311511,-46.4316651,0.3
-22.806158,-45.2044126,0.3
-22.117982,-45.0543874,0.3
-22.52061,-44.10402699999999,0.3
-22.9889178,-43.3595726,0.3
-22.5060773,-44.0899735,0.3
-22.9180849,-43.3768075,0.3
-22.9994579,-43.3482064,0.3
-22.9842841,-43.6935519,0.3
-23.0009852,-43.343723,0.3
-23.00343,-43.32549059999999,0.3
-19.861867,-43.967736,0.3
-19.627216,-43.8949491,0.3
-23.0037324,-43.3263122,0.3
-22.9849673,-43.3587183,0.3
-23.0033062,-43.3219443,0.3
-22.9860249,-43.2276253,0.3
-22.9850949,-43.22649879999999,0.3
-14.8580335,-40.8344683,0.3
-19.9384325,-43.9408777,0.3
-19.9330805,-43.9357278,0.3
-19.9282617,-43.9511559,0.3
-19.4684032,-44.2492621,0.3
-19.9316915,-43.9361054,0.3
-19.9264586,-43.9296051,0.3
-19.9152203,-44.0805427,0.3
-19.9377761,-43.9437477,0.3
-19.8884087,-43.9969018,0.3
-9.3960186,-40.4969815,0.3
-9.4176203,-40.5023004,0.3
-9.402630499999999,-40.49998799999999,0.3
-19.925539,-43.9192712,0.3
-19.9381976,-43.9330955,0.3
-19.9308546,-43.9323588,0.3
-19.9542741,-43.9600593,0.3
-19.8465441,-43.9858622,0.3
-19.934397,-43.9319219,0.3
-19.9256365,-43.9394875,0.3
-7.200419199999999,-39.3200886,0.3
-7.2465752,-39.3137731,0.3
-7.239202700000001,-39.4220584,0.3
-7.2671154,-39.3220936,0.3
-7.252746699999999,-39.31762,0.3
-10.1845655,-48.3330539,0.3
-29.683208,-51.1271059,0.3
-30.0290172,-51.2335944,0.3
-30.0500824,-51.2277985,0.3
-30.03475,-51.18601,0.3
-30.0279068,-51.1679962,0.3
-29.16813299999999,-51.1839897,0.3
-21.7601558,-41.3317355,0.3
-22.8202362,-43.0396019,0.3
-22.9037203,-43.110723,0.3
-22.9033863,-43.1168814,0.3
-27.5959682,-48.5520284,0.3
-20.3398345,-40.2839686,0.3
-20.3021739,-40.292247,0.3
-12.9912322,-38.5247946,0.3
-12.9989715,-38.5224458,0.3
-13.0079754,-38.5157147,0.3
-13.0094595,-38.4658398,0.3
-12.9789936,-38.4623716,0.3
-12.882086,-38.3037056,0.3
-10.9350304,-37.052305,0.3
-9.6601985,-35.6980463,0.3
-8.037428499999999,-34.8752719,0.3
-8.125032299999999,-34.8993468,0.3
-5.793494099999999,-35.1983662,0.3
-3.7396344,-38.4881501,0.3
-3.7396344,-38.4881501,0.3
-5.0701712,-42.79128679999999,0.3
-2.4873688,-44.24483,0.3
-1.4487826,-48.486965,0.3
-15.7893902,-47.8898912,0.3
-18.9208407,-48.2776414,0.3
-21.7626953,-43.349568,0.3
-19.926536,-43.9363434,0.3
-22.2247885,-49.93240489999999,0.3
-22.3361411,-49.06841319999999,0.3
-22.7144748,-47.63769689999999,0.3
-22.7247277,-47.6495924,0.3
-22.5619336,-47.4022911,0.3
-22.7395516,-47.3320898,0.3
-23.3135702,-51.165851,0.3
-20.4600017,-54.6154717,0.3
-22.1192485,-51.3913479,0.3
-20.8159444,-49.3925695,0.3
-20.8157853,-49.3797007,0.3
-16.6771642,-49.2677763,0.3
-15.8098606,-47.9023968,0.3
-15.7972332,-47.8940017,0.3
-19.9339586,-43.9460877,0.3
-19.935376,-43.942023,0.3
-19.9366749,-43.9348488,0.3
-15.5893814,-56.1086243,0.3
-21.1884474,-47.8071304,0.3
-23.084424,-47.20171089999999,0.3
-3.1126109,-60.02341989999999,0.3
-22.5101339,-43.1838346,0.3
-16.3254828,-48.9563575,0.3
-22.8935293,-47.0648466,0.3
-22.9038526,-47.06060180000001,0.3
-22.8841423,-47.05347450000001,0.3
-22.9749546,-46.9993238,0.3
-22.8998763,-47.0545249,0.3
-25.4376935,-49.2813384,0.3
-25.4318312,-49.26985149999999,0.3
-25.1154118,-50.171383,0.3
-26.9230744,-49.0638004,0.3
-23.3123212,-51.165851,0.3
-27.0968103,-52.61681429999999,0.3
-24.9547022,-53.4520847,0.3
-27.5954565,-48.5488179,0.3
-23.50081,-47.4576544,0.3
-22.337943,-49.0673571,0.3
-22.2182105,-49.9482915,0.3
-23.5580091,-46.6598234,0.3
-28.6814533,-49.3648818,0.3
-23.6429564,-46.69961869999999,0.3
-29.2236948,-51.3453279,0.3
-29.6816377,-51.12709539999999,0.3
-30.0283306,-51.2042487,0.3
-23.4987434,-46.6246819,0.3
-23.5998828,-46.71526189999999,0.3
-23.6137258,-46.6377923,0.3
-23.5710639,-46.6435539,0.3
-23.5473073,-46.5730526,0.3
-23.5712396,-46.6902048,0.3
-23.7024265,-46.5519098,0.3
-23.49633,-46.8481807,0.3
-23.5575116,-46.6005891,0.3
-23.580244,-46.6857751,0.3
-23.5228528,-46.70350310000001,0.3
-23.544181,-46.666193,0.3
-23.5855365,-46.67712090000001,0.3
-23.186286,-46.8848396,0.3
-23.9369279,-46.326921,0.3
-23.6145219,-46.57259089999999,0.3
-22.9059884,-47.0595846,0.3
-23.6041371,-46.663141,0.3
-23.5447164,-46.6576573,0.3
-22.8936377,-47.0565252,0.3
-23.578571,-46.6937365,0.3
-23.5240059,-46.194993,0.3
-23.661393,-46.524931,0.3
-23.4669375,-46.5303193,0.3
-21.2058881,-50.4376391,0.3
-20.8136994,-49.3835228,0.3
-23.0260414,-45.5810468,0.3
-25.4726045,-49.29559339999999,0.3
-23.5262675,-46.6889797,0.3
-23.5898704,-46.6802449,0.3
-22.9994579,-43.3482064,0.3
-19.9272283,-43.9364137,0.3
-22.948682,-43.1826996,0.3
-22.9842632,-43.2022804,0.3
-22.901218,-43.17701900000001,0.3
-22.9061237,-43.11220540000001,0.3
-21.1742323,-47.8090256,0.3
-21.1760164,-47.811741,0.3
-18.9171096,-48.276647,0.3
-16.6837192,-49.2662955,0.3
-12.971189,-38.5133585,0.3
-12.9790846,-38.454463,0.3
-16.6958798,-49.2724225,0.3
-20.4598567,-54.6151075,0.3
-3.1358502,-60.02138549999999,0.3
-1.4527119,-48.48118110000001,0.3
-3.735930599999999,-38.500221,0.3
-7.1192369,-34.8462351,0.3
-5.8081331,-35.2094291,0.3
-8.0622794,-34.8968555,0.3
-8.1171242,-34.8954872,0.3
-9.6639105,-35.73627949999999,0.3
-23.6332819,-46.73113559999999,0.3
-23.5973864,-46.6865837,0.3
-5.809839999999999,-35.2092451,0.3
-23.6047547,-46.66290670000001,0.3
-30.0279409,-51.1691189,0.3
-23.5530855,-46.5661898,0.3
-21.1873752,-47.8085887,0.3
-20.461262,-54.6152789,0.3
-23.5496276,-46.6594072,0.3
-22.725104,-47.64962999999999,0.3
-23.5658293,-46.6681634,0.3
-22.9092795,-43.1743602,0.3
-23.5925066,-46.6014367,0.3
-23.6617844,-46.5242515,0.3
-23.6111834,-46.6960925,0.3
-22.3373898,-49.0675904,0.3
-21.7450745,-43.3529642,0.3
-23.5532587,-46.7100454,0.3
-29.1676871,-51.182081,0.3
-23.6360311,-46.6946136,0.3
-23.5907135,-46.6809776,0.3
-15.5960849,-56.096798,0.3
-3.7396344,-38.4881501,0.3
-23.5447116,-46.5731382,0.3
-14.8540605,-40.8379872,0.3
-25.452759,-49.2787714,0.3
-23.4980492,-46.8544127,0.3
-30.02983069999999,-51.2010709,0.3
-23.5893542,-46.61043979999999,0.3
-23.9676896,-46.3320231,0.3
-20.8171852,-49.387173,0.3
-23.5784064,-46.68589919999999,0.3
-23.5640715,-46.5971818,0.3
-23.5897696,-46.6696849,0.3
-23.3107084,-51.1658273,0.3
-23.5436328,-46.6659882,0.3
-22.9693884,-43.18527110000001,0.3
-22.8998923,-47.0524863,0.3
-7.1198884,-34.8459232,0.3
-23.9553847,-46.3264593,0.3
-18.916501,-48.2742157,0.3
-23.1863323,-46.8840949,0.3
-22.9123325,-43.2062607,0.3
-3.1065368,-60.0128468,0.3
-19.9398465,-43.9358139,0.3
-23.5472013,-46.6343211,0.3
-25.4383362,-49.28133099999999,0.3
-23.5639436,-46.7531452,0.3
-23.4680873,-46.53014100000001,0.3
-23.5805093,-46.68539490000001,0.3
-23.5837105,-46.6374421,0.3
-24.3317967,-50.6265337,0.3
-21.7596059,-41.333624,0.3
-10.9350732,-37.0521985,0.3
-22.8195421,-47.0723793,0.3
-23.5972674,-46.6424805,0.3
-23.6239074,-46.6836178,0.3
-19.9335266,-43.95090709999999,0.3
-22.9252612,-43.22630170000001,0.3
-30.0288201,-51.22886700000001,0.3
-27.588666,-48.5573413,0.3
-22.4023396,-41.7965992,0.3
-20.3046193,-40.29318620000001,0.3
-22.905623,-43.1083151,0.3
-22.8964349,-47.0672359,0.3
-9.6573549,-35.6988405,0.3
-23.1855187,-45.8863764,0.3
-8.1140905,-34.8981126,0.3
-23.5487644,-46.6336911,0.3
-22.2180672,-49.9484434,0.3
-19.7503378,-47.9332499,0.3
-19.153931,-45.452304,0.3
-26.2997504,-48.84803309999999,0.3
-23.5672775,-46.650124,0.3
-22.9071445,-47.0583975,0.3
-22.9018555,-43.1791042,0.3
-22.9527988,-43.1884987,0.3
-8.0486357,-34.8935303,0.3
-13.0093519,-38.5288696,0.3
-23.5390288,-46.6753221,0.3
-23.5706753,-46.6443046,0.3
-13.0057414,-38.4590575,0.3
-23.5574803,-46.6594035,0.3
-23.570188,-46.6805315,0.3
-23.6140517,-46.5705521,0.3
-19.9462577,-43.9215348,0.3
-23.0009209,-43.3478293,0.3
-16.6822977,-49.2665332,0.3
-22.9786553,-49.8808683,0.3
-23.0887809,-48.9231814,0.3
-22.3328863,-49.0678107,0.3
-22.3382446,-49.0708967,0.3
-22.3402255,-49.0627547,0.3
-22.6620547,-50.4164239,0.3
-22.2965204,-48.5562074,0.3
-22.8891726,-48.463161,0.3
-22.194522,-49.96250509999999,0.3
-22.3391337,-49.0667799,0.3
-22.7227743,-47.6471701,0.3
-22.2201925,-49.9437918,0.3
-22.7187745,-47.6457643,0.3
-23.5322798,-47.4658189,0.3
-22.0240047,-47.8907667,0.3
-25.434749,-49.2787093,0.3
-22.6082545,-48.8047225,0.3
-22.8496079,-47.083491,0.3
-22.8788999,-47.0539908,0.3
-22.8569037,-47.055223,0.3
-22.9050115,-47.0597844,0.3
-22.3563686,-47.38939020000001,0.3
-23.1080375,-47.7130527,0.3
-22.7260366,-47.63842289999999,0.3
-22.8933395,-47.0884522,0.3
-22.9016166,-47.0451747,0.3
-22.3542414,-47.383835,0.3
-22.5689949,-47.4031545,0.3
-22.3851901,-46.9430209,0.3
-23.0847649,-47.1841655,0.3
-22.3559385,-47.3897134,0.3
-22.8474826,-47.085793,0.3
-23.2199618,-45.91059689999999,0.3
-23.1999071,-45.8834485,0.3
-23.2237847,-45.8890144,0.3
-23.2246649,-45.910188,0.3
-23.2138469,-45.9093664,0.3
-23.2656619,-45.9383422,0.3
-23.2157293,-45.9095397,0.3
-23.5235148,-46.1963753,0.3
-23.221346,-45.910705,0.3
-23.9787216,-46.309005,0.3
-23.9809304,-46.2988577,0.3
-23.6209359,-46.5280537,0.3
-23.562184,-46.6550358,0.3
-23.5472722,-46.5569987,0.3
-23.5667203,-46.6524286,0.3
-23.5692422,-46.6486111,0.3
-23.3301665,-51.178355,0.3
-23.3171341,-51.1798297,0.3