linha_origem;name;endereco_original;lat_original;lng_original;lat_corrigida;lng_corrigida;cidade;uf;cep;endereco_para_dsp
2;APJ OURINHOS;19908-095 Av. Luiz Saldanha Rodrigues 2675 VILA SANTOS DUMONT SP Ourinhos;-229.753.965;-498.961.345;-22.975396;-49.896135;Ourinhos;SP;19908095;Av Luiz Saldanha Rodrigues 2675 VILA SANTOS DUMONT Ourinhos SP 19908095 Brazil
3;APPLAUSO BOTUCATU;18608-393 Avenida Deputado Dante Delmanto 1510 Vila Paulista SP Botucatu;-228.688.945;-484.622.131;-22.868894;-48.462213;Botucatu;SP;18608393;Avenida Deputado Dante Delmanto 1510 Vila Paulista Botucatu SP 18608393 Brazil
4;APPLAUSO ITAPETININGA;18213-145 Rua José de Almeida Carvalho 1240 Vila Leonor SP Itapetininga;-235.784.215;-480.268.279;-23.578422;-48.026828;Itapetininga;SP;18213145;Rua Jose de Almeida Carvalho 1240 Vila Leonor Itapetininga SP 18213145 Brazil
5;APPLAUSO ITU;13301-000 Avenida Doutor Otaviano Pereira Mendes 687 Liberdade SP Itu;-23.259.555;-472.982.898;-23.259555;-47.29829;Itu;SP;13301000;Avenida Doutor Otaviano Pereira Mendes 687 Liberdade Itu SP 13301000 Brazil
6;APPLAUSO TATUI;18277-000 Rua Onze de Agosto 3680 CENTRO SP Tatuí;-233.591.006;-478.813.515;-23.359101;-47.881352;Tatuí;SP;18277000;Rua Onze de Agosto 3680 CENTRO Tatui SP 18277000 Brazil
7;ARMANDO SANTO ANDRE;09080-111 Av. D. Pedro II 2449 CAMPESTRE SP Santo André;-236.359.615;-465.441.356;-23.635962;-46.544136;Santo André;SP;09080111;Av D Pedro II 2449 CAMPESTRE Santo Andre SP 09080111 Brazil
8;AUTO ORIENTE CABEDELO;58102-660 Rua Hortência Helena A. Brito 319 Jardim America PB Cabedelo;-70.719.683;-348.490.985;-7.071968;-34.849098;Cabedelo;PB;58102660;Rua Hortencia Helena A Brito 319 Jardim America Cabedelo PB 58102660 Brazil
9;AUTO ORIENTE CARUARU;55034-180 Avenida José Pinheiro dos Santos 658 Pinheirópolis PE Caruaru;-8.296.002.399.999.990;-359.868.462;-8.296002;-35.986846;Caruaru;PE;55034180;Avenida Jose Pinheiro dos Santos 658 Pinheiropolis Caruaru PE 55034180 Brazil
10;AUTO ORIENTE JOÃO PESSOA;58041-006 Avenida Presidente Epitácio Pessoa 1758 Expedicionários PB João Pessoa;-7.120.055;-348.546.712;-7.120055;-34.854671;João Pessoa;PB;58041006;Avenida Presidente Epitacio Pessoa 1758 Expedicionarios Joao Pessoa PB 58041006 Brazil
11;AUTO ORIENTE OLINDA;53030-010 Avenida Presidente Getúlio Vargas 1058 Bairro Novo PE Olinda;-8.001.551.899.999.990;-348.400.947;-8.001552;-34.840095;Olinda;PE;53030010;Avenida Presidente Getulio Vargas 1058 Bairro Novo Olinda PE 53030010 Brazil
12;AUTO ORIENTE RECIFE;52021-000 Avenida Norte Miguel Arraes de Alencar 1925 Espinheiro PE Recife;-80.399.642;-348.880.639;-8.039964;-34.888064;Recife;PE;52021000;Avenida Norte Miguel Arraes de Alencar 1925 Espinheiro Recife PE 52021000 Brazil
13;BARIGUI BRUSQUE;88352-500 Rodovia Antônio Heil 202 Centro SC Brusque;-270.157.628;-488.331.509;-27.015763;-48.833151;Brusque;SC;88352500;Rodovia Antonio Heil 202 Centro Brusque SC 88352500 Brazil
14;BARIGUI GUARAPUAVA;85055-010 Avenida Manoel Ribas 4638 Conradinho PR Guarapuava;-253.678.507;-5.147.383.139.999.990;-25.367851;-51.473831;Guarapuava;PR;85055010;Avenida Manoel Ribas 4638 Conradinho Guarapuava PR 85055010 Brazil
15;BARIGUI PAROLIN;80220-350 Rua Antônio Parolin Júnior 120 Parolin PR Curitiba;-254.612.067;-492.566.441;-25.461207;-49.256644;Curitiba;PR;80220350;Rua Antonio Parolin Junior 120 Parolin Curitiba PR 80220350 Brazil
16;BARIGUI PARQUE;80710-000 Rua Padre Agostinho 3081 BIGORRILHO PR Curitiba;-254.354.005;-493.080.322;-25.435401;-49.308032;Curitiba;PR;80710000;Rua Padre Agostinho 3081 BIGORRILHO Curitiba PR 80710000 Brazil
17;BARIGUI PONTA GROSSA;84043-000 Avenida Visconde de Mauá 3010 Colônia Dona Luíza PR Ponta Grossa;-251.345.007;-501.543.227;-25.134501;-50.154323;Ponta Grossa;PR;84043000;Avenida Visconde de Maua 3010 Colonia Dona Luiza Ponta Grossa PR 84043000 Brazil
18;BENN PORTO VELHO;76806-640 Rua da Beira 5770 Floresta RO Porto Velho;-8.774.368.299.999.990;-638.793.099;-8.774368;-63.87931;Porto Velho;RO;76806640;Rua da Beira 5770 Floresta Porto Velho RO 76806640 Brazil
19;BENN RIO BRANCO;69906-150 Via Chico Mendes 1437 Vila do DNER AC Rio Branco;-99.902.353;-678.075.255;-9.990235;-67.807525;Rio Branco;AC;69906150;Via Chico Mendes 1437 Vila do DNER Rio Branco AC 69906150 Brazil
20;BONSAI CASCAVEL;85816-290 Av. Brasil 1952 GRAMADO PR Cascavel;-249.525.477;-535.057.225;-24.952548;-53.505722;Cascavel;PR;85816290;Av Brasil 1952 GRAMADO Cascavel PR 85816290 Brazil
21;BONSAI MARINGA;87040-365 Rua Gaspar Ricardo 234 ZONA 10 PR Maringá;-234.236.899;-5.191.181.599.999.990;-23.42369;-51.911816;Maringá;PR;87040365;Rua Gaspar Ricardo 234 ZONA 10 Maringa PR 87040365 Brazil
22;CANOPUS PRIMAVERA DO LESTE;78550-000 Rua Rio de Janeiro 2655 Cidade Primavera IV MT Primavera do Leste;-1.553.889;-542.944.665;-15.53889;-54.294466;Primavera do Leste;MT;78550000;Rua Rio de Janeiro 2655 Cidade Primavera IV Primavera do Leste MT 78550000 Brazil
23;CANOPUS RONDONÓPOLIS;78700-100 Rua Fernando Corrêa da Costa 340 Centro MT Rondonópolis;-164.721.869;-54.631.452;-16.472187;-54.631452;Rondonópolis;MT;78700100;Rua Fernando Correa da Costa 340 Centro Rondonopolis MT 78700100 Brazil
24;CARBEL AV BARAO HOMEM DE MELO;30494-270 Av. Barão Homem de Melo 3400 ESTORIL MG Belo Horizonte;-199.655.921;-439.610.686;-19.965592;-43.961069;Belo Horizonte;MG;30494270;Av Barao Homem de Melo 3400 ESTORIL Belo Horizonte MG 30494270 Brazil
25;CARBEL AV. DO CONTORNO;30110-067 Avenida do Contorno 10151 Barro Preto MG Belo Horizonte;-199.195.901;-439.569.121;-19.91959;-43.956912;Belo Horizonte;MG;30110067;Avenida do Contorno 10151 Barro Preto Belo Horizonte MG 30110067 Brazil
26;CARRERA ACELERA ARARAQUARA;14801-534 Avenida Rodrigo Fernando Grillo 2699 Jardim dos Manacás SP Araraquara;-217.861.705;-482.038.324;-21.786171;-48.203832;Araraquara;SP;14801534;Avenida Rodrigo Fernando Grillo 2699 Jardim dos Manacas Araraquara SP 14801534 Brazil
27;CARRERA ACELERA AV. SUMARÉ;05016-090 Avenida Sumaré 535 Perdizes SP São Paulo;-235.333.266;-466.747.403;-23.533327;-46.67474;São Paulo;SP;05016090;Avenida Sumare 535 Perdizes Sao Paulo SP 05016090 Brazil
28;CARRERA ACELERA BUTANTÃ;05533-000 Avenida Eliseu de Almeida 715 Instituto de Previdência SP São Paulo;-235.790.712;-467.174.281;-23.579071;-46.717428;São Paulo;SP;05533000;Avenida Eliseu de Almeida 715 Instituto de Previdencia Sao Paulo SP 05533000 Brazil
29;CARRERA ACELERA CATANDUVA;15800-031 Av. Deputado Orlando Zacaner 1095 Jardim Clélia SP Catanduva;-211.488.611;-489.869.312;-21.148861;-48.986931;Catanduva;SP;15800031;Av Deputado Orlando Zacaner 1095 Jardim Clelia Catanduva SP 15800031 Brazil
30;CARRERA ACELERA COTIA;06707-000 Rodovia Raposo Tavares Granja Viana SP Cotia;-236.003.842;-469.028.354;-23.600384;-46.902835;Cotia;SP;06707000;Rodovia Raposo Tavares Granja Viana Cotia SP 06707000 Brazil
31;CARRERA ACELERA GUARATINGUETA;12505-300 Avenida Juscelino Kubitschek de Oliveira 1138 Campo do Galvão SP Guaratinguetá;-2.281.592;-4.520.229;-22.81592;-45.20229;Guaratinguetá;SP;12505300;Avenida Juscelino Kubitschek de Oliveira 1138 Campo do Galvao Guaratingueta SP 12505300 Brazil
32;CARRERA ACELERA LAPA;05037-170 Avenida Comendador Martinelli 1506 Água Branca SP São Paulo;-235.100.292;-466.899.484;-23.510029;-46.689948;São Paulo;SP;05037170;Avenida Comendador Martinelli 1506 Agua Branca Sao Paulo SP 05037170 Brazil
33;CARRERA ACELERA MORUMBI;05724-001 Av. Giovanni Gronchi 3707 VILA ANDRADE SP São Paulo;-236.126.684;-467.287.675;-23.612668;-46.728767;São Paulo;SP;05724001;Av Giovanni Gronchi 3707 VILA ANDRADE Sao Paulo SP 05724001 Brazil
34;CARRERA ACELERA PINDAMONHANGABA;12421-681 Rua Alcides Ramos Nogueira 650 Nossa Senhora do Perpétuo Socorro SP Pindamonhangaba;-229.465.315;-454.803.094;-22.946531;-45.480309;Pindamonhangaba;SP;12421681;Rua Alcides Ramos Nogueira 650 Nossa Senhora do Perpetuo Socorro Pindamonhangaba SP 12421681 Brazil
35;CARRERA ACELERA SÃO CARLOS;13564-002 Avenida Francisco Pereira Lopes 1800 Parque Arnold Schimidt SP São Carlos;-220.061.725;-479.026.094;-22.006173;-47.902609;São Carlos;SP;13564002;Avenida Francisco Pereira Lopes 1800 Parque Arnold Schimidt Sao Carlos SP 13564002 Brazil
36;CARRERA ACELERA SÃO JOSÉ DOS CAMPOS;12246-840 Avenida Deputado Benedito Matarazzo 5051 Parque Residencial Aquarius SP São José dos Campos;-232.231.746;-4.590.435.069.999.990;-23.223175;-45.904351;São José dos Campos;SP;12246840;Avenida Deputado Benedito Matarazzo 5051 Parque Residencial Aquarius Sao Jose dos Campos SP 12246840 Brazil
37;CARRERA ACELERA TAUBATE;12041-078 Av. Charles Schnneider 1861 BARRANCO SP Taubaté;-230.249.016;-455.840.715;-23.024902;-45.584072;Taubaté;SP;12041078;Av Charles Schnneider 1861 BARRANCO Taubate SP 12041078 Brazil
38;CARRERA ACELERA VILA OLIMPIA;04550-002 Avenida Bandeirantes 1585 VILA OLÍMPIA SP São Paulo;-236.041.579;-466.793.797;-23.604158;-46.67938;São Paulo;SP;04550002;Avenida Bandeirantes 1585 VILA OLIMPIA Sao Paulo SP 04550002 Brazil
39;CARRERA ACELERA VOTUPORANGA;15500-051 Avenida Brasil 5043 São Judas Tadeu SP Votuporanga;-204.086.762;-499.767.824;-20.408676;-49.976782;Votuporanga;SP;15500051;Avenida Brasil 5043 Sao Judas Tadeu Votuporanga SP 15500051 Brazil
40;CICAL RIBEIRAO PRETO;14026-600 Avenida Doutor José Cezário Monteiro da Silva Filho 270 Nova Aliança SP Ribeirão Preto;-21.217.415;-4.781.783;-21.217415;-47.81783;Ribeirão Preto;SP;14026600;Avenida Doutor Jose Cezario Monteiro da Silva Filho 270 Nova Alianca Ribeirao Preto SP 14026600 Brazil
41;CICAL UBERLANDIA;38400-658 Rua Rio de Janeiro 359 BRASIL MG Uberlândia;-188.964.959;-482.605.863;-18.896496;-48.260586;Uberlândia;MG;38400658;Rua Rio de Janeiro 359 BRASIL Uberlandia MG 38400658 Brazil
42;COMERI GUARUJA;11430-001 Av. Adhemar de Barros 1007 VILA SANTO ANTONIO SP Guarujá;-239.917.159;-462.695.586;-23.991716;-46.269559;Guarujá;SP;11430001;Av Adhemar de Barros 1007 VILA SANTO ANTONIO Guaruja SP 11430001 Brazil
43;COMERI PRAIA GRANDE;11702-480 Av. Presidente Kennedy 2980 Aviacao SP Praia Grande;-240.100.102;-464.382.916;-24.01001;-46.438292;Praia Grande;SP;11702480;Av Presidente Kennedy 2980 Aviacao Praia Grande SP 11702480 Brazil
44;COMERI SANTOS;11015-201 Avenida Washington Luis 105 Vila Matias SP Santos;-239.462.835;-463.343.711;-23.946283;-46.334371;Santos;SP;11015201;Avenida Washington Luis 105 Vila Matias Santos SP 11015201 Brazil
45;DAHRUJ AMERICANA;13478-540 Avenida Nossa Senhora de Fátima 1041 Vila Israel SP Americana;-227.356.177;-473.158.226;-22.735618;-47.315823;Americana;SP;13478540;Avenida Nossa Senhora de Fatima 1041 Vila Israel Americana SP 13478540 Brazil
46;DAHRUJ BRAZ LEME;02511-000 Avenida Braz Leme 410 Casa Verde SP São Paulo;-235.112.752;-466.527.888;-23.511275;-46.652789;São Paulo;SP;02511000;Avenida Braz Leme 410 Casa Verde Sao Paulo SP 02511000 Brazil
47;DAHRUJ CAMPINAS;13090-615 Avenida José de Souza Campos 2256 Chácara da Barra SP Campinas;-228.859.365;-470.438.035;-22.885936;-47.043804;Campinas;SP;13090615;Avenida Jose de Souza Campos 2256 Chacara da Barra Campinas SP 13090615 Brazil
48;DAHRUJ INDAIATUBA;13338-705 Av. Presidente Vargas 3138 Vila Homero SP Indaiatuba;-230.866.168;-4.718.169.289.999.990;-23.086617;-47.181693;Indaiatuba;SP;13338705;Av Presidente Vargas 3138 Vila Homero Indaiatuba SP 13338705 Brazil
49;DAHRUJ JUNDIAI;13215-010 Av. Antonio Frederico Ozanan 3900 PONTE DE SÃO JOAO SP Jundiaí;-231.818.277;-468.773.013;-23.181828;-46.877301;Jundiaí;SP;13215010;Av Antonio Frederico Ozanan 3900 PONTE DE SAO JOAO Jundiai SP 13215010 Brazil
50;DAHRUJ LIMEIRA;13486-190 Avenida Major José Levy Sobrinho 2565 Jardim Nereide SP Limeira;-225.498.669;-473.795.316;-22.549867;-47.379532;Limeira;SP;13486190;Avenida Major Jose Levy Sobrinho 2565 Jardim Nereide Limeira SP 13486190 Brazil
51;DAHRUJ PIRACICABA;13420-355 Avenida Doutor Cássio Paschoal Padovani 861 Morumbi SP Piracicaba;-227.276.058;-476.195.242;-22.727606;-47.619524;Piracicaba;SP;13420355;Avenida Doutor Cassio Paschoal Padovani 861 Morumbi Piracicaba SP 13420355 Brazil
52;DAHRUJ VILA LEOPOLDINA;05314-000 Avenida Doutor Gastão Vidigal 1687 Vila Leopoldina SP São Paulo;-235.320.864;-4.673.569.639.999.990;-23.532086;-46.735696;São Paulo;SP;05314000;Avenida Doutor Gastao Vidigal 1687 Vila Leopoldina Sao Paulo SP 05314000 Brazil
53;DESTAQUE CARAGUATATUBA;11672-150 Rua Ministro Dilson Funaro 425 Pontal de Santa Marina SP Caraguatatuba;-23.648.041;-454.319.001;-23.648041;-45.4319;Caraguatatuba;SP;11672150;Rua Ministro Dilson Funaro 425 Pontal de Santa Marina Caraguatatuba SP 11672150 Brazil
54;DESTAQUE MOGI DAS CRUZES;08735-000 Av. Fernando Costa 863 CENTRO SP Mogi das Cruzes;-235.319.998;-462.078.841;-23.532;-46.207884;Mogi das Cruzes;SP;08735000;Av Fernando Costa 863 CENTRO Mogi das Cruzes SP 08735000 Brazil
55;DESTAQUE POA;08557-700 Rodovia João Afonso de Souza Castelano 2040 VILA LUCIA SP Poá;-235.097.041;-463.408.266;-23.509704;-46.340827;Poá;SP;08557700;Rodovia Joao Afonso de Souza Castelano 2040 VILA LUCIA Poa SP 08557700 Brazil
56;DINISA NITEROI;24350-310 Est. Francisco da Cruz Nunes 1482 PIRATININGA RJ Niterói;-229.291.882;-430.648.259;-22.929188;-43.064826;Niterói;RJ;24350310;Est Francisco da Cruz Nunes 1482 PIRATININGA Niteroi RJ 24350310 Brazil
57;DRSUL ARARANGUÁ;88900-000 477 SC Araranguá;-289.370.964;-494.840.256;-28.937096;-49.484026;Araranguá;SC;88900000;477 Ararangua SC 88900000 Brazil
58;DRSUL BENTO GONCALVES;95700-000 Rua Luiz Alegretti 373 LICORSUL RS Bento Gonçalves;-29.178.856;-515.310.508;-29.178856;-51.531051;Bento Gonçalves;RS;95700000;Rua Luiz Alegretti 373 LICORSUL Bento Goncalves RS 95700000 Brazil
59;DRSUL CAXIAS DO SUL;95054-030 Av. Rubens Bento Alves 492 SAGRADA FAMÍLIA RS Caxias do Sul;-291.530.731;-511.544.697;-29.153073;-51.15447;Caxias do Sul;RS;95054030;Av Rubens Bento Alves 492 SAGRADA FAMILIA Caxias do Sul RS 95054030 Brazil
60;DRSUL CRICIÚMA;88813-390 Avenida Jorge Elias de Lucca 85 Nossa Senhora da Salete SC Criciúma;-286.884.542;-493.400.896;-28.688454;-49.34009;Criciúma;SC;88813390;Avenida Jorge Elias de Lucca 85 Nossa Senhora da Salete Criciuma SC 88813390 Brazil
61;DRSUL IJUI;98700-000 Rod. BR 285 Hammarsfron RS Ijuí;-283.958.804;-538.969.032;-28.39588;-53.896903;Ijuí;RS;98700000;Rod BR 285 Hammarsfron Ijui RS 98700000 Brazil
62;DRSUL LAGES;88509501 Avenida Presidente Vargas 1494 Coral SC Lages;-278.104.274;-503.033.602;-27.810427;-50.30336;Lages;SC;88509501;Avenida Presidente Vargas 1494 Coral Lages SC 88509501 Brazil
63;DRSUL LAJEADO;99913-176 Estrada BR 386 1951 São Cristovão RS Lajeado;-29.453.735;-5.195.983.529.999.990;-29.453735;-51.959835;Lajeado;RS;99913176;Estrada BR 386 1951 Sao Cristovao Lajeado RS 99913176 Brazil
64;DRSUL RIO DO SUL;89163-020 Rodovia BR-470 7150 Canta Galo SC Rio do Sul;-272.027.554;-496.426.587;-27.202755;-49.642659;Rio do Sul;SC;89163020;Rodovia BR 470 7150 Canta Galo Rio do Sul SC 89163020 Brazil
65;DRSUL SANTA CRUZ DO SUL;96845-545 Rod BR 471- KM 56 3510 SCHULZ RS Santa Cruz do Sul;-297.153.084;-524.454.538;-29.715308;-52.445454;Santa Cruz do Sul;RS;96845545;Rod BR 471 KM 56 3510 SCHULZ Santa Cruz do Sul RS 96845545 Brazil
66;DUBAI MACAPA;68900-067 Rua Leopoldo Machado 1749 Central AP Macapá;0.0365384;-510.620.663;0.036538;-51.062066;Macapá;AP;68900067;Rua Leopoldo Machado 1749 Central Macapa AP 68900067 Brazil
67;EUROVIA PARALELA;41730-101 Avenida Luís Viana 6600 Paralela BA Salvador;-129.399.153;-384.105.405;-12.939915;-38.410541;Salvador;BA;41730101;Avenida Luis Viana 6600 Paralela Salvador BA 41730101 Brazil
68;EUROVIA AFOGADOS;50750-000 Estrada dos Remédios 1780 ILHA DO RETIRO PE Recife;-8.080.256.799.999.990;-349.066.444;-8.080257;-34.906644;Recife;PE;50750000;Estrada dos Remedios 1780 ILHA DO RETIRO Recife PE 50750000 Brazil
69;EUROVIA CAXANGA;50800-000 Avenida Caxangá 4210 Iputinga PE Recife;-8.038.138;-349.427.809;-8.038138;-34.942781;Recife;PE;50800000;Avenida Caxanga 4210 Iputinga Recife PE 50800000 Brazil
70;EUROVIA IMBIRIBEIRA;51180-001 Av. Marechal Mascarenhas de Moraes 2160 IMBIRIBEIRA PE Recife;-81.101.618;-3.491.266.299.999.990;-8.110162;-34.912663;Recife;PE;51180001;Av Marechal Mascarenhas de Moraes 2160 IMBIRIBEIRA Recife PE 51180001 Brazil
71;EUROVIA JABOATÃO DOS GUARARAPES;54330-000 Avenida Barreto de Menezes 697 Cajueiro Seco PE Jaboatão dos Guararapes;-8.169.146.399.999.990;-349.212.861;-8.169146;-34.921286;Jaboatão dos Guararapes;PE;54330000;Avenida Barreto de Menezes 697 Cajueiro Seco Jaboatao dos Guararapes PE 54330000 Brazil
72;EUROVIA LAURO DE FREITAS;42700-000 Av. Santos Dumont 2376 ITINGA BA Lauro de Freitas;-12.899.139;-38.331.622;-12.899139;-38.331622;Lauro de Freitas;BA;42700000;Av Santos Dumont 2376 ITINGA Lauro de Freitas BA 42700000 Brazil
73;EUROVIA SALVADOR;41950-000 Av. Antônio Carlos Magalhães 4925 IGUATEMI BA Salvador;-129.782.887;-384.738.118;-12.978289;-38.473812;Salvador;BA;41950000;Av Antonio Carlos Magalhaes 4925 IGUATEMI Salvador BA 41950000 Brazil
74;EUROVIA SALVADOR II;40295-140 Avenida Juracy Magalhães Júnior 1054 Horto Florestal BA Salvador;-13.005.955;-384.855.605;-13.005955;-38.48556;Salvador;BA;40295140;Avenida Juracy Magalhaes Junior 1054 Horto Florestal Salvador BA 40295140 Brazil
75;FORT AV. ROGACIANO LEITE;60810-786 Avenida Rogaciano Leite 688 Patriolino Ribeiro CE Fortaleza;-37.635.946;-3.849.481.189.999.990;-3.763595;-38.494812;Fortaleza;CE;60810786;Avenida Rogaciano Leite 688 Patriolino Ribeiro Fortaleza CE 60810786 Brazil
76;FORT FORTALEZA;60192-024 Av. Santos Dumont 7580 coco CE Fortaleza;-37.457.722;-384.690.107;-3.745772;-38.469011;Fortaleza;CE;60192024;Av Santos Dumont 7580 coco Fortaleza CE 60192024 Brazil
77;FORT JUAZEIRO;63050-423 Av. Padre Cícero 4747 São José CE Juazeiro do Norte;-7.227.830.200.000.000;-393.507.558;-7.22783;-39.350756;Juazeiro do Norte;CE;63050423;Av Padre Cicero 4747 Sao Jose Juazeiro do Norte CE 63050423 Brazil
78;FORT MOSSORO;59619-000 Avenida Lauro Monte 80 Abolição RN Mossoró;-51.711.263;-373.476.471;-5.171126;-37.347647;Mossoró;RN;59619000;Avenida Lauro Monte 80 Abolicao Mossoro RN 59619000 Brazil
79;GLOBO BALNEÁRIO CAMBORIÚ;88330-663 Av. do Estado Dalmo Vieira 5101 Centro SC Balneário Camboriú;-269.985.956;-4.864.528.929.999.990;-26.998596;-48.645289;Balneário Camboriú;SC;88330663;Av do Estado Dalmo Vieira 5101 Centro Balneario Camboriu SC 88330663 Brazil
80;GLOBO CURITIBA;80045-125 Rua XV de Novembro 2300 ALTO DA RUA XV PR Curitiba;-254.271.569;-49.251.912;-25.427157;-49.251912;Curitiba;PR;80045125;Rua XV de Novembro 2300 ALTO DA RUA XV Curitiba PR 80045125 Brazil
81;GLOBO FLORIANÓPOLIS;88070-800 Rua General Liberato Bittencourt 1475 Estreito SC Florianópolis;-275.868.887;-485.814.047;-27.586889;-48.581405;Florianópolis;SC;88070800;Rua General Liberato Bittencourt 1475 Estreito Florianopolis SC 88070800 Brazil
82;GLOBO ITAJAI;88306-000 Rod. Osvaldo Reis 460 FAZENDINHA SC Itajaí;-269.267.363;-486.470.726;-26.926736;-48.647073;Itajaí;SC;88306000;Rod Osvaldo Reis 460 FAZENDINHA Itajai SC 88306000 Brazil
83;GLOBO S J PINHAIS;83005-450 Av. das Torres 2344 SÃO PEDRO PR São José dos Pinhais;-255.434.301;-49.191.735;-25.54343;-49.191735;São José dos Pinhais;PR;83005450;Av das Torres 2344 SAO PEDRO Sao Jose dos Pinhais PR 83005450 Brazil
84;GLOBO SAO JOSE;88102-650 Rua Joaquim Vaz 1615 PRAIA COMPRIDA SC São José;-276.043.811;-48.622.301;-27.604381;-48.622301;São José;SC;88102650;Rua Joaquim Vaz 1615 PRAIA COMPRIDA Sao Jose SC 88102650 Brazil
85;GRAND PREMIER BRASILIA;71200-010 Sia Sul Trecho 02 Lotes 90 a 170 90 SETOR DE INDUSTRIA DF Brasília;-158.079.351;-479.621.832;-15.807935;-47.962183;Brasília;DF;71200010;Sia Sul Trecho 02 Lotes 90 a 170 90 SETOR DE INDUSTRIA Brasilia DF 71200010 Brazil
86;GRANJAPAN PETROLINA;56304-160 Av. Monsenhor Angelo Sampaio 218 CENTRO PE Petrolina;-93.949.237;-404.898.073;-9.394924;-40.489807;Petrolina;PE;56304160;Av Monsenhor Angelo Sampaio 218 CENTRO Petrolina PE 56304160 Brazil
87;IESA AV TARSO DUTRA;90690-140 Av. Senador Tarso Dutra 285 PETRÓPOLIS RS Porto Alegre;-300.413.102;-511.736.866;-30.04131;-51.173687;Porto Alegre;RS;90690140;Av Senador Tarso Dutra 285 PETROPOLIS Porto Alegre RS 90690140 Brazil
88;IESA AV. WENCESLAU ESCOBAR;91900-000 Avenida Wenceslau Escobar 1204 Cristal RS Porto Alegre;-3.010.114.299.999.990;-51.248.862;-30.101143;-51.248862;Porto Alegre;RS;91900000;Avenida Wenceslau Escobar 1204 Cristal Porto Alegre RS 91900000 Brazil
89;IESA CANOAS;92010-011 Av. Getúlio Vargas 6443 CENTRO RS Canoas;-299.084.609;-511.767.753;-29.908461;-51.176775;Canoas;RS;92010011;Av Getulio Vargas 6443 CENTRO Canoas RS 92010011 Brazil
90;IESA CHAPECÓ;89804-060 Rua Tiradentes 131 São Cristóvão SC Chapecó;-270.795.753;-526.248.635;-27.079575;-52.624863;Chapecó;SC;89804060;Rua Tiradentes 131 Sao Cristovao Chapeco SC 89804060 Brazil
91;IESA ERECHIM;99709-200 BR-153 15 Fátima RS Erechim;-276.531.132;-522.618.133;-27.653113;-52.261813;Erechim;RS;99709200;BR 153 15 Fatima Erechim RS 99709200 Brazil
92;IESA FLORIANÓPOLIS;88035000 Avenida Madre Benvenuta 687 Santa Mônica SC Florianópolis;-27.590.134;-485.148.157;-27.590134;-48.514816;Florianópolis;SC;88035000;Avenida Madre Benvenuta 687 Santa Monica Florianopolis SC 88035000 Brazil
93;IESA GRAVATAÍ;94090-720 Rodovia RS-020 110 Vera Cruz RS Gravataí;-299.293.725;-510.610.776;-29.929372;-51.061078;Gravataí;RS;94090720;Rodovia RS 020 110 Vera Cruz Gravatai RS 94090720 Brazil
94;IESA NOVO HAMBURGO;93334-300 Estrada BR 116 496 IDEAL RS Novo Hamburgo;-297.104.957;-511.473.361;-29.710496;-51.147336;Novo Hamburgo;RS;93334300;Estrada BR 116 496 IDEAL Novo Hamburgo RS 93334300 Brazil
95;IESA OSORIO;95520-000 Rodovia BR 101 1100 Centro RS Osório;-298.885.765;-502.765.752;-29.888576;-50.276575;Osório;RS;95520000;Rodovia BR 101 1100 Centro Osorio RS 95520000 Brazil
96;IESA SOUZA REIS;90240-650 Rua Souza Reis 365 São João RS Porto Alegre;-30.003.732;-511.896.693;-30.003732;-51.189669;Porto Alegre;RS;90240650;Rua Souza Reis 365 Sao Joao Porto Alegre RS 90240650 Brazil
97;IESA TUBARÃO;88708285 Rua Januário Corrêa Bittencourt 443 Vila Esperança SC Tubarão;-284.682.627;-490.120.563;-28.468263;-49.012056;Tubarão;SC;88708285;Rua Januario Correa Bittencourt 443 Vila Esperanca Tubarao SC 88708285 Brazil
98;ITAIMBE PASSO FUNDO;99034-600 Rodovia RS-153 391 Santa Marta RS Passo Fundo;-282.737.117;-524.436.332;-28.273712;-52.443633;Passo Fundo;RS;99034600;Rodovia RS 153 391 Santa Marta Passo Fundo RS 99034600 Brazil
99;ITAIMBE PELOTAS;96055-005 Av. Fernando Osório 125 CENTRO RS Pelotas;-317.497.242;-523.407.474;-31.749724;-52.340747;Pelotas;RS;96055005;Av Fernando Osorio 125 CENTRO Pelotas RS 96055005 Brazil
100;ITAIMBE SANTA MARIA;97095-465 Av. João Pozzobon 1605 KM 3 RS Santa Maria;-296.936.388;-537.818.501;-29.693639;-53.78185;Santa Maria;RS;97095465;Av Joao Pozzobon 1605 KM 3 Santa Maria RS 97095465 Brazil
101;JADE FEIRA DE SANTANA;44088-451 Avenida Presidente Dutra 2677 Capuchinhos BA Feira de Santana;-122.677.166;-389.423.034;-12.267717;-38.942303;Feira de Santana;BA;44088451;Avenida Presidente Dutra 2677 Capuchinhos Feira de Santana BA 44088451 Brazil
102;JADE IRECÊ;44864-130 Avenida 2 de Agosto 352 Asa Norte BA Irecê;-113.022.176;-418.476.563;-11.302218;-41.847656;Irecê;BA;44864130;Avenida 2 de Agosto 352 Asa Norte Irece BA 44864130 Brazil
103;JADE ITABUNA;45600-297 Av. José Soares Pinheiro 1671 Lomanto BA Itabuna;-148.051.051;-39.291.924;-14.805105;-39.291924;Itabuna;BA;45600297;Av Jose Soares Pinheiro 1671 Lomanto Itabuna BA 45600297 Brazil
104;JADE TEIXEIRA DE FREITAS;45985-200 Av. Presidente Getúlio Vargas 603 Centro BA Teixeira de Freitas;-175.400.387;-397.449.866;-17.540039;-39.744987;Teixeira de Freitas;BA;45985200;Av Presidente Getulio Vargas 603 Centro Teixeira de Freitas BA 45985200 Brazil
105;JADE VITÓRIA DA CONQUISTA;45023-000 Av. Presidente Dutra 634 Felicia BA Vitória da Conquista;-148.748.357;-408.519.897;-14.874836;-40.85199;Vitória da Conquista;BA;45023000;Av Presidente Dutra 634 Felicia Vitoria da Conquista BA 45023000 Brazil
106;JANGADA JÚLIO VENTURA;60140-230 Av. Julio Ventura 200 ALDEOTA CE Fortaleza;-37.404.107;-385.057.274;-3.740411;-38.505727;Fortaleza;CE;60140230;Av Julio Ventura 200 ALDEOTA Fortaleza CE 60140230 Brazil
107;JANGADA WASHINGTON SOARES;60811-341 Av. Washington Soares 2055 EDSON QUEIROZ CE Fortaleza;-3.776.796.199.999.990;-384.809.677;-3.776796;-38.480968;Fortaleza;CE;60811341;Av Washington Soares 2055 EDSON QUEIROZ Fortaleza CE 60811341 Brazil
108;JAPAN PARNAIBA;64205-190 Rodovia BR - 343 - L Par 3438 João XXIII PI Parnaíba;-28.961.318;-41.702.098;-2.896132;-41.702098;Parnaíba;PI;64205190;Rodovia BR 343 L Par 3438 Joao XXIII Parnaiba PI 64205190 Brazil
109;JAPAN TERESINA;64045-000 Avenida João XXIII 3480 Noivos PI Teresina;-5.082.132;-427.664.154;-5.082132;-42.766415;Teresina;PI;64045000;Avenida Joao XXIII 3480 Noivos Teresina PI 64045000 Brazil
110;KATANA GOIANIA T1;74210-270 Avenida T 8 425 Setor Bueno GO Goiânia;-166.938.933;-492.727.765;-16.693893;-49.272776;Goiânia;GO;74210270;Avenida T 8 425 Setor Bueno Goiania GO 74210270 Brazil
111;KEIJI UBERABA;38022-290 Avenida Coronel Joaquim de Oliveira Prata 1091 Bom Retiro MG Uberaba;-197.710.282;-479.420.142;-19.771028;-47.942014;Uberaba;MG;38022290;Avenida Coronel Joaquim de Oliveira Prata 1091 Bom Retiro Uberaba MG 38022290 Brazil
112;KEIJI VEICULOS FRANCA;14403-000 Avenida Doutor Ismael Alonso Y. Alonso 185 Jardim Veneza SP Franca;-205.523.358;-474.056.612;-20.552336;-47.405661;Franca;SP;14403000;Avenida Doutor Ismael Alonso Y Alonso 185 Jardim Veneza Franca SP 14403000 Brazil
113;KEIJI VEICULOS RIBEIRÃO PRETO;14095-000 Avenida Presidente Castelo Branco 1235 Parque Industrial Lagoinha SP Ribeirão Preto;-211.954.773;-477.722.343;-21.195477;-47.772234;Ribeirão Preto;SP;14095000;Avenida Presidente Castelo Branco 1235 Parque Industrial Lagoinha Ribeirao Preto SP 14095000 Brazil
114;KEIKO BARRA MANSA;27333-236 RUA ANTONIO LUIZ PIRES 20 Barra Mansa - RJ RJ Barra Mansa;-225.598.587;-441.210.218;-22.559859;-44.121022;Barra Mansa;RJ;27333236;RUA ANTONIO LUIZ PIRES 20 Barra Mansa RJ Barra Mansa RJ 27333236 Brazil
115;KEIKO CAMPO GRANDE - RJ;23045-830 Estrada do Monteiro 540 Campo Grande RJ Rio de Janeiro;-229.194.384;-43.563.576;-22.919438;-43.563576;Rio de Janeiro;RJ;23045830;Estrada do Monteiro 540 Campo Grande Rio de Janeiro RJ 23045830 Brazil
116;KEIKO DUQUE DE CAXIAS;25085-008 Rodovia Washington Luiz 1375 Parque Duque RJ Duque de Caxias;-227.991.912;-432.906.521;-22.799191;-43.290652;Duque de Caxias;RJ;25085008;Rodovia Washington Luiz 1375 Parque Duque Duque de Caxias RJ 25085008 Brazil
117;KEIKO NOVA IGUAÇU;26210-210 Av. Governador Roberto Silveira 217 Centro RJ Nova Iguaçu;-227.559.828;-4.345.515.109.999.990;-22.755983;-43.455151;Nova Iguaçu;RJ;26210210;Av Governador Roberto Silveira 217 Centro Nova Iguacu RJ 26210210 Brazil
118;KEIKO PETRÓPOLIS;25665-135 Rua Doutor Paulo Herve 1111 Bingen RJ Petrópolis;-225.136.459;-432.216.766;-22.513646;-43.221677;Petrópolis;RJ;25665135;Rua Doutor Paulo Herve 1111 Bingen Petropolis RJ 25665135 Brazil
119;KENTO MOGI MIRIM;13800-207 Rua Padre Roque 2222 JARDIM AUREA SP Mogi Mirim;-224.451.069;-469.752.977;-22.445107;-46.975298;Mogi Mirim;SP;13800207;Rua Padre Roque 2222 JARDIM AUREA Mogi Mirim SP 13800207 Brazil
120;KENTO SÃO JOÃO DA BOA VISTA;13874-622 Avenida Treze de Maio 729 VILA LOYOLA SP São João da Boa Vista;-219.773.587;-46.772.632;-21.977359;-46.772632;São João da Boa Vista;SP;13874622;Avenida Treze de Maio 729 VILA LOYOLA Sao Joao da Boa Vista SP 13874622 Brazil
121;KOBE BH;31270122 Avenida Presidente Antônio Carlos 6280 Indaiá MG Belo Horizonte;-19.867.258;-4.395.592;-19.867258;-43.95592;Belo Horizonte;MG;31270122;Avenida Presidente Antonio Carlos 6280 Indaia Belo Horizonte MG 31270122 Brazil
122;KOBE CACHOEIRO DO ITAPEMIRIM;29313-656 Rodovia Engenheiro Fabiano Vivacqua 223 Marbrasa ES Cachoeiro de Itapemirim;-208.364.259;-41.158.111;-20.836426;-41.158111;Cachoeiro de Itapemirim;ES;29313656;Rodovia Engenheiro Fabiano Vivacqua 223 Marbrasa Cachoeiro de Itapemirim ES 29313656 Brazil
123;KOBE CONTAGEM;32210110 Avenida General David Sarnoff 4123 Cidade Industrial MG Contagem;-199.558.693;-440.171.812;-19.955869;-44.017181;Contagem;MG;32210110;Avenida General David Sarnoff 4123 Cidade Industrial Contagem MG 32210110 Brazil
124;KOBE GOV VALADARES;35010-070 Avenida Brasil 3550 CENTRO MG Governador Valadares;-188.601.904;-419.470.512;-18.86019;-41.947051;Governador Valadares;MG;35010070;Avenida Brasil 3550 CENTRO Governador Valadares MG 35010070 Brazil
125;KOBE IPATINGA;35160-291 Av. Pedro Linhares Gomes 2490 INDUSTRIAL MG Ipatinga;-194.927.494;-4.256.348.370.000.000;-19.492749;-42.563484;Ipatinga;MG;35160291;Av Pedro Linhares Gomes 2490 INDUSTRIAL Ipatinga MG 35160291 Brazil
126;KOBE LINHARES;29907-515 Avenida Prefeito Samuel Batista Cruz 5203 Nova Betania ES Linhares;-193.662.779;-400.659.071;-19.366278;-40.065907;Linhares;ES;29907515;Avenida Prefeito Samuel Batista Cruz 5203 Nova Betania Linhares ES 29907515 Brazil
127;KOBE MANHUAÇU;36900-000 Rod. BR 262 30 BOM JARDIM MG Manhuaçu;-202.727.419;-420.403.501;-20.272742;-42.04035;Manhuaçu;MG;36900000;Rod BR 262 30 BOM JARDIM Manhuacu MG 36900000 Brazil
128;KOBE VILA VELHA;29119-015 Av. Carlos Lindenberg 3400 ATAIDE ES Vila Velha;-203.513.431;-403.260.093;-20.351343;-40.326009;Vila Velha;ES;29119015;Av Carlos Lindenberg 3400 ATAIDE Vila Velha ES 29119015 Brazil
129;KOBE VILA VELHA SHOPPING;29107-900 Rua Luciano das Neves 2418 Divino Espírito Santo ES Vila Velha;-203.514.934;-402.961.271;-20.351493;-40.296127;Vila Velha;ES;29107900;Rua Luciano das Neves 2418 Divino Espirito Santo Vila Velha ES 29107900 Brazil
130;KOBE VITORIA;29075-010 Av. Fernando Ferrari 1960 GOIABEIRAS ES Vitória;-202.683.839;-402.992.928;-20.268384;-40.299293;Vitória;ES;29075010;Av Fernando Ferrari 1960 GOIABEIRAS Vitoria ES 29075010 Brazil
131;LEAUTO BOTAFOGO;22281-035 Rua Real Grandeza 301 BOTAFOGO RJ Rio de Janeiro;-229.574.659;-431.913.822;-22.957466;-43.191382;Rio de Janeiro;RJ;22281035;Rua Real Grandeza 301 BOTAFOGO Rio de Janeiro RJ 22281035 Brazil
132;LEAUTO MARACANÃ;20530-001 Boulevard Vinte e Oito de setembro 3 Maracanã RJ Rio de Janeiro;-229.140.085;-432.350.125;-22.914009;-43.235013;Rio de Janeiro;RJ;20530001;Boulevard Vinte e Oito de setembro 3 Maracana Rio de Janeiro RJ 20530001 Brazil
133;MARLIN BOA VISTA;69306-405 Av.Ville Roy 4852 NOSSA SENHORA APARECIDA RR Boa Vista;28.307.522;-606.648.472;2.830752;-60.664847;Boa Vista;RR;69306405;Av Ville Roy 4852 NOSSA SENHORA APARECIDA Boa Vista RR 69306405 Brazil
134;MIHARA UBA;36500-091 Av. Comendador Jacinto Soares de Souza Lima 1800 Centro MG Ubá;-211.137.607;-429.528.987;-21.113761;-42.952899;Ubá;MG;36500091;Av Comendador Jacinto Soares de Souza Lima 1800 Centro Uba MG 36500091 Brazil
135;NAGAI JUIZ DE FORA;36033-000 Av. Deusdedith Salgado 2460 TEIXEIRAS MG Juiz de Fora;-217.995.567;-433.692.572;-21.799557;-43.369257;Juiz de Fora;MG;36033000;Av Deusdedith Salgado 2460 TEIXEIRAS Juiz de Fora MG 36033000 Brazil
136;NICENTER AV BRASILIA;86025-180 Av. Brasilia 2699 JD. PAULISTA PR Londrina;-2.329.222;-511.703.852;-23.29222;-51.170385;Londrina;PR;86025180;Av Brasilia 2699 JD PAULISTA Londrina PR 86025180 Brazil
137;NICENTER AV TIRADENTES;86070-545 Av. Tiradentes 209 JD. DOM BOSCO PR Londrina;-233.020.711;-511.757.776;-23.302071;-51.175778;Londrina;PR;86070545;Av Tiradentes 209 JD DOM BOSCO Londrina PR 86070545 Brazil
138;NIKAI ARAPIRACA;57300-000 Rod AL 220 SENADOR ARNON DE MELO AL Arapiraca;-9.740.226.999.999.990;-366.926.378;-9.740227;-36.692638;Arapiraca;AL;57300000;Rod AL 220 SENADOR ARNON DE MELO Arapiraca AL 57300000 Brazil
139;NIKAI MACEIO;57038-000 Avenida Comendador Gustavo Paiva 4175 Mangabeiras AL Maceió;-96.288.137;-356.986.372;-9.628814;-35.698637;Maceió;AL;57038000;Avenida Comendador Gustavo Paiva 4175 Mangabeiras Maceio AL 57038000 Brazil
140;NINJA FOZ DO IGUAÇU;85863-762 Avenida Costa e Silva 1555 Alto São Francisco PR Foz do Iguaçu;-255.263.114;-545.670.327;-25.526311;-54.567033;Foz do Iguaçu;PR;85863762;Avenida Costa e Silva 1555 Alto Sao Francisco Foz do Iguacu PR 85863762 Brazil
141;NINJA TOLEDO;85906-370 Avenida José João Muraro 996 Jardim Porto Alegre PR Toledo;-247.259.338;-537.283.782;-24.725934;-53.728378;Toledo;PR;85906370;Avenida Jose Joao Muraro 996 Jardim Porto Alegre Toledo PR 85906370 Brazil
142;NISCAR CAMPINA GRANDE;58407-530 Rua Raimundo Nonato de Araújo 201 José Pinheiro PB Campina Grande;-72.303.831;-358.695.661;-7.230383;-35.869566;Campina Grande;PB;58407530;Rua Raimundo Nonato de Araujo 201 Jose Pinheiro Campina Grande PB 58407530 Brazil
143;NISCAR PATOS;58705-280 Rua Prefeito Biroca Firmino Sete Casas PB Patos;-70.094.901;-372.881.836;-7.00949;-37.288184;Patos;PB;58705280;Rua Prefeito Biroca Firmino Sete Casas Patos PB 58705280 Brazil
144;NIX BLUMENAU;89015-203 Rua Itajaí 1793 VORSTADT SC Blumenau;-26.911.511;-490.478.593;-26.911511;-49.047859;Blumenau;SC;89015203;Rua Itajai 1793 VORSTADT Blumenau SC 89015203 Brazil
145;NIX JARAGUA DO SUL;89251-100 Rua Presidente Epitácio Pessoa 1081 CENTRO SC Jaraguá do Sul;-264.754.997;-490.905.932;-26.4755;-49.090593;Jaraguá do Sul;SC;89251100;Rua Presidente Epitacio Pessoa 1081 CENTRO Jaragua do Sul SC 89251100 Brazil
146;NIX JOINVILLE;89237-001 Rua Quinze de Novembro 3706 GLORIA SC Joinville;-262.925.326;-488.766.151;-26.292533;-48.876615;Joinville;SC;89237001;Rua Quinze de Novembro 3706 GLORIA Joinville SC 89237001 Brazil
147;PRIMAVIA BARREIRAS;47807-510 Rod. Br 020 209 VILA RICA BA Barreiras;-121.285.323;-450.176.188;-12.128532;-45.017619;Barreiras;BA;47807510;Rod Br 020 209 VILA RICA Barreiras BA 47807510 Brazil
148;PRIMAVIA UNAI;38610-000 Rua Aldeia 10 CENTRO MG Unaí;-163.635.115;-469.032.355;-16.363512;-46.903236;Unaí;MG;38610000;Rua Aldeia 10 CENTRO Unai MG 38610000 Brazil
149;PROESTE BAURU;17013-242 Avenida Rodrigues Alves 22 Vila Cardia SP Bauru;-223.199.459;-49.058.667;-22.319946;-49.058667;Bauru;SP;17013242;Avenida Rodrigues Alves 22 Vila Cardia Bauru SP 17013242 Brazil
150;PROESTE MARILIA;17519-000 Av. Tiradentes 1268 FRAGATA SP Marília;-222.273.877;-49.932.753;-22.227388;-49.932753;Marília;SP;17519000;Av Tiradentes 1268 FRAGATA Marilia SP 17519000 Brazil
151;PROESTE PRESIDENTE PRUDENTE;19060-000 Avenida Manoel Goulart 3700 Vila Santa Helena SP Presidente Prudente;-221.190.196;-5.141.778.619.999.990;-22.11902;-51.417786;Presidente Prudente;SP;19060000;Avenida Manoel Goulart 3700 Vila Santa Helena Presidente Prudente SP 19060000 Brazil
152;RAVIERA CAMPO GRANDE;79040-000 Rua Ceará 242 Chácara Cachoeira MS Campo Grande;-204.610.491;-546.045.262;-20.461049;-54.604526;Campo Grande;MS;79040000;Rua Ceara 242 Chacara Cachoeira Campo Grande MS 79040000 Brazil
153;RAVIERA DOURADOS;79840-630 Avenida Marcelino Pires 5110 Vila Industrial MS Dourados;-222.246.667;-547.780.269;-22.224667;-54.778027;Dourados;MS;79840630;Avenida Marcelino Pires 5110 Vila Industrial Dourados MS 79840630 Brazil
154;REDENÇÃO NATAL;59054-700 Avenida Prudente de Morais 3398 Lagoa Nova RN Natal;-58.120.742;-352.104.439;-5.812074;-35.210444;Natal;RN;59054700;Avenida Prudente de Morais 3398 Lagoa Nova Natal RN 59054700 Brazil
155;SAGA ANAPOLIS;75124-820 Avenida Brasil 4250 SETOR SUL JAMIL MIGUEL GO Anápolis;-16.337.443;-48.952.963;-16.337443;-48.952963;Anápolis;GO;75124820;Avenida Brasil 4250 SETOR SUL JAMIL MIGUEL Anapolis GO 75124820 Brazil
156;SAGA AV. 85;74823-310 Avenida 85 1010 Setor Bela Vista GO Goiânia;-166.950.033;-492.642.491;-16.695003;-49.264249;Goiânia;GO;74823310;Avenida 85 1010 Setor Bela Vista Goiania GO 74823310 Brazil
157;SAGA CUIABÁ;78010-400 Avenida Fernando Correa da Costa 375 Areão MT Cuiabá;-156.036.604;-5.608.528.519.999.990;-15.60366;-56.085285;Cuiabá;MT;78010400;Avenida Fernando Correa da Costa 375 Areao Cuiaba MT 78010400 Brazil
158;SAGA RIO VERDE;75905-701 Rua Marcha Para o Oeste 1011 Setor Alvorada Prolongamento GO Rio Verde;-178.048.044;-5.092.259.050.000.000;-17.804804;-50.92259;Rio Verde;GO;75905701;Rua Marcha Para o Oeste 1011 Setor Alvorada Prolongamento Rio Verde GO 75905701 Brazil
159;SAGA TAGUATINGA;71953-000 Q QS 03 Praça 400-A AGUAS CLARAS DF Brasília;-156.913.725;-478.271.418;-15.691372;-47.827142;Brasília;DF;71953000;Q QS 03 Praca 400 A AGUAS CLARAS Brasilia DF 71953000 Brazil
160;SAGA TANGARA DA SERRA;78304-110 Av Ismael Jose do Nascimento 2030 Parque Tangara MT Tangará da Serra;-146.270.552;-5.750.561.310.000.000;-14.627055;-57.505613;Tangará da Serra;MT;78304110;Av Ismael Jose do Nascimento 2030 Parque Tangara Tangara da Serra MT 78304110 Brazil
161;SAGA TAQUARI;71551-010 ST HAB TAQUARI TR 1 AV COMERCIAL LT 5 E 6 LAGO NORTE DF Brasília;-157.221.002;-478.839.851;-15.7221;-47.883985;Brasília;DF;71551010;ST HAB TAQUARI TR 1 AV COMERCIAL LT 5 E 6 LAGO NORTE Brasilia DF 71551010 Brazil
162;SAGA VARZEA GRANDE;78115-806 Av. da Feb (Lot Manga) 1647 PONTE NOVA MT Várzea Grande;-15.626.538;-561.123.823;-15.626538;-56.112382;Várzea Grande;MT;78115806;Av da Feb Lot Manga 1647 PONTE NOVA Varzea Grande MT 78115806 Brazil
163;SAN DIEGO ABOLICAO;21380-008 Av. Dom Helder Camara 9061 QUINTINO BOCAIUVA RJ Rio de Janeiro;-228.851.627;-433.150.177;-22.885163;-43.315018;Rio de Janeiro;RJ;21380008;Av Dom Helder Camara 9061 QUINTINO BOCAIUVA Rio de Janeiro RJ 21380008 Brazil
164;SAN DIEGO BARRA;22793-081 Av. das Américas 7250 BARRA DA TIJUCA RJ Rio de Janeiro;-229.998.176;-433.853.521;-22.999818;-43.385352;Rio de Janeiro;RJ;22793081;Av das Americas 7250 BARRA DA TIJUCA Rio de Janeiro RJ 22793081 Brazil
165;SAN DIEGO RECREIO;22790-704 Avenida das Américas 17000 Recreio dos Bandeirantes RJ Rio de Janeiro;-230.157.368;-434.742.739;-23.015737;-43.474274;Rio de Janeiro;RJ;22790704;Avenida das Americas 17000 Recreio dos Bandeirantes Rio de Janeiro RJ 22790704 Brazil
166;SAN DIEGO SÃO CONRADO;22610-230 Praça São Conrado 20 São Conrado RJ Rio de Janeiro;-2.299.898;-4.327.073.000.000.000;-22.99898;-43.27073;Rio de Janeiro;RJ;22610230;Praca Sao Conrado 20 Sao Conrado Rio de Janeiro RJ 22610230 Brazil
167;SANVEL ARACAJU;49025-620 Av. Presidente Tancredo Neves 640 JARDINS SE Aracaju;-109.520.738;-37.057.338;-10.952074;-37.057338;Aracaju;SE;49025620;Av Presidente Tancredo Neves 640 JARDINS Aracaju SE 49025620 Brazil
168;SEIJIN CABO FRIO;28909-490 Av. Joaquin Nogueira 1530 Sao Cristovao RJ Cabo Frio;-228.885.131;-420.494.067;-22.888513;-42.049407;Cabo Frio;RJ;28909490;Av Joaquin Nogueira 1530 Sao Cristovao Cabo Frio RJ 28909490 Brazil
169;SEIJIN CAMPOS DOS GOYTACAZES;28016-811 Avenida Alberto Lamego 383 Parque Califórnia RJ Campos dos Goytacazes;-217.643.963;-412.888.565;-21.764396;-41.288857;Campos dos Goytacazes;RJ;28016811;Avenida Alberto Lamego 383 Parque California Campos dos Goytacazes RJ 28016811 Brazil
170;SEIJIN MACAE;27947-287 Av. Lacerda Agostinho 300 Botafogo RJ Macaé;-223.587.944;-417.978.286;-22.358794;-41.797829;Macaé;RJ;27947287;Av Lacerda Agostinho 300 Botafogo Macae RJ 27947287 Brazil
171;SEIJIN SÃO GONÇALO;24790-070 Av. Visconde de Santarém 308 Tribobo RJ São Gonçalo;-228.544.024;-4.302.432.510.000.000;-22.854402;-43.024325;São Gonçalo;RJ;24790070;Av Visconde de Santarem 308 Tribobo Sao Goncalo RJ 24790070 Brazil
172;SINAL ARICANDUVA;03527-900 Av. Aricanduva 5555 VILA MATILDE SP São Paulo;-235.617.909;-465.034.401;-23.561791;-46.50344;São Paulo;SP;03527900;Av Aricanduva 5555 VILA MATILDE Sao Paulo SP 03527900 Brazil
173;SINAL BARUERI;06455-000 Alameda Araguaia 1742 Alphaville Industrial SP Barueri;-235.004.158;-468.451.153;-23.500416;-46.845115;Barueri;SP;06455000;Alameda Araguaia 1742 Alphaville Industrial Barueri SP 06455000 Brazil
174;SINAL OSASCO;06090-010 Av. dos Autonomistas 4141 CENTRO SP Osasco;-235.282.911;-467.890.092;-23.528291;-46.789009;Osasco;SP;06090010;Av dos Autonomistas 4141 CENTRO Osasco SP 06090010 Brazil
175;SINAL TATUAPE;03164-120 Rua Almirante Brasil 200 MOOCA SP São Paulo;-235.502.802;-466.080.288;-23.55028;-46.608029;São Paulo;SP;03164120;Rua Almirante Brasil 200 MOOCA Sao Paulo SP 03164120 Brazil
176;SUPRA ASSIS;19815-001 Avenida Rui Barbosa 3000 Jardim Paulista SP Assis;-226.583.334;-503.901.263;-22.658333;-50.390126;Assis;SP;19815001;Avenida Rui Barbosa 3000 Jardim Paulista Assis SP 19815001 Brazil
177;TOKIO AV NAZARE;04262-100 Av. Nazaré 720 IPIRANGA SP São Paulo;-235.905.366;-466.106.454;-23.590537;-46.610645;São Paulo;SP;04262100;Av Nazare 720 IPIRANGA Sao Paulo SP 04262100 Brazil
178;TOKIO AV. WASHINGTON LUIS;04662-003 Avenida Washington Luis 3080 JARDIM MARAJOARA SP São Paulo;-236.512.201;-466.779.618;-23.65122;-46.677962;São Paulo;SP;04662003;Avenida Washington Luis 3080 JARDIM MARAJOARA Sao Paulo SP 04662003 Brazil
179;TOKIO NAÇÕES UNIDAS;04795-100 Avenida das Nações Unidas 22463 VILA AMEIDA SP São Paulo;-236.766.285;-466.978.569;-23.676628;-46.697857;São Paulo;SP;04795100;Avenida das Nacoes Unidas 22463 VILA AMEIDA Sao Paulo SP 04795100 Brazil
180;TOKIO SANTO ANDRE;09020-110 Av. Ramiro Colleoni 307 CENTRO SP Santo André;-236.630.163;-465.298.771;-23.663016;-46.529877;Santo André;SP;09020110;Av Ramiro Colleoni 307 CENTRO Santo Andre SP 09020110 Brazil
181;TOKIO SBC;09601-000 Av. Senador Vergueiro 2947 PARQUE DOS MENINOS SP São Bernardo do Campo;-236.697.912;-465.604.307;-23.669791;-46.560431;São Bernardo do Campo;SP;09601000;Av Senador Vergueiro 2947 PARQUE DOS MENINOS Sao Bernardo do Campo SP 09601000 Brazil
182;TOKIO SÃO CAETANO DO SUL;09521-310 Avenida Goiás 227 Santo Antônio SP São Caetano do Sul;-236.150.512;-465.767.918;-23.615051;-46.576792;São Caetano do Sul;SP;09521310;Avenida Goias 227 Santo Antonio Sao Caetano do Sul SP 09521310 Brazil
183;TOKIO VILA MARIANA;01538-001 Avenida Lins de Vasconcelos 1418 Cambuci SP São Paulo;-235.757.653;-466.235.612;-23.575765;-46.623561;São Paulo;SP;01538001;Avenida Lins de Vasconcelos 1418 Cambuci Sao Paulo SP 01538001 Brazil
184;TOKIO ZONA NORTE;02052-050 Praça Stélio Machado Loureiro 10 Vila Guilherme SP São Paulo;-235.168.185;-466.095.732;-23.516818;-46.609573;São Paulo;SP;02052050;Praca Stelio Machado Loureiro 10 Vila Guilherme Sao Paulo SP 02052050 Brazil
185;TOTAL ATIBAIA;12940-130 Av. Alfredo André 615 CENTRO SP Atibaia;-231.173.476;-465.595.993;-23.117348;-46.559599;Atibaia;SP;12940130;Av Alfredo Andre 615 CENTRO Atibaia SP 12940130 Brazil
186;TOTAL POUSO ALEGRE;37554-210 Av. Prefeito Tuany Toledo 328 Fatima I MG Pouso Alegre;-222.203.712;-459.189.414;-22.220371;-45.918941;Pouso Alegre;MG;37554210;Av Prefeito Tuany Toledo 328 Fatima I Pouso Alegre MG 37554210 Brazil
187;TROPICAL ANANINDEUA;67020-000 Rod. BR 316 Km 04 3530 ÁGUAS LINDAS PA Ananindeua;-13.850.195;-48.405.359;-1.38502;-48.405359;Ananindeua;PA;67020000;Rod BR 316 Km 04 3530 AGUAS LINDAS Ananindeua PA 67020000 Brazil
188;TROPICAL BELEM;66053-180 RUA MUNICIPALIDADE 405 REDUTO PA Belém;-14.441.891;-484.939.166;-1.444189;-48.493917;Belém;PA;66053180;RUA MUNICIPALIDADE 405 REDUTO Belem PA 66053180 Brazil
189;TROPICAL IMPERATRIZ;65903-390 Rodovia BR-010 506 Centro MA Imperatriz;-55.176.212;-474.719;-5.517621;-47.4719;Imperatriz;MA;65903390;Rodovia BR 010 506 Centro Imperatriz MA 65903390 Brazil
190;TROPICAL MANAUS;69058-795 Avenida Constantino Nery 4580 Flores AM Manaus;-30.846.149;-600.262.627;-3.084615;-60.026263;Manaus;AM;69058795;Avenida Constantino Nery 4580 Flores Manaus AM 69058795 Brazil
191;TROPICAL MARABÁ;68509-280 Quadra Dezenove, Fls 27 Nova Marabá PA Marabá;-53.451.205;-490.781.208;-5.345121;-49.078121;Marabá;PA;68509280;Quadra Dezenove Fls 27 Nova Maraba Maraba PA 68509280 Brazil
192;TROPICAL PARAUAPEBAS;68515-000 Rodovia PA 275. S/N 0 Nova Carajás PA Parauapebas;-61.063.362;-499.744.366;-6.106336;-49.974437;Parauapebas;PA;68515000;Rodovia PA 275 S N 0 Nova Carajas Parauapebas PA 68515000 Brazil
193;TROPICAL SÃO LUIS;65066-140 Rua dos Tucanos 10 Parque Atlântico MA São Luís;-24.886.296;-4.424.279.620.000.000;-2.48863;-44.242796;São Luís;MA;65066140;Rua dos Tucanos 10 Parque Atlantico Sao Luis MA 65066140 Brazil
194;VALEC SOROCABA;18050-000 Av. Dr. Armando Pannunzio 730 CERRADO SP Sorocaba;-235.197.235;-474.909.403;-23.519724;-47.49094;Sorocaba;SP;18050000;Av Dr Armando Pannunzio 730 CERRADO Sorocaba SP 18050000 Brazil
195;VIA MONDO SETE LAGOAS;35700-293 Av. Raquel Teixeira Viana 894 CANAA MG Sete Lagoas;-194.684.269;-4.425.648.460.000.000;-19.468427;-44.256485;Sete Lagoas;MG;35700293;Av Raquel Teixeira Viana 894 CANAA Sete Lagoas MG 35700293 Brazil
196;VIA MONDO VARGINHA;37026-080 Av. Princesa do Sul 891 JARDIM ANDERE MG Varginha;-215.776.483;-454.419.085;-21.577648;-45.441908;Varginha;MG;37026080;Av Princesa do Sul 891 JARDIM ANDERE Varginha MG 37026080 Brazil
197;VIA MONTES CLAROS;39400-839 Av. Deputado Plinio Ribeiro 805 Esplanada MG Montes Claros;-167.158.875;-438.438.047;-16.715888;-43.843805;Montes Claros;MG;39400839;Av Deputado Plinio Ribeiro 805 Esplanada Montes Claros MG 39400839 Brazil
198;VIGORITO GUARULHOS;07025-000 Av. Guarulhos 2175 VILA AUGUSTA SP Guarulhos;-234.865.968;-465.441.356;-23.486597;-46.544136;Guarulhos;SP;07025000;Av Guarulhos 2175 VILA AUGUSTA Guarulhos SP 07025000 Brazil
199;VIGORITO PENHA;03734-260 Rua Buia 35 CANGAIBA SP São Paulo;-23.512.915;-4.652.582.049.999.990;-23.512915;-46.52582;São Paulo;SP;03734260;Rua Buia 35 CANGAIBA Sao Paulo SP 03734260 Brazil
200;VIGORITO VILA PRUDENTE;03295-000 Av. Professor Luiz Ignácio de Anhaia Mello 3700 VILA GRACIOSA SP São Paulo;-235.823.034;-465.583.302;-23.582303;-46.55833;São Paulo;SP;03295000;Av Professor Luiz Ignacio de Anhaia Mello 3700 VILA GRACIOSA Sao Paulo SP 03295000 Brazil
201;VILLE ARACATUBA;16018-000 Av. Brasilia 2804 JARDIM NOVA YORQUE SP Araçatuba;-212.339.479;-504.406.952;-21.233948;-50.440695;Araçatuba;SP;16018000;Av Brasilia 2804 JARDIM NOVA YORQUE Aracatuba SP 16018000 Brazil
202;VILLE SAO JOSE RIO PRETO;15035-580 Av. Clovis Oger 1000 DISTRITO INDUSTRIAL SP São José do Rio Preto;-208.216.465;-4.941.746.149.999.990;-20.821646;-49.417461;São José do Rio Preto;SP;15035580;Av Clovis Oger 1000 DISTRITO INDUSTRIAL Sao Jose do Rio Preto SP 15035580 Brazil
203;VIVA ARAGUAINA;77817-805 Av. Marginal Neblina, S/N 1211 SETOR ALASKA TO Araguaína;-7.191.563.299.999.990;-482.094.801;-7.191563;-48.20948;Araguaína;TO;77817805;Av Marginal Neblina S N 1211 SETOR ALASKA Araguaina TO 77817805 Brazil
