name;address;lat;lng;Whatsapp;Site
APJ OURINHOS;19908-095 Av. Luiz Saldanha Rodrigues 2675 VILA SANTOS DUMONT SP Ourinhos;-229.753.965;-498.961.345;;https://www.nissan.com.br/test-drive.html?dcp=prg-spe-all-300x600-varejo-t1-cpc-a25+-na-prc-zeze-vrnac26aq106000001807-bra-rg&utm_source=prg&utm_medium=hypr&utm_campaign=varejo_all_300x600&utm_term=vrnac26aq106000001807&utm_content=t1-cpc-prc-zezeall_cn
APPLAUSO BOTUCATU;18608-393 Avenida Deputado Dante Delmanto 1510 Vila Paulista SP Botucatu;-228.688.945;-484.622.131;;https://www.nissan.com.br/test-drive.html?dcp=prg-spe-all-300x600-varejo-t1-cpc-a25+-na-prc-zeze-vrnac26aq106000001807-bra-rg&utm_source=prg&utm_medium=hypr&utm_campaign=varejo_all_300x600&utm_term=vrnac26aq106000001807&utm_content=t1-cpc-prc-zezeall_cn
APPLAUSO ITAPETININGA;18213-145 Rua José de Almeida Carvalho 1240 Vila Leonor SP Itapetininga;-235.784.215;-480.268.279;;https://www.nissan.com.br/test-drive.html?dcp=prg-spe-all-300x600-varejo-t1-cpc-a25+-na-prc-zeze-vrnac26aq106000001807-bra-rg&utm_source=prg&utm_medium=hypr&utm_campaign=varejo_all_300x600&utm_term=vrnac26aq106000001807&utm_content=t1-cpc-prc-zezeall_cn
APPLAUSO ITU;13301-000 Avenida Doutor Otaviano Pereira Mendes 687 Liberdade SP Itu;-23.259.555;-472.982.898;;https://www.nissan.com.br/test-drive.html?dcp=prg-spe-all-300x600-varejo-t1-cpc-a25+-na-prc-zeze-vrnac26aq106000001807-bra-rg&utm_source=prg&utm_medium=hypr&utm_campaign=varejo_all_300x600&utm_term=vrnac26aq106000001807&utm_content=t1-cpc-prc-zezeall_cn
APPLAUSO TATUI;18277-000 Rua Onze de Agosto 3680 CENTRO SP Tatuí;-233.591.006;-478.813.515;;https://www.nissan.com.br/test-drive.html?dcp=prg-spe-all-300x600-varejo-t1-cpc-a25+-na-prc-zeze-vrnac26aq106000001807-bra-rg&utm_source=prg&utm_medium=hypr&utm_campaign=varejo_all_300x600&utm_term=vrnac26aq106000001807&utm_content=t1-cpc-prc-zezeall_cn
ARMANDO SANTO ANDRE;09080-111 Av. D. Pedro II 2449 CAMPESTRE SP Santo André;-236.359.615;-465.441.356;;https://www.nissan.com.br/test-drive.html?dcp=prg-spe-all-300x600-varejo-t1-cpc-a25+-na-prc-zeze-vrnac26aq106000001807-bra-rg&utm_source=prg&utm_medium=hypr&utm_campaign=varejo_all_300x600&utm_term=vrnac26aq106000001807&utm_content=t1-cpc-prc-zezeall_cn
AUTO ORIENTE CABEDELO;58102-660 Rua Hortência Helena A. Brito 319 Jardim America PB Cabedelo;-70.719.683;-348.490.985;;https://www.nissan.com.br/test-drive.html?dcp=prg-spe-all-300x600-varejo-t1-cpc-a25+-na-prc-zeze-vrnac26aq106000001807-bra-rg&utm_source=prg&utm_medium=hypr&utm_campaign=varejo_all_300x600&utm_term=vrnac26aq106000001807&utm_content=t1-cpc-prc-zezeall_cn
AUTO ORIENTE CARUARU;55034-180 Avenida José Pinheiro dos Santos 658 Pinheirópolis PE Caruaru;-8.296.002.399.999.990;-359.868.462;;https://www.nissan.com.br/test-drive.html?dcp=prg-spe-all-300x600-varejo-t1-cpc-a25+-na-prc-zeze-vrnac26aq106000001807-bra-rg&utm_source=prg&utm_medium=hypr&utm_campaign=varejo_all_300x600&utm_term=vrnac26aq106000001807&utm_content=t1-cpc-prc-zezeall_cn
AUTO ORIENTE JOÃO PESSOA;58041-006 Avenida Presidente Epitácio Pessoa 1758 Expedicionários PB João Pessoa;-7.120.055;-348.546.712;;https://www.nissan.com.br/test-drive.html?dcp=prg-spe-all-300x600-varejo-t1-cpc-a25+-na-prc-zeze-vrnac26aq106000001807-bra-rg&utm_source=prg&utm_medium=hypr&utm_campaign=varejo_all_300x600&utm_term=vrnac26aq106000001807&utm_content=t1-cpc-prc-zezeall_cn
AUTO ORIENTE OLINDA;53030-010 Avenida Presidente Getúlio Vargas 1058 Bairro Novo PE Olinda;-8.001.551.899.999.990;-348.400.947;;https://www.nissan.com.br/test-drive.html?dcp=prg-spe-all-300x600-varejo-t1-cpc-a25+-na-prc-zeze-vrnac26aq106000001807-bra-rg&utm_source=prg&utm_medium=hypr&utm_campaign=varejo_all_300x600&utm_term=vrnac26aq106000001807&utm_content=t1-cpc-prc-zezeall_cn
AUTO ORIENTE RECIFE;52021-000 Avenida Norte Miguel Arraes de Alencar 1925 Espinheiro PE Recife;-80.399.642;-348.880.639;;https://www.nissan.com.br/test-drive.html?dcp=prg-spe-all-300x600-varejo-t1-cpc-a25+-na-prc-zeze-vrnac26aq106000001807-bra-rg&utm_source=prg&utm_medium=hypr&utm_campaign=varejo_all_300x600&utm_term=vrnac26aq106000001807&utm_content=t1-cpc-prc-zezeall_cn
BARIGUI BRUSQUE;88352-500 Rodovia Antônio Heil 202 Centro SC Brusque;-270.157.628;-488.331.509;;https://www.nissan.com.br/test-drive.html?dcp=prg-spe-all-300x600-varejo-t1-cpc-a25+-na-prc-zeze-vrnac26aq106000001807-bra-rg&utm_source=prg&utm_medium=hypr&utm_campaign=varejo_all_300x600&utm_term=vrnac26aq106000001807&utm_content=t1-cpc-prc-zezeall_cn
BARIGUI GUARAPUAVA;85055-010 Avenida Manoel Ribas 4638 Conradinho PR Guarapuava;-253.678.507;-5.147.383.139.999.990;;https://www.nissan.com.br/test-drive.html?dcp=prg-spe-all-300x600-varejo-t1-cpc-a25+-na-prc-zeze-vrnac26aq106000001807-bra-rg&utm_source=prg&utm_medium=hypr&utm_campaign=varejo_all_300x600&utm_term=vrnac26aq106000001807&utm_content=t1-cpc-prc-zezeall_cn
BARIGUI PAROLIN;80220-350 Rua Antônio Parolin Júnior 120 Parolin PR Curitiba;-254.612.067;-492.566.441;;https://www.nissan.com.br/test-drive.html?dcp=prg-spe-all-300x600-varejo-t1-cpc-a25+-na-prc-zeze-vrnac26aq106000001807-bra-rg&utm_source=prg&utm_medium=hypr&utm_campaign=varejo_all_300x600&utm_term=vrnac26aq106000001807&utm_content=t1-cpc-prc-zezeall_cn
BARIGUI PARQUE;80710-000 Rua Padre Agostinho 3081 BIGORRILHO PR Curitiba;-254.354.005;-493.080.322;;https://www.nissan.com.br/test-drive.html?dcp=prg-spe-all-300x600-varejo-t1-cpc-a25+-na-prc-zeze-vrnac26aq106000001807-bra-rg&utm_source=prg&utm_medium=hypr&utm_campaign=varejo_all_300x600&utm_term=vrnac26aq106000001807&utm_content=t1-cpc-prc-zezeall_cn
BARIGUI PONTA GROSSA;84043-000 Avenida Visconde de Mauá 3010 Colônia Dona Luíza PR Ponta Grossa;-251.345.007;-501.543.227;;https://www.nissan.com.br/test-drive.html?dcp=prg-spe-all-300x600-varejo-t1-cpc-a25+-na-prc-zeze-vrnac26aq106000001807-bra-rg&utm_source=prg&utm_medium=hypr&utm_campaign=varejo_all_300x600&utm_term=vrnac26aq106000001807&utm_content=t1-cpc-prc-zezeall_cn
BENN PORTO VELHO;76806-640 Rua da Beira 5770 Floresta RO Porto Velho;-8.774.368.299.999.990;-638.793.099;;https://www.nissan.com.br/test-drive.html?dcp=prg-spe-all-300x600-varejo-t1-cpc-a25+-na-prc-zeze-vrnac26aq106000001807-bra-rg&utm_source=prg&utm_medium=hypr&utm_campaign=varejo_all_300x600&utm_term=vrnac26aq106000001807&utm_content=t1-cpc-prc-zezeall_cn
BENN RIO BRANCO;69906-150 Via Chico Mendes 1437 Vila do DNER AC Rio Branco;-99.902.353;-678.075.255;;https://www.nissan.com.br/test-drive.html?dcp=prg-spe-all-300x600-varejo-t1-cpc-a25+-na-prc-zeze-vrnac26aq106000001807-bra-rg&utm_source=prg&utm_medium=hypr&utm_campaign=varejo_all_300x600&utm_term=vrnac26aq106000001807&utm_content=t1-cpc-prc-zezeall_cn
BONSAI CASCAVEL;85816-290 Av. Brasil 1952 GRAMADO PR Cascavel;-249.525.477;-535.057.225;;https://www.nissan.com.br/test-drive.html?dcp=prg-spe-all-300x600-varejo-t1-cpc-a25+-na-prc-zeze-vrnac26aq106000001807-bra-rg&utm_source=prg&utm_medium=hypr&utm_campaign=varejo_all_300x600&utm_term=vrnac26aq106000001807&utm_content=t1-cpc-prc-zezeall_cn
BONSAI MARINGA;87040-365 Rua Gaspar Ricardo 234 ZONA 10 PR Maringá;-234.236.899;-5.191.181.599.999.990;;https://www.nissan.com.br/test-drive.html?dcp=prg-spe-all-300x600-varejo-t1-cpc-a25+-na-prc-zeze-vrnac26aq106000001807-bra-rg&utm_source=prg&utm_medium=hypr&utm_campaign=varejo_all_300x600&utm_term=vrnac26aq106000001807&utm_content=t1-cpc-prc-zezeall_cn
CANOPUS PRIMAVERA DO LESTE;78550-000 Rua Rio de Janeiro 2655 Cidade Primavera IV MT Primavera do Leste;-1.553.889;-542.944.665;;https://www.nissan.com.br/test-drive.html?dcp=prg-spe-all-300x600-varejo-t1-cpc-a25+-na-prc-zeze-vrnac26aq106000001807-bra-rg&utm_source=prg&utm_medium=hypr&utm_campaign=varejo_all_300x600&utm_term=vrnac26aq106000001807&utm_content=t1-cpc-prc-zezeall_cn
CANOPUS RONDONÓPOLIS;78700-100 Rua Fernando Corrêa da Costa 340 Centro MT Rondonópolis;-164.721.869;-54.631.452;;https://www.nissan.com.br/test-drive.html?dcp=prg-spe-all-300x600-varejo-t1-cpc-a25+-na-prc-zeze-vrnac26aq106000001807-bra-rg&utm_source=prg&utm_medium=hypr&utm_campaign=varejo_all_300x600&utm_term=vrnac26aq106000001807&utm_content=t1-cpc-prc-zezeall_cn
CARBEL AV BARAO HOMEM DE MELO;30494-270 Av. Barão Homem de Melo 3400 ESTORIL MG Belo Horizonte;-199.655.921;-439.610.686;;https://www.nissan.com.br/test-drive.html?dcp=prg-spe-all-300x600-varejo-t1-cpc-a25+-na-prc-zeze-vrnac26aq106000001807-bra-rg&utm_source=prg&utm_medium=hypr&utm_campaign=varejo_all_300x600&utm_term=vrnac26aq106000001807&utm_content=t1-cpc-prc-zezeall_cn
CARBEL AV. DO CONTORNO;30110-067 Avenida do Contorno 10151 Barro Preto MG Belo Horizonte;-199.195.901;-439.569.121;;https://www.nissan.com.br/test-drive.html?dcp=prg-spe-all-300x600-varejo-t1-cpc-a25+-na-prc-zeze-vrnac26aq106000001807-bra-rg&utm_source=prg&utm_medium=hypr&utm_campaign=varejo_all_300x600&utm_term=vrnac26aq106000001807&utm_content=t1-cpc-prc-zezeall_cn
CARRERA ACELERA ARARAQUARA;14801-534 Avenida Rodrigo Fernando Grillo 2699 Jardim dos Manacás SP Araraquara;-217.861.705;-482.038.324;;https://www.nissan.com.br/test-drive.html?dcp=prg-spe-all-300x600-varejo-t1-cpc-a25+-na-prc-zeze-vrnac26aq106000001807-bra-rg&utm_source=prg&utm_medium=hypr&utm_campaign=varejo_all_300x600&utm_term=vrnac26aq106000001807&utm_content=t1-cpc-prc-zezeall_cn
CARRERA ACELERA AV. SUMARÉ;05016-090 Avenida Sumaré 535 Perdizes SP São Paulo;-235.333.266;-466.747.403;;https://www.nissan.com.br/test-drive.html?dcp=prg-spe-all-300x600-varejo-t1-cpc-a25+-na-prc-zeze-vrnac26aq106000001807-bra-rg&utm_source=prg&utm_medium=hypr&utm_campaign=varejo_all_300x600&utm_term=vrnac26aq106000001807&utm_content=t1-cpc-prc-zezeall_cn
CARRERA ACELERA BUTANTÃ;05533-000 Avenida Eliseu de Almeida 715 Instituto de Previdência SP São Paulo;-235.790.712;-467.174.281;;https://www.nissan.com.br/test-drive.html?dcp=prg-spe-all-300x600-varejo-t1-cpc-a25+-na-prc-zeze-vrnac26aq106000001807-bra-rg&utm_source=prg&utm_medium=hypr&utm_campaign=varejo_all_300x600&utm_term=vrnac26aq106000001807&utm_content=t1-cpc-prc-zezeall_cn
CARRERA ACELERA CATANDUVA;15800-031 Av. Deputado Orlando Zacaner 1095 Jardim Clélia SP Catanduva;-211.488.611;-489.869.312;;https://www.nissan.com.br/test-drive.html?dcp=prg-spe-all-300x600-varejo-t1-cpc-a25+-na-prc-zeze-vrnac26aq106000001807-bra-rg&utm_source=prg&utm_medium=hypr&utm_campaign=varejo_all_300x600&utm_term=vrnac26aq106000001807&utm_content=t1-cpc-prc-zezeall_cn
CARRERA ACELERA COTIA;06707-000 Rodovia Raposo Tavares Granja Viana SP Cotia;-236.003.842;-469.028.354;;https://www.nissan.com.br/test-drive.html?dcp=prg-spe-all-300x600-varejo-t1-cpc-a25+-na-prc-zeze-vrnac26aq106000001807-bra-rg&utm_source=prg&utm_medium=hypr&utm_campaign=varejo_all_300x600&utm_term=vrnac26aq106000001807&utm_content=t1-cpc-prc-zezeall_cn
CARRERA ACELERA GUARATINGUETA;12505-300 Avenida Juscelino Kubitschek de Oliveira 1138 Campo do Galvão SP Guaratinguetá;-2.281.592;-4.520.229;;https://www.nissan.com.br/test-drive.html?dcp=prg-spe-all-300x600-varejo-t1-cpc-a25+-na-prc-zeze-vrnac26aq106000001807-bra-rg&utm_source=prg&utm_medium=hypr&utm_campaign=varejo_all_300x600&utm_term=vrnac26aq106000001807&utm_content=t1-cpc-prc-zezeall_cn
CARRERA ACELERA LAPA;05037-170 Avenida Comendador Martinelli 1506 Água Branca SP São Paulo;-235.100.292;-466.899.484;;https://www.nissan.com.br/test-drive.html?dcp=prg-spe-all-300x600-varejo-t1-cpc-a25+-na-prc-zeze-vrnac26aq106000001807-bra-rg&utm_source=prg&utm_medium=hypr&utm_campaign=varejo_all_300x600&utm_term=vrnac26aq106000001807&utm_content=t1-cpc-prc-zezeall_cn
CARRERA ACELERA MORUMBI;05724-001 Av. Giovanni Gronchi 3707 VILA ANDRADE SP São Paulo;-236.126.684;-467.287.675;;https://www.nissan.com.br/test-drive.html?dcp=prg-spe-all-300x600-varejo-t1-cpc-a25+-na-prc-zeze-vrnac26aq106000001807-bra-rg&utm_source=prg&utm_medium=hypr&utm_campaign=varejo_all_300x600&utm_term=vrnac26aq106000001807&utm_content=t1-cpc-prc-zezeall_cn
CARRERA ACELERA PINDAMONHANGABA;12421-681 Rua Alcides Ramos Nogueira 650 Nossa Senhora do Perpétuo Socorro SP Pindamonhangaba;-229.465.315;-454.803.094;;https://www.nissan.com.br/test-drive.html?dcp=prg-spe-all-300x600-varejo-t1-cpc-a25+-na-prc-zeze-vrnac26aq106000001807-bra-rg&utm_source=prg&utm_medium=hypr&utm_campaign=varejo_all_300x600&utm_term=vrnac26aq106000001807&utm_content=t1-cpc-prc-zezeall_cn
CARRERA ACELERA SÃO CARLOS;13564-002 Avenida Francisco Pereira Lopes 1800 Parque Arnold Schimidt SP São Carlos;-220.061.725;-479.026.094;;https://www.nissan.com.br/test-drive.html?dcp=prg-spe-all-300x600-varejo-t1-cpc-a25+-na-prc-zeze-vrnac26aq106000001807-bra-rg&utm_source=prg&utm_medium=hypr&utm_campaign=varejo_all_300x600&utm_term=vrnac26aq106000001807&utm_content=t1-cpc-prc-zezeall_cn
CARRERA ACELERA SÃO JOSÉ DOS CAMPOS;12246-840 Avenida Deputado Benedito Matarazzo 5051 Parque Residencial Aquarius SP São José dos Campos;-232.231.746;-4.590.435.069.999.990;;https://www.nissan.com.br/test-drive.html?dcp=prg-spe-all-300x600-varejo-t1-cpc-a25+-na-prc-zeze-vrnac26aq106000001807-bra-rg&utm_source=prg&utm_medium=hypr&utm_campaign=varejo_all_300x600&utm_term=vrnac26aq106000001807&utm_content=t1-cpc-prc-zezeall_cn
CARRERA ACELERA TAUBATE;12041-078 Av. Charles Schnneider 1861 BARRANCO SP Taubaté;-230.249.016;-455.840.715;;https://www.nissan.com.br/test-drive.html?dcp=prg-spe-all-300x600-varejo-t1-cpc-a25+-na-prc-zeze-vrnac26aq106000001807-bra-rg&utm_source=prg&utm_medium=hypr&utm_campaign=varejo_all_300x600&utm_term=vrnac26aq106000001807&utm_content=t1-cpc-prc-zezeall_cn
CARRERA ACELERA VILA OLIMPIA;04550-002 Avenida Bandeirantes 1585 VILA OLÍMPIA SP São Paulo;-236.041.579;-466.793.797;;https://www.nissan.com.br/test-drive.html?dcp=prg-spe-all-300x600-varejo-t1-cpc-a25+-na-prc-zeze-vrnac26aq106000001807-bra-rg&utm_source=prg&utm_medium=hypr&utm_campaign=varejo_all_300x600&utm_term=vrnac26aq106000001807&utm_content=t1-cpc-prc-zezeall_cn
CARRERA ACELERA VOTUPORANGA;15500-051 Avenida Brasil 5043 São Judas Tadeu SP Votuporanga;-204.086.762;-499.767.824;;https://www.nissan.com.br/test-drive.html?dcp=prg-spe-all-300x600-varejo-t1-cpc-a25+-na-prc-zeze-vrnac26aq106000001807-bra-rg&utm_source=prg&utm_medium=hypr&utm_campaign=varejo_all_300x600&utm_term=vrnac26aq106000001807&utm_content=t1-cpc-prc-zezeall_cn
CICAL RIBEIRAO PRETO;14026-600 Avenida Doutor José Cezário Monteiro da Silva Filho 270 Nova Aliança SP Ribeirão Preto;-21.217.415;-4.781.783;;https://www.nissan.com.br/test-drive.html?dcp=prg-spe-all-300x600-varejo-t1-cpc-a25+-na-prc-zeze-vrnac26aq106000001807-bra-rg&utm_source=prg&utm_medium=hypr&utm_campaign=varejo_all_300x600&utm_term=vrnac26aq106000001807&utm_content=t1-cpc-prc-zezeall_cn
CICAL UBERLANDIA;38400-658 Rua Rio de Janeiro 359 BRASIL MG Uberlândia;-188.964.959;-482.605.863;;https://www.nissan.com.br/test-drive.html?dcp=prg-spe-all-300x600-varejo-t1-cpc-a25+-na-prc-zeze-vrnac26aq106000001807-bra-rg&utm_source=prg&utm_medium=hypr&utm_campaign=varejo_all_300x600&utm_term=vrnac26aq106000001807&utm_content=t1-cpc-prc-zezeall_cn
COMERI GUARUJA;11430-001 Av. Adhemar de Barros 1007 VILA SANTO ANTONIO SP Guarujá;-239.917.159;-462.695.586;;https://www.nissan.com.br/test-drive.html?dcp=prg-spe-all-300x600-varejo-t1-cpc-a25+-na-prc-zeze-vrnac26aq106000001807-bra-rg&utm_source=prg&utm_medium=hypr&utm_campaign=varejo_all_300x600&utm_term=vrnac26aq106000001807&utm_content=t1-cpc-prc-zezeall_cn
COMERI PRAIA GRANDE;11702-480 Av. Presidente Kennedy 2980 Aviacao SP Praia Grande;-240.100.102;-464.382.916;;https://www.nissan.com.br/test-drive.html?dcp=prg-spe-all-300x600-varejo-t1-cpc-a25+-na-prc-zeze-vrnac26aq106000001807-bra-rg&utm_source=prg&utm_medium=hypr&utm_campaign=varejo_all_300x600&utm_term=vrnac26aq106000001807&utm_content=t1-cpc-prc-zezeall_cn
COMERI SANTOS;11015-201 Avenida Washington Luis 105 Vila Matias SP Santos;-239.462.835;-463.343.711;;https://www.nissan.com.br/test-drive.html?dcp=prg-spe-all-300x600-varejo-t1-cpc-a25+-na-prc-zeze-vrnac26aq106000001807-bra-rg&utm_source=prg&utm_medium=hypr&utm_campaign=varejo_all_300x600&utm_term=vrnac26aq106000001807&utm_content=t1-cpc-prc-zezeall_cn
DAHRUJ AMERICANA;13478-540 Avenida Nossa Senhora de Fátima 1041 Vila Israel SP Americana;-227.356.177;-473.158.226;;https://www.nissan.com.br/test-drive.html?dcp=prg-spe-all-300x600-varejo-t1-cpc-a25+-na-prc-zeze-vrnac26aq106000001807-bra-rg&utm_source=prg&utm_medium=hypr&utm_campaign=varejo_all_300x600&utm_term=vrnac26aq106000001807&utm_content=t1-cpc-prc-zezeall_cn
DAHRUJ BRAZ LEME;02511-000 Avenida Braz Leme 410 Casa Verde SP São Paulo;-235.112.752;-466.527.888;;https://www.nissan.com.br/test-drive.html?dcp=prg-spe-all-300x600-varejo-t1-cpc-a25+-na-prc-zeze-vrnac26aq106000001807-bra-rg&utm_source=prg&utm_medium=hypr&utm_campaign=varejo_all_300x600&utm_term=vrnac26aq106000001807&utm_content=t1-cpc-prc-zezeall_cn
DAHRUJ CAMPINAS;13090-615 Avenida José de Souza Campos 2256 Chácara da Barra SP Campinas;-228.859.365;-470.438.035;;https://www.nissan.com.br/test-drive.html?dcp=prg-spe-all-300x600-varejo-t1-cpc-a25+-na-prc-zeze-vrnac26aq106000001807-bra-rg&utm_source=prg&utm_medium=hypr&utm_campaign=varejo_all_300x600&utm_term=vrnac26aq106000001807&utm_content=t1-cpc-prc-zezeall_cn
DAHRUJ INDAIATUBA;13338-705 Av. Presidente Vargas 3138 Vila Homero SP Indaiatuba;-230.866.168;-4.718.169.289.999.990;;https://www.nissan.com.br/test-drive.html?dcp=prg-spe-all-300x600-varejo-t1-cpc-a25+-na-prc-zeze-vrnac26aq106000001807-bra-rg&utm_source=prg&utm_medium=hypr&utm_campaign=varejo_all_300x600&utm_term=vrnac26aq106000001807&utm_content=t1-cpc-prc-zezeall_cn
DAHRUJ JUNDIAI;13215-010 Av. Antonio Frederico Ozanan 3900 PONTE DE SÃO JOAO SP Jundiaí;-231.818.277;-468.773.013;;https://www.nissan.com.br/test-drive.html?dcp=prg-spe-all-300x600-varejo-t1-cpc-a25+-na-prc-zeze-vrnac26aq106000001807-bra-rg&utm_source=prg&utm_medium=hypr&utm_campaign=varejo_all_300x600&utm_term=vrnac26aq106000001807&utm_content=t1-cpc-prc-zezeall_cn
DAHRUJ LIMEIRA;13486-190 Avenida Major José Levy Sobrinho 2565 Jardim Nereide SP Limeira;-225.498.669;-473.795.316;;https://www.nissan.com.br/test-drive.html?dcp=prg-spe-all-300x600-varejo-t1-cpc-a25+-na-prc-zeze-vrnac26aq106000001807-bra-rg&utm_source=prg&utm_medium=hypr&utm_campaign=varejo_all_300x600&utm_term=vrnac26aq106000001807&utm_content=t1-cpc-prc-zezeall_cn
DAHRUJ PIRACICABA;13420-355 Avenida Doutor Cássio Paschoal Padovani 861 Morumbi SP Piracicaba;-227.276.058;-476.195.242;;https://www.nissan.com.br/test-drive.html?dcp=prg-spe-all-300x600-varejo-t1-cpc-a25+-na-prc-zeze-vrnac26aq106000001807-bra-rg&utm_source=prg&utm_medium=hypr&utm_campaign=varejo_all_300x600&utm_term=vrnac26aq106000001807&utm_content=t1-cpc-prc-zezeall_cn
DAHRUJ VILA LEOPOLDINA;05314-000 Avenida Doutor Gastão Vidigal 1687 Vila Leopoldina SP São Paulo;-235.320.864;-4.673.569.639.999.990;;https://www.nissan.com.br/test-drive.html?dcp=prg-spe-all-300x600-varejo-t1-cpc-a25+-na-prc-zeze-vrnac26aq106000001807-bra-rg&utm_source=prg&utm_medium=hypr&utm_campaign=varejo_all_300x600&utm_term=vrnac26aq106000001807&utm_content=t1-cpc-prc-zezeall_cn
DESTAQUE CARAGUATATUBA;11672-150 Rua Ministro Dilson Funaro 425 Pontal de Santa Marina SP Caraguatatuba;-23.648.041;-454.319.001;;https://www.nissan.com.br/test-drive.html?dcp=prg-spe-all-300x600-varejo-t1-cpc-a25+-na-prc-zeze-vrnac26aq106000001807-bra-rg&utm_source=prg&utm_medium=hypr&utm_campaign=varejo_all_300x600&utm_term=vrnac26aq106000001807&utm_content=t1-cpc-prc-zezeall_cn
DESTAQUE MOGI DAS CRUZES;08735-000 Av. Fernando Costa 863 CENTRO SP Mogi das Cruzes;-235.319.998;-462.078.841;;https://www.nissan.com.br/test-drive.html?dcp=prg-spe-all-300x600-varejo-t1-cpc-a25+-na-prc-zeze-vrnac26aq106000001807-bra-rg&utm_source=prg&utm_medium=hypr&utm_campaign=varejo_all_300x600&utm_term=vrnac26aq106000001807&utm_content=t1-cpc-prc-zezeall_cn
DESTAQUE POA;08557-700 Rodovia João Afonso de Souza Castelano 2040 VILA LUCIA SP Poá;-235.097.041;-463.408.266;;https://www.nissan.com.br/test-drive.html?dcp=prg-spe-all-300x600-varejo-t1-cpc-a25+-na-prc-zeze-vrnac26aq106000001807-bra-rg&utm_source=prg&utm_medium=hypr&utm_campaign=varejo_all_300x600&utm_term=vrnac26aq106000001807&utm_content=t1-cpc-prc-zezeall_cn
DINISA NITEROI;24350-310 Est. Francisco da Cruz Nunes 1482 PIRATININGA RJ Niterói;-229.291.882;-430.648.259;;https://www.nissan.com.br/test-drive.html?dcp=prg-spe-all-300x600-varejo-t1-cpc-a25+-na-prc-zeze-vrnac26aq106000001807-bra-rg&utm_source=prg&utm_medium=hypr&utm_campaign=varejo_all_300x600&utm_term=vrnac26aq106000001807&utm_content=t1-cpc-prc-zezeall_cn
DRSUL ARARANGUÁ;88900-000 477 SC Araranguá;-289.370.964;-494.840.256;;https://www.nissan.com.br/test-drive.html?dcp=prg-spe-all-300x600-varejo-t1-cpc-a25+-na-prc-zeze-vrnac26aq106000001807-bra-rg&utm_source=prg&utm_medium=hypr&utm_campaign=varejo_all_300x600&utm_term=vrnac26aq106000001807&utm_content=t1-cpc-prc-zezeall_cn
DRSUL BENTO GONCALVES;95700-000 Rua Luiz Alegretti 373 LICORSUL RS Bento Gonçalves;-29.178.856;-515.310.508;;https://www.nissan.com.br/test-drive.html?dcp=prg-spe-all-300x600-varejo-t1-cpc-a25+-na-prc-zeze-vrnac26aq106000001807-bra-rg&utm_source=prg&utm_medium=hypr&utm_campaign=varejo_all_300x600&utm_term=vrnac26aq106000001807&utm_content=t1-cpc-prc-zezeall_cn
DRSUL CAXIAS DO SUL;95054-030 Av. Rubens Bento Alves 492 SAGRADA FAMÍLIA RS Caxias do Sul;-291.530.731;-511.544.697;;https://www.nissan.com.br/test-drive.html?dcp=prg-spe-all-300x600-varejo-t1-cpc-a25+-na-prc-zeze-vrnac26aq106000001807-bra-rg&utm_source=prg&utm_medium=hypr&utm_campaign=varejo_all_300x600&utm_term=vrnac26aq106000001807&utm_content=t1-cpc-prc-zezeall_cn
DRSUL CRICIÚMA;88813-390 Avenida Jorge Elias de Lucca 85 Nossa Senhora da Salete SC Criciúma;-286.884.542;-493.400.896;;https://www.nissan.com.br/test-drive.html?dcp=prg-spe-all-300x600-varejo-t1-cpc-a25+-na-prc-zeze-vrnac26aq106000001807-bra-rg&utm_source=prg&utm_medium=hypr&utm_campaign=varejo_all_300x600&utm_term=vrnac26aq106000001807&utm_content=t1-cpc-prc-zezeall_cn
DRSUL IJUI;98700-000 Rod. BR 285 Hammarsfron RS Ijuí;-283.958.804;-538.969.032;;https://www.nissan.com.br/test-drive.html?dcp=prg-spe-all-300x600-varejo-t1-cpc-a25+-na-prc-zeze-vrnac26aq106000001807-bra-rg&utm_source=prg&utm_medium=hypr&utm_campaign=varejo_all_300x600&utm_term=vrnac26aq106000001807&utm_content=t1-cpc-prc-zezeall_cn
DRSUL LAGES;88509501 Avenida Presidente Vargas 1494 Coral SC Lages;-278.104.274;-503.033.602;;https://www.nissan.com.br/test-drive.html?dcp=prg-spe-all-300x600-varejo-t1-cpc-a25+-na-prc-zeze-vrnac26aq106000001807-bra-rg&utm_source=prg&utm_medium=hypr&utm_campaign=varejo_all_300x600&utm_term=vrnac26aq106000001807&utm_content=t1-cpc-prc-zezeall_cn
DRSUL LAJEADO;99913-176 Estrada BR 386 1951 São Cristovão RS Lajeado;-29.453.735;-5.195.983.529.999.990;;https://www.nissan.com.br/test-drive.html?dcp=prg-spe-all-300x600-varejo-t1-cpc-a25+-na-prc-zeze-vrnac26aq106000001807-bra-rg&utm_source=prg&utm_medium=hypr&utm_campaign=varejo_all_300x600&utm_term=vrnac26aq106000001807&utm_content=t1-cpc-prc-zezeall_cn
DRSUL RIO DO SUL;89163-020 Rodovia BR-470 7150 Canta Galo SC Rio do Sul;-272.027.554;-496.426.587;;https://www.nissan.com.br/test-drive.html?dcp=prg-spe-all-300x600-varejo-t1-cpc-a25+-na-prc-zeze-vrnac26aq106000001807-bra-rg&utm_source=prg&utm_medium=hypr&utm_campaign=varejo_all_300x600&utm_term=vrnac26aq106000001807&utm_content=t1-cpc-prc-zezeall_cn
DRSUL SANTA CRUZ DO SUL;96845-545 Rod BR 471- KM 56 3510 SCHULZ RS Santa Cruz do Sul;-297.153.084;-524.454.538;;https://www.nissan.com.br/test-drive.html?dcp=prg-spe-all-300x600-varejo-t1-cpc-a25+-na-prc-zeze-vrnac26aq106000001807-bra-rg&utm_source=prg&utm_medium=hypr&utm_campaign=varejo_all_300x600&utm_term=vrnac26aq106000001807&utm_content=t1-cpc-prc-zezeall_cn
DUBAI MACAPA;68900-067 Rua Leopoldo Machado 1749 Central AP Macapá;0.0365384;-510.620.663;;https://www.nissan.com.br/test-drive.html?dcp=prg-spe-all-300x600-varejo-t1-cpc-a25+-na-prc-zeze-vrnac26aq106000001807-bra-rg&utm_source=prg&utm_medium=hypr&utm_campaign=varejo_all_300x600&utm_term=vrnac26aq106000001807&utm_content=t1-cpc-prc-zezeall_cn
EUROVIA PARALELA;41730-101 Avenida Luís Viana 6600 Paralela BA Salvador;-129.399.153;-384.105.405;;https://www.nissan.com.br/test-drive.html?dcp=prg-spe-all-300x600-varejo-t1-cpc-a25+-na-prc-zeze-vrnac26aq106000001807-bra-rg&utm_source=prg&utm_medium=hypr&utm_campaign=varejo_all_300x600&utm_term=vrnac26aq106000001807&utm_content=t1-cpc-prc-zezeall_cn
EUROVIA AFOGADOS;50750-000 Estrada dos Remédios 1780 ILHA DO RETIRO PE Recife;-8.080.256.799.999.990;-349.066.444;;https://www.nissan.com.br/test-drive.html?dcp=prg-spe-all-300x600-varejo-t1-cpc-a25+-na-prc-zeze-vrnac26aq106000001807-bra-rg&utm_source=prg&utm_medium=hypr&utm_campaign=varejo_all_300x600&utm_term=vrnac26aq106000001807&utm_content=t1-cpc-prc-zezeall_cn
EUROVIA CAXANGA;50800-000 Avenida Caxangá 4210 Iputinga PE Recife;-8.038.138;-349.427.809;;https://www.nissan.com.br/test-drive.html?dcp=prg-spe-all-300x600-varejo-t1-cpc-a25+-na-prc-zeze-vrnac26aq106000001807-bra-rg&utm_source=prg&utm_medium=hypr&utm_campaign=varejo_all_300x600&utm_term=vrnac26aq106000001807&utm_content=t1-cpc-prc-zezeall_cn
EUROVIA IMBIRIBEIRA;51180-001 Av. Marechal Mascarenhas de Moraes 2160 IMBIRIBEIRA PE Recife;-81.101.618;-3.491.266.299.999.990;;https://www.nissan.com.br/test-drive.html?dcp=prg-spe-all-300x600-varejo-t1-cpc-a25+-na-prc-zeze-vrnac26aq106000001807-bra-rg&utm_source=prg&utm_medium=hypr&utm_campaign=varejo_all_300x600&utm_term=vrnac26aq106000001807&utm_content=t1-cpc-prc-zezeall_cn
EUROVIA JABOATÃO DOS GUARARAPES;54330-000 Avenida Barreto de Menezes 697 Cajueiro Seco PE Jaboatão dos Guararapes;-8.169.146.399.999.990;-349.212.861;;https://www.nissan.com.br/test-drive.html?dcp=prg-spe-all-300x600-varejo-t1-cpc-a25+-na-prc-zeze-vrnac26aq106000001807-bra-rg&utm_source=prg&utm_medium=hypr&utm_campaign=varejo_all_300x600&utm_term=vrnac26aq106000001807&utm_content=t1-cpc-prc-zezeall_cn
EUROVIA LAURO DE FREITAS;42700-000 Av. Santos Dumont 2376 ITINGA BA Lauro de Freitas;-12.899.139;-38.331.622;;https://www.nissan.com.br/test-drive.html?dcp=prg-spe-all-300x600-varejo-t1-cpc-a25+-na-prc-zeze-vrnac26aq106000001807-bra-rg&utm_source=prg&utm_medium=hypr&utm_campaign=varejo_all_300x600&utm_term=vrnac26aq106000001807&utm_content=t1-cpc-prc-zezeall_cn
EUROVIA SALVADOR;41950-000 Av. Antônio Carlos Magalhães 4925 IGUATEMI BA Salvador;-129.782.887;-384.738.118;;https://www.nissan.com.br/test-drive.html?dcp=prg-spe-all-300x600-varejo-t1-cpc-a25+-na-prc-zeze-vrnac26aq106000001807-bra-rg&utm_source=prg&utm_medium=hypr&utm_campaign=varejo_all_300x600&utm_term=vrnac26aq106000001807&utm_content=t1-cpc-prc-zezeall_cn
EUROVIA SALVADOR II;40295-140 Avenida Juracy Magalhães Júnior 1054 Horto Florestal BA Salvador;-13.005.955;-384.855.605;;https://www.nissan.com.br/test-drive.html?dcp=prg-spe-all-300x600-varejo-t1-cpc-a25+-na-prc-zeze-vrnac26aq106000001807-bra-rg&utm_source=prg&utm_medium=hypr&utm_campaign=varejo_all_300x600&utm_term=vrnac26aq106000001807&utm_content=t1-cpc-prc-zezeall_cn
FORT AV. ROGACIANO LEITE;60810-786 Avenida Rogaciano Leite 688 Patriolino Ribeiro CE Fortaleza;-37.635.946;-3.849.481.189.999.990;;https://www.nissan.com.br/test-drive.html?dcp=prg-spe-all-300x600-varejo-t1-cpc-a25+-na-prc-zeze-vrnac26aq106000001807-bra-rg&utm_source=prg&utm_medium=hypr&utm_campaign=varejo_all_300x600&utm_term=vrnac26aq106000001807&utm_content=t1-cpc-prc-zezeall_cn
FORT FORTALEZA;60192-024 Av. Santos Dumont 7580 coco CE Fortaleza;-37.457.722;-384.690.107;;https://www.nissan.com.br/test-drive.html?dcp=prg-spe-all-300x600-varejo-t1-cpc-a25+-na-prc-zeze-vrnac26aq106000001807-bra-rg&utm_source=prg&utm_medium=hypr&utm_campaign=varejo_all_300x600&utm_term=vrnac26aq106000001807&utm_content=t1-cpc-prc-zezeall_cn
FORT JUAZEIRO;63050-423 Av. Padre Cícero 4747 São José CE Juazeiro do Norte;-7.227.830.200.000.000;-393.507.558;;https://www.nissan.com.br/test-drive.html?dcp=prg-spe-all-300x600-varejo-t1-cpc-a25+-na-prc-zeze-vrnac26aq106000001807-bra-rg&utm_source=prg&utm_medium=hypr&utm_campaign=varejo_all_300x600&utm_term=vrnac26aq106000001807&utm_content=t1-cpc-prc-zezeall_cn
FORT MOSSORO;59619-000 Avenida Lauro Monte 80 Abolição RN Mossoró;-51.711.263;-373.476.471;;https://www.nissan.com.br/test-drive.html?dcp=prg-spe-all-300x600-varejo-t1-cpc-a25+-na-prc-zeze-vrnac26aq106000001807-bra-rg&utm_source=prg&utm_medium=hypr&utm_campaign=varejo_all_300x600&utm_term=vrnac26aq106000001807&utm_content=t1-cpc-prc-zezeall_cn
GLOBO BALNEÁRIO CAMBORIÚ;88330-663 Av. do Estado Dalmo Vieira 5101 Centro SC Balneário Camboriú;-269.985.956;-4.864.528.929.999.990;;https://www.nissan.com.br/test-drive.html?dcp=prg-spe-all-300x600-varejo-t1-cpc-a25+-na-prc-zeze-vrnac26aq106000001807-bra-rg&utm_source=prg&utm_medium=hypr&utm_campaign=varejo_all_300x600&utm_term=vrnac26aq106000001807&utm_content=t1-cpc-prc-zezeall_cn
GLOBO CURITIBA;80045-125 Rua XV de Novembro 2300 ALTO DA RUA XV PR Curitiba;-254.271.569;-49.251.912;;https://www.nissan.com.br/test-drive.html?dcp=prg-spe-all-300x600-varejo-t1-cpc-a25+-na-prc-zeze-vrnac26aq106000001807-bra-rg&utm_source=prg&utm_medium=hypr&utm_campaign=varejo_all_300x600&utm_term=vrnac26aq106000001807&utm_content=t1-cpc-prc-zezeall_cn
GLOBO FLORIANÓPOLIS;88070-800 Rua General Liberato Bittencourt 1475 Estreito SC Florianópolis;-275.868.887;-485.814.047;;https://www.nissan.com.br/test-drive.html?dcp=prg-spe-all-300x600-varejo-t1-cpc-a25+-na-prc-zeze-vrnac26aq106000001807-bra-rg&utm_source=prg&utm_medium=hypr&utm_campaign=varejo_all_300x600&utm_term=vrnac26aq106000001807&utm_content=t1-cpc-prc-zezeall_cn
GLOBO ITAJAI;88306-000 Rod. Osvaldo Reis 460 FAZENDINHA SC Itajaí;-269.267.363;-486.470.726;;https://www.nissan.com.br/test-drive.html?dcp=prg-spe-all-300x600-varejo-t1-cpc-a25+-na-prc-zeze-vrnac26aq106000001807-bra-rg&utm_source=prg&utm_medium=hypr&utm_campaign=varejo_all_300x600&utm_term=vrnac26aq106000001807&utm_content=t1-cpc-prc-zezeall_cn
GLOBO S J PINHAIS;83005-450 Av. das Torres 2344 SÃO PEDRO PR São José dos Pinhais;-255.434.301;-49.191.735;;https://www.nissan.com.br/test-drive.html?dcp=prg-spe-all-300x600-varejo-t1-cpc-a25+-na-prc-zeze-vrnac26aq106000001807-bra-rg&utm_source=prg&utm_medium=hypr&utm_campaign=varejo_all_300x600&utm_term=vrnac26aq106000001807&utm_content=t1-cpc-prc-zezeall_cn
GLOBO SAO JOSE;88102-650 Rua Joaquim Vaz 1615 PRAIA COMPRIDA SC São José;-276.043.811;-48.622.301;;https://www.nissan.com.br/test-drive.html?dcp=prg-spe-all-300x600-varejo-t1-cpc-a25+-na-prc-zeze-vrnac26aq106000001807-bra-rg&utm_source=prg&utm_medium=hypr&utm_campaign=varejo_all_300x600&utm_term=vrnac26aq106000001807&utm_content=t1-cpc-prc-zezeall_cn
GRAND PREMIER BRASILIA;71200-010 Sia Sul Trecho 02 Lotes 90 a 170 90 SETOR DE INDUSTRIA DF Brasília;-158.079.351;-479.621.832;;https://www.nissan.com.br/test-drive.html?dcp=prg-spe-all-300x600-varejo-t1-cpc-a25+-na-prc-zeze-vrnac26aq106000001807-bra-rg&utm_source=prg&utm_medium=hypr&utm_campaign=varejo_all_300x600&utm_term=vrnac26aq106000001807&utm_content=t1-cpc-prc-zezeall_cn
GRANJAPAN PETROLINA;56304-160 Av. Monsenhor Angelo Sampaio 218 CENTRO PE Petrolina;-93.949.237;-404.898.073;;https://www.nissan.com.br/test-drive.html?dcp=prg-spe-all-300x600-varejo-t1-cpc-a25+-na-prc-zeze-vrnac26aq106000001807-bra-rg&utm_source=prg&utm_medium=hypr&utm_campaign=varejo_all_300x600&utm_term=vrnac26aq106000001807&utm_content=t1-cpc-prc-zezeall_cn
IESA AV TARSO DUTRA;90690-140 Av. Senador Tarso Dutra 285 PETRÓPOLIS RS Porto Alegre;-300.413.102;-511.736.866;;https://www.nissan.com.br/test-drive.html?dcp=prg-spe-all-300x600-varejo-t1-cpc-a25+-na-prc-zeze-vrnac26aq106000001807-bra-rg&utm_source=prg&utm_medium=hypr&utm_campaign=varejo_all_300x600&utm_term=vrnac26aq106000001807&utm_content=t1-cpc-prc-zezeall_cn
IESA AV. WENCESLAU ESCOBAR;91900-000 Avenida Wenceslau Escobar 1204 Cristal RS Porto Alegre;-3.010.114.299.999.990;-51.248.862;;https://www.nissan.com.br/test-drive.html?dcp=prg-spe-all-300x600-varejo-t1-cpc-a25+-na-prc-zeze-vrnac26aq106000001807-bra-rg&utm_source=prg&utm_medium=hypr&utm_campaign=varejo_all_300x600&utm_term=vrnac26aq106000001807&utm_content=t1-cpc-prc-zezeall_cn
IESA CANOAS;92010-011 Av. Getúlio Vargas 6443 CENTRO RS Canoas;-299.084.609;-511.767.753;;https://www.nissan.com.br/test-drive.html?dcp=prg-spe-all-300x600-varejo-t1-cpc-a25+-na-prc-zeze-vrnac26aq106000001807-bra-rg&utm_source=prg&utm_medium=hypr&utm_campaign=varejo_all_300x600&utm_term=vrnac26aq106000001807&utm_content=t1-cpc-prc-zezeall_cn
IESA CHAPECÓ;89804-060 Rua Tiradentes 131 São Cristóvão SC Chapecó;-270.795.753;-526.248.635;;https://www.nissan.com.br/test-drive.html?dcp=prg-spe-all-300x600-varejo-t1-cpc-a25+-na-prc-zeze-vrnac26aq106000001807-bra-rg&utm_source=prg&utm_medium=hypr&utm_campaign=varejo_all_300x600&utm_term=vrnac26aq106000001807&utm_content=t1-cpc-prc-zezeall_cn
IESA ERECHIM;99709-200 BR-153 15 Fátima RS Erechim;-276.531.132;-522.618.133;;https://www.nissan.com.br/test-drive.html?dcp=prg-spe-all-300x600-varejo-t1-cpc-a25+-na-prc-zeze-vrnac26aq106000001807-bra-rg&utm_source=prg&utm_medium=hypr&utm_campaign=varejo_all_300x600&utm_term=vrnac26aq106000001807&utm_content=t1-cpc-prc-zezeall_cn
IESA FLORIANÓPOLIS;88035000 Avenida Madre Benvenuta 687 Santa Mônica SC Florianópolis;-27.590.134;-485.148.157;;https://www.nissan.com.br/test-drive.html?dcp=prg-spe-all-300x600-varejo-t1-cpc-a25+-na-prc-zeze-vrnac26aq106000001807-bra-rg&utm_source=prg&utm_medium=hypr&utm_campaign=varejo_all_300x600&utm_term=vrnac26aq106000001807&utm_content=t1-cpc-prc-zezeall_cn
IESA GRAVATAÍ;94090-720 Rodovia RS-020 110 Vera Cruz RS Gravataí;-299.293.725;-510.610.776;;https://www.nissan.com.br/test-drive.html?dcp=prg-spe-all-300x600-varejo-t1-cpc-a25+-na-prc-zeze-vrnac26aq106000001807-bra-rg&utm_source=prg&utm_medium=hypr&utm_campaign=varejo_all_300x600&utm_term=vrnac26aq106000001807&utm_content=t1-cpc-prc-zezeall_cn
IESA NOVO HAMBURGO;93334-300 Estrada BR 116 496 IDEAL RS Novo Hamburgo;-297.104.957;-511.473.361;;https://www.nissan.com.br/test-drive.html?dcp=prg-spe-all-300x600-varejo-t1-cpc-a25+-na-prc-zeze-vrnac26aq106000001807-bra-rg&utm_source=prg&utm_medium=hypr&utm_campaign=varejo_all_300x600&utm_term=vrnac26aq106000001807&utm_content=t1-cpc-prc-zezeall_cn
IESA OSORIO;95520-000 Rodovia BR 101 1100 Centro RS Osório;-298.885.765;-502.765.752;;https://www.nissan.com.br/test-drive.html?dcp=prg-spe-all-300x600-varejo-t1-cpc-a25+-na-prc-zeze-vrnac26aq106000001807-bra-rg&utm_source=prg&utm_medium=hypr&utm_campaign=varejo_all_300x600&utm_term=vrnac26aq106000001807&utm_content=t1-cpc-prc-zezeall_cn
IESA SOUZA REIS;90240-650 Rua Souza Reis 365 São João RS Porto Alegre;-30.003.732;-511.896.693;;https://www.nissan.com.br/test-drive.html?dcp=prg-spe-all-300x600-varejo-t1-cpc-a25+-na-prc-zeze-vrnac26aq106000001807-bra-rg&utm_source=prg&utm_medium=hypr&utm_campaign=varejo_all_300x600&utm_term=vrnac26aq106000001807&utm_content=t1-cpc-prc-zezeall_cn
IESA TUBARÃO;88708285 Rua Januário Corrêa Bittencourt 443 Vila Esperança SC Tubarão;-284.682.627;-490.120.563;;https://www.nissan.com.br/test-drive.html?dcp=prg-spe-all-300x600-varejo-t1-cpc-a25+-na-prc-zeze-vrnac26aq106000001807-bra-rg&utm_source=prg&utm_medium=hypr&utm_campaign=varejo_all_300x600&utm_term=vrnac26aq106000001807&utm_content=t1-cpc-prc-zezeall_cn
ITAIMBE PASSO FUNDO;99034-600 Rodovia RS-153 391 Santa Marta RS Passo Fundo;-282.737.117;-524.436.332;;https://www.nissan.com.br/test-drive.html?dcp=prg-spe-all-300x600-varejo-t1-cpc-a25+-na-prc-zeze-vrnac26aq106000001807-bra-rg&utm_source=prg&utm_medium=hypr&utm_campaign=varejo_all_300x600&utm_term=vrnac26aq106000001807&utm_content=t1-cpc-prc-zezeall_cn
ITAIMBE PELOTAS;96055-005 Av. Fernando Osório 125 CENTRO RS Pelotas;-317.497.242;-523.407.474;;https://www.nissan.com.br/test-drive.html?dcp=prg-spe-all-300x600-varejo-t1-cpc-a25+-na-prc-zeze-vrnac26aq106000001807-bra-rg&utm_source=prg&utm_medium=hypr&utm_campaign=varejo_all_300x600&utm_term=vrnac26aq106000001807&utm_content=t1-cpc-prc-zezeall_cn
ITAIMBE SANTA MARIA;97095-465 Av. João Pozzobon 1605 KM 3 RS Santa Maria;-296.936.388;-537.818.501;;https://www.nissan.com.br/test-drive.html?dcp=prg-spe-all-300x600-varejo-t1-cpc-a25+-na-prc-zeze-vrnac26aq106000001807-bra-rg&utm_source=prg&utm_medium=hypr&utm_campaign=varejo_all_300x600&utm_term=vrnac26aq106000001807&utm_content=t1-cpc-prc-zezeall_cn
JADE FEIRA DE SANTANA;44088-451 Avenida Presidente Dutra 2677 Capuchinhos BA Feira de Santana;-122.677.166;-389.423.034;;https://www.nissan.com.br/test-drive.html?dcp=prg-spe-all-300x600-varejo-t1-cpc-a25+-na-prc-zeze-vrnac26aq106000001807-bra-rg&utm_source=prg&utm_medium=hypr&utm_campaign=varejo_all_300x600&utm_term=vrnac26aq106000001807&utm_content=t1-cpc-prc-zezeall_cn
JADE IRECÊ;44864-130 Avenida 2 de Agosto 352 Asa Norte BA Irecê;-113.022.176;-418.476.563;;https://www.nissan.com.br/test-drive.html?dcp=prg-spe-all-300x600-varejo-t1-cpc-a25+-na-prc-zeze-vrnac26aq106000001807-bra-rg&utm_source=prg&utm_medium=hypr&utm_campaign=varejo_all_300x600&utm_term=vrnac26aq106000001807&utm_content=t1-cpc-prc-zezeall_cn
JADE ITABUNA;45600-297 Av. José Soares Pinheiro 1671 Lomanto BA Itabuna;-148.051.051;-39.291.924;;https://www.nissan.com.br/test-drive.html?dcp=prg-spe-all-300x600-varejo-t1-cpc-a25+-na-prc-zeze-vrnac26aq106000001807-bra-rg&utm_source=prg&utm_medium=hypr&utm_campaign=varejo_all_300x600&utm_term=vrnac26aq106000001807&utm_content=t1-cpc-prc-zezeall_cn
JADE TEIXEIRA DE FREITAS;45985-200 Av. Presidente Getúlio Vargas 603 Centro BA Teixeira de Freitas;-175.400.387;-397.449.866;;https://www.nissan.com.br/test-drive.html?dcp=prg-spe-all-300x600-varejo-t1-cpc-a25+-na-prc-zeze-vrnac26aq106000001807-bra-rg&utm_source=prg&utm_medium=hypr&utm_campaign=varejo_all_300x600&utm_term=vrnac26aq106000001807&utm_content=t1-cpc-prc-zezeall_cn
JADE VITÓRIA DA CONQUISTA;45023-000 Av. Presidente Dutra 634 Felicia BA Vitória da Conquista;-148.748.357;-408.519.897;;https://www.nissan.com.br/test-drive.html?dcp=prg-spe-all-300x600-varejo-t1-cpc-a25+-na-prc-zeze-vrnac26aq106000001807-bra-rg&utm_source=prg&utm_medium=hypr&utm_campaign=varejo_all_300x600&utm_term=vrnac26aq106000001807&utm_content=t1-cpc-prc-zezeall_cn
JANGADA JÚLIO VENTURA;60140-230 Av. Julio Ventura 200 ALDEOTA CE Fortaleza;-37.404.107;-385.057.274;;https://www.nissan.com.br/test-drive.html?dcp=prg-spe-all-300x600-varejo-t1-cpc-a25+-na-prc-zeze-vrnac26aq106000001807-bra-rg&utm_source=prg&utm_medium=hypr&utm_campaign=varejo_all_300x600&utm_term=vrnac26aq106000001807&utm_content=t1-cpc-prc-zezeall_cn
JANGADA WASHINGTON SOARES;60811-341 Av. Washington Soares 2055 EDSON QUEIROZ CE Fortaleza;-3.776.796.199.999.990;-384.809.677;;https://www.nissan.com.br/test-drive.html?dcp=prg-spe-all-300x600-varejo-t1-cpc-a25+-na-prc-zeze-vrnac26aq106000001807-bra-rg&utm_source=prg&utm_medium=hypr&utm_campaign=varejo_all_300x600&utm_term=vrnac26aq106000001807&utm_content=t1-cpc-prc-zezeall_cn
JAPAN PARNAIBA;64205-190 Rodovia BR - 343 - L Par 3438 João XXIII PI Parnaíba;-28.961.318;-41.702.098;;https://www.nissan.com.br/test-drive.html?dcp=prg-spe-all-300x600-varejo-t1-cpc-a25+-na-prc-zeze-vrnac26aq106000001807-bra-rg&utm_source=prg&utm_medium=hypr&utm_campaign=varejo_all_300x600&utm_term=vrnac26aq106000001807&utm_content=t1-cpc-prc-zezeall_cn
JAPAN TERESINA;64045-000 Avenida João XXIII 3480 Noivos PI Teresina;-5.082.132;-427.664.154;;https://www.nissan.com.br/test-drive.html?dcp=prg-spe-all-300x600-varejo-t1-cpc-a25+-na-prc-zeze-vrnac26aq106000001807-bra-rg&utm_source=prg&utm_medium=hypr&utm_campaign=varejo_all_300x600&utm_term=vrnac26aq106000001807&utm_content=t1-cpc-prc-zezeall_cn
KATANA GOIANIA T1;74210-270 Avenida T 8 425 Setor Bueno GO Goiânia;-166.938.933;-492.727.765;;https://www.nissan.com.br/test-drive.html?dcp=prg-spe-all-300x600-varejo-t1-cpc-a25+-na-prc-zeze-vrnac26aq106000001807-bra-rg&utm_source=prg&utm_medium=hypr&utm_campaign=varejo_all_300x600&utm_term=vrnac26aq106000001807&utm_content=t1-cpc-prc-zezeall_cn
KEIJI UBERABA;38022-290 Avenida Coronel Joaquim de Oliveira Prata 1091 Bom Retiro MG Uberaba;-197.710.282;-479.420.142;;https://www.nissan.com.br/test-drive.html?dcp=prg-spe-all-300x600-varejo-t1-cpc-a25+-na-prc-zeze-vrnac26aq106000001807-bra-rg&utm_source=prg&utm_medium=hypr&utm_campaign=varejo_all_300x600&utm_term=vrnac26aq106000001807&utm_content=t1-cpc-prc-zezeall_cn
KEIJI VEICULOS FRANCA;14403-000 Avenida Doutor Ismael Alonso Y. Alonso 185 Jardim Veneza SP Franca;-205.523.358;-474.056.612;;https://www.nissan.com.br/test-drive.html?dcp=prg-spe-all-300x600-varejo-t1-cpc-a25+-na-prc-zeze-vrnac26aq106000001807-bra-rg&utm_source=prg&utm_medium=hypr&utm_campaign=varejo_all_300x600&utm_term=vrnac26aq106000001807&utm_content=t1-cpc-prc-zezeall_cn
KEIJI VEICULOS RIBEIRÃO PRETO;14095-000 Avenida Presidente Castelo Branco 1235 Parque Industrial Lagoinha SP Ribeirão Preto;-211.954.773;-477.722.343;;https://www.nissan.com.br/test-drive.html?dcp=prg-spe-all-300x600-varejo-t1-cpc-a25+-na-prc-zeze-vrnac26aq106000001807-bra-rg&utm_source=prg&utm_medium=hypr&utm_campaign=varejo_all_300x600&utm_term=vrnac26aq106000001807&utm_content=t1-cpc-prc-zezeall_cn
KEIKO BARRA MANSA;27333-236 RUA ANTONIO LUIZ PIRES 20 Barra Mansa - RJ RJ Barra Mansa;-225.598.587;-441.210.218;;https://www.nissan.com.br/test-drive.html?dcp=prg-spe-all-300x600-varejo-t1-cpc-a25+-na-prc-zeze-vrnac26aq106000001807-bra-rg&utm_source=prg&utm_medium=hypr&utm_campaign=varejo_all_300x600&utm_term=vrnac26aq106000001807&utm_content=t1-cpc-prc-zezeall_cn
KEIKO CAMPO GRANDE - RJ;23045-830 Estrada do Monteiro 540 Campo Grande RJ Rio de Janeiro;-229.194.384;-43.563.576;;https://www.nissan.com.br/test-drive.html?dcp=prg-spe-all-300x600-varejo-t1-cpc-a25+-na-prc-zeze-vrnac26aq106000001807-bra-rg&utm_source=prg&utm_medium=hypr&utm_campaign=varejo_all_300x600&utm_term=vrnac26aq106000001807&utm_content=t1-cpc-prc-zezeall_cn
KEIKO DUQUE DE CAXIAS;25085-008 Rodovia Washington Luiz 1375 Parque Duque RJ Duque de Caxias;-227.991.912;-432.906.521;;https://www.nissan.com.br/test-drive.html?dcp=prg-spe-all-300x600-varejo-t1-cpc-a25+-na-prc-zeze-vrnac26aq106000001807-bra-rg&utm_source=prg&utm_medium=hypr&utm_campaign=varejo_all_300x600&utm_term=vrnac26aq106000001807&utm_content=t1-cpc-prc-zezeall_cn
KEIKO NOVA IGUAÇU;26210-210 Av. Governador Roberto Silveira 217 Centro RJ Nova Iguaçu;-227.559.828;-4.345.515.109.999.990;;https://www.nissan.com.br/test-drive.html?dcp=prg-spe-all-300x600-varejo-t1-cpc-a25+-na-prc-zeze-vrnac26aq106000001807-bra-rg&utm_source=prg&utm_medium=hypr&utm_campaign=varejo_all_300x600&utm_term=vrnac26aq106000001807&utm_content=t1-cpc-prc-zezeall_cn
KEIKO PETRÓPOLIS;25665-135 Rua Doutor Paulo Herve 1111 Bingen RJ Petrópolis;-225.136.459;-432.216.766;;https://www.nissan.com.br/test-drive.html?dcp=prg-spe-all-300x600-varejo-t1-cpc-a25+-na-prc-zeze-vrnac26aq106000001807-bra-rg&utm_source=prg&utm_medium=hypr&utm_campaign=varejo_all_300x600&utm_term=vrnac26aq106000001807&utm_content=t1-cpc-prc-zezeall_cn
KENTO MOGI MIRIM;13800-207 Rua Padre Roque 2222 JARDIM AUREA SP Mogi Mirim;-224.451.069;-469.752.977;;https://www.nissan.com.br/test-drive.html?dcp=prg-spe-all-300x600-varejo-t1-cpc-a25+-na-prc-zeze-vrnac26aq106000001807-bra-rg&utm_source=prg&utm_medium=hypr&utm_campaign=varejo_all_300x600&utm_term=vrnac26aq106000001807&utm_content=t1-cpc-prc-zezeall_cn
KENTO SÃO JOÃO DA BOA VISTA;13874-622 Avenida Treze de Maio 729 VILA LOYOLA SP São João da Boa Vista;-219.773.587;-46.772.632;;https://www.nissan.com.br/test-drive.html?dcp=prg-spe-all-300x600-varejo-t1-cpc-a25+-na-prc-zeze-vrnac26aq106000001807-bra-rg&utm_source=prg&utm_medium=hypr&utm_campaign=varejo_all_300x600&utm_term=vrnac26aq106000001807&utm_content=t1-cpc-prc-zezeall_cn
KOBE BH;31270122 Avenida Presidente Antônio Carlos 6280 Indaiá MG Belo Horizonte;-19.867.258;-4.395.592;;https://www.nissan.com.br/test-drive.html?dcp=prg-spe-all-300x600-varejo-t1-cpc-a25+-na-prc-zeze-vrnac26aq106000001807-bra-rg&utm_source=prg&utm_medium=hypr&utm_campaign=varejo_all_300x600&utm_term=vrnac26aq106000001807&utm_content=t1-cpc-prc-zezeall_cn
KOBE CACHOEIRO DO ITAPEMIRIM;29313-656 Rodovia Engenheiro Fabiano Vivacqua 223 Marbrasa ES Cachoeiro de Itapemirim;-208.364.259;-41.158.111;;https://www.nissan.com.br/test-drive.html?dcp=prg-spe-all-300x600-varejo-t1-cpc-a25+-na-prc-zeze-vrnac26aq106000001807-bra-rg&utm_source=prg&utm_medium=hypr&utm_campaign=varejo_all_300x600&utm_term=vrnac26aq106000001807&utm_content=t1-cpc-prc-zezeall_cn
KOBE CONTAGEM;32210110 Avenida General David Sarnoff 4123 Cidade Industrial MG Contagem;-199.558.693;-440.171.812;;https://www.nissan.com.br/test-drive.html?dcp=prg-spe-all-300x600-varejo-t1-cpc-a25+-na-prc-zeze-vrnac26aq106000001807-bra-rg&utm_source=prg&utm_medium=hypr&utm_campaign=varejo_all_300x600&utm_term=vrnac26aq106000001807&utm_content=t1-cpc-prc-zezeall_cn
KOBE GOV VALADARES;35010-070 Avenida Brasil 3550 CENTRO MG Governador Valadares;-188.601.904;-419.470.512;;https://www.nissan.com.br/test-drive.html?dcp=prg-spe-all-300x600-varejo-t1-cpc-a25+-na-prc-zeze-vrnac26aq106000001807-bra-rg&utm_source=prg&utm_medium=hypr&utm_campaign=varejo_all_300x600&utm_term=vrnac26aq106000001807&utm_content=t1-cpc-prc-zezeall_cn
KOBE IPATINGA;35160-291 Av. Pedro Linhares Gomes 2490 INDUSTRIAL MG Ipatinga;-194.927.494;-4.256.348.370.000.000;;https://www.nissan.com.br/test-drive.html?dcp=prg-spe-all-300x600-varejo-t1-cpc-a25+-na-prc-zeze-vrnac26aq106000001807-bra-rg&utm_source=prg&utm_medium=hypr&utm_campaign=varejo_all_300x600&utm_term=vrnac26aq106000001807&utm_content=t1-cpc-prc-zezeall_cn
KOBE LINHARES;29907-515 Avenida Prefeito Samuel Batista Cruz 5203 Nova Betania ES Linhares;-193.662.779;-400.659.071;;https://www.nissan.com.br/test-drive.html?dcp=prg-spe-all-300x600-varejo-t1-cpc-a25+-na-prc-zeze-vrnac26aq106000001807-bra-rg&utm_source=prg&utm_medium=hypr&utm_campaign=varejo_all_300x600&utm_term=vrnac26aq106000001807&utm_content=t1-cpc-prc-zezeall_cn
KOBE MANHUAÇU;36900-000 Rod. BR 262 30 BOM JARDIM MG Manhuaçu;-202.727.419;-420.403.501;;https://www.nissan.com.br/test-drive.html?dcp=prg-spe-all-300x600-varejo-t1-cpc-a25+-na-prc-zeze-vrnac26aq106000001807-bra-rg&utm_source=prg&utm_medium=hypr&utm_campaign=varejo_all_300x600&utm_term=vrnac26aq106000001807&utm_content=t1-cpc-prc-zezeall_cn
KOBE VILA VELHA;29119-015 Av. Carlos Lindenberg 3400 ATAIDE ES Vila Velha;-203.513.431;-403.260.093;;https://www.nissan.com.br/test-drive.html?dcp=prg-spe-all-300x600-varejo-t1-cpc-a25+-na-prc-zeze-vrnac26aq106000001807-bra-rg&utm_source=prg&utm_medium=hypr&utm_campaign=varejo_all_300x600&utm_term=vrnac26aq106000001807&utm_content=t1-cpc-prc-zezeall_cn
KOBE VILA VELHA SHOPPING;29107-900 Rua Luciano das Neves 2418 Divino Espírito Santo ES Vila Velha;-203.514.934;-402.961.271;;https://www.nissan.com.br/test-drive.html?dcp=prg-spe-all-300x600-varejo-t1-cpc-a25+-na-prc-zeze-vrnac26aq106000001807-bra-rg&utm_source=prg&utm_medium=hypr&utm_campaign=varejo_all_300x600&utm_term=vrnac26aq106000001807&utm_content=t1-cpc-prc-zezeall_cn
KOBE VITORIA;29075-010 Av. Fernando Ferrari 1960 GOIABEIRAS ES Vitória;-202.683.839;-402.992.928;;https://www.nissan.com.br/test-drive.html?dcp=prg-spe-all-300x600-varejo-t1-cpc-a25+-na-prc-zeze-vrnac26aq106000001807-bra-rg&utm_source=prg&utm_medium=hypr&utm_campaign=varejo_all_300x600&utm_term=vrnac26aq106000001807&utm_content=t1-cpc-prc-zezeall_cn
LEAUTO BOTAFOGO;22281-035 Rua Real Grandeza 301 BOTAFOGO RJ Rio de Janeiro;-229.574.659;-431.913.822;;https://www.nissan.com.br/test-drive.html?dcp=prg-spe-all-300x600-varejo-t1-cpc-a25+-na-prc-zeze-vrnac26aq106000001807-bra-rg&utm_source=prg&utm_medium=hypr&utm_campaign=varejo_all_300x600&utm_term=vrnac26aq106000001807&utm_content=t1-cpc-prc-zezeall_cn
LEAUTO MARACANÃ;20530-001 Boulevard Vinte e Oito de setembro 3 Maracanã RJ Rio de Janeiro;-229.140.085;-432.350.125;;https://www.nissan.com.br/test-drive.html?dcp=prg-spe-all-300x600-varejo-t1-cpc-a25+-na-prc-zeze-vrnac26aq106000001807-bra-rg&utm_source=prg&utm_medium=hypr&utm_campaign=varejo_all_300x600&utm_term=vrnac26aq106000001807&utm_content=t1-cpc-prc-zezeall_cn
MARLIN BOA VISTA;69306-405 Av.Ville Roy 4852 NOSSA SENHORA APARECIDA RR Boa Vista;28.307.522;-606.648.472;;https://www.nissan.com.br/test-drive.html?dcp=prg-spe-all-300x600-varejo-t1-cpc-a25+-na-prc-zeze-vrnac26aq106000001807-bra-rg&utm_source=prg&utm_medium=hypr&utm_campaign=varejo_all_300x600&utm_term=vrnac26aq106000001807&utm_content=t1-cpc-prc-zezeall_cn
MIHARA UBA;36500-091 Av. Comendador Jacinto Soares de Souza Lima 1800 Centro MG Ubá;-211.137.607;-429.528.987;;https://www.nissan.com.br/test-drive.html?dcp=prg-spe-all-300x600-varejo-t1-cpc-a25+-na-prc-zeze-vrnac26aq106000001807-bra-rg&utm_source=prg&utm_medium=hypr&utm_campaign=varejo_all_300x600&utm_term=vrnac26aq106000001807&utm_content=t1-cpc-prc-zezeall_cn
NAGAI JUIZ DE FORA;36033-000 Av. Deusdedith Salgado 2460 TEIXEIRAS MG Juiz de Fora;-217.995.567;-433.692.572;;https://www.nissan.com.br/test-drive.html?dcp=prg-spe-all-300x600-varejo-t1-cpc-a25+-na-prc-zeze-vrnac26aq106000001807-bra-rg&utm_source=prg&utm_medium=hypr&utm_campaign=varejo_all_300x600&utm_term=vrnac26aq106000001807&utm_content=t1-cpc-prc-zezeall_cn
NICENTER AV BRASILIA;86025-180 Av. Brasilia 2699 JD. PAULISTA PR Londrina;-2.329.222;-511.703.852;;https://www.nissan.com.br/test-drive.html?dcp=prg-spe-all-300x600-varejo-t1-cpc-a25+-na-prc-zeze-vrnac26aq106000001807-bra-rg&utm_source=prg&utm_medium=hypr&utm_campaign=varejo_all_300x600&utm_term=vrnac26aq106000001807&utm_content=t1-cpc-prc-zezeall_cn
NICENTER AV TIRADENTES;86070-545 Av. Tiradentes 209 JD. DOM BOSCO PR Londrina;-233.020.711;-511.757.776;;https://www.nissan.com.br/test-drive.html?dcp=prg-spe-all-300x600-varejo-t1-cpc-a25+-na-prc-zeze-vrnac26aq106000001807-bra-rg&utm_source=prg&utm_medium=hypr&utm_campaign=varejo_all_300x600&utm_term=vrnac26aq106000001807&utm_content=t1-cpc-prc-zezeall_cn
NIKAI ARAPIRACA;57300-000 Rod AL 220 SENADOR ARNON DE MELO AL Arapiraca;-9.740.226.999.999.990;-366.926.378;;https://www.nissan.com.br/test-drive.html?dcp=prg-spe-all-300x600-varejo-t1-cpc-a25+-na-prc-zeze-vrnac26aq106000001807-bra-rg&utm_source=prg&utm_medium=hypr&utm_campaign=varejo_all_300x600&utm_term=vrnac26aq106000001807&utm_content=t1-cpc-prc-zezeall_cn
NIKAI MACEIO;57038-000 Avenida Comendador Gustavo Paiva 4175 Mangabeiras AL Maceió;-96.288.137;-356.986.372;;https://www.nissan.com.br/test-drive.html?dcp=prg-spe-all-300x600-varejo-t1-cpc-a25+-na-prc-zeze-vrnac26aq106000001807-bra-rg&utm_source=prg&utm_medium=hypr&utm_campaign=varejo_all_300x600&utm_term=vrnac26aq106000001807&utm_content=t1-cpc-prc-zezeall_cn
NINJA FOZ DO IGUAÇU;85863-762 Avenida Costa e Silva 1555 Alto São Francisco PR Foz do Iguaçu;-255.263.114;-545.670.327;;https://www.nissan.com.br/test-drive.html?dcp=prg-spe-all-300x600-varejo-t1-cpc-a25+-na-prc-zeze-vrnac26aq106000001807-bra-rg&utm_source=prg&utm_medium=hypr&utm_campaign=varejo_all_300x600&utm_term=vrnac26aq106000001807&utm_content=t1-cpc-prc-zezeall_cn
NINJA TOLEDO;85906-370 Avenida José João Muraro 996 Jardim Porto Alegre PR Toledo;-247.259.338;-537.283.782;;https://www.nissan.com.br/test-drive.html?dcp=prg-spe-all-300x600-varejo-t1-cpc-a25+-na-prc-zeze-vrnac26aq106000001807-bra-rg&utm_source=prg&utm_medium=hypr&utm_campaign=varejo_all_300x600&utm_term=vrnac26aq106000001807&utm_content=t1-cpc-prc-zezeall_cn
NISCAR CAMPINA GRANDE;58407-530 Rua Raimundo Nonato de Araújo 201 José Pinheiro PB Campina Grande;-72.303.831;-358.695.661;;https://www.nissan.com.br/test-drive.html?dcp=prg-spe-all-300x600-varejo-t1-cpc-a25+-na-prc-zeze-vrnac26aq106000001807-bra-rg&utm_source=prg&utm_medium=hypr&utm_campaign=varejo_all_300x600&utm_term=vrnac26aq106000001807&utm_content=t1-cpc-prc-zezeall_cn
NISCAR PATOS;58705-280 Rua Prefeito Biroca Firmino Sete Casas PB Patos;-70.094.901;-372.881.836;;https://www.nissan.com.br/test-drive.html?dcp=prg-spe-all-300x600-varejo-t1-cpc-a25+-na-prc-zeze-vrnac26aq106000001807-bra-rg&utm_source=prg&utm_medium=hypr&utm_campaign=varejo_all_300x600&utm_term=vrnac26aq106000001807&utm_content=t1-cpc-prc-zezeall_cn
NIX BLUMENAU;89015-203 Rua Itajaí 1793 VORSTADT SC Blumenau;-26.911.511;-490.478.593;;https://www.nissan.com.br/test-drive.html?dcp=prg-spe-all-300x600-varejo-t1-cpc-a25+-na-prc-zeze-vrnac26aq106000001807-bra-rg&utm_source=prg&utm_medium=hypr&utm_campaign=varejo_all_300x600&utm_term=vrnac26aq106000001807&utm_content=t1-cpc-prc-zezeall_cn
NIX JARAGUA DO SUL;89251-100 Rua Presidente Epitácio Pessoa 1081 CENTRO SC Jaraguá do Sul;-264.754.997;-490.905.932;;https://www.nissan.com.br/test-drive.html?dcp=prg-spe-all-300x600-varejo-t1-cpc-a25+-na-prc-zeze-vrnac26aq106000001807-bra-rg&utm_source=prg&utm_medium=hypr&utm_campaign=varejo_all_300x600&utm_term=vrnac26aq106000001807&utm_content=t1-cpc-prc-zezeall_cn
NIX JOINVILLE;89237-001 Rua Quinze de Novembro 3706 GLORIA SC Joinville;-262.925.326;-488.766.151;;https://www.nissan.com.br/test-drive.html?dcp=prg-spe-all-300x600-varejo-t1-cpc-a25+-na-prc-zeze-vrnac26aq106000001807-bra-rg&utm_source=prg&utm_medium=hypr&utm_campaign=varejo_all_300x600&utm_term=vrnac26aq106000001807&utm_content=t1-cpc-prc-zezeall_cn
PRIMAVIA BARREIRAS;47807-510 Rod. Br 020 209 VILA RICA BA Barreiras;-121.285.323;-450.176.188;;https://www.nissan.com.br/test-drive.html?dcp=prg-spe-all-300x600-varejo-t1-cpc-a25+-na-prc-zeze-vrnac26aq106000001807-bra-rg&utm_source=prg&utm_medium=hypr&utm_campaign=varejo_all_300x600&utm_term=vrnac26aq106000001807&utm_content=t1-cpc-prc-zezeall_cn
PRIMAVIA UNAI;38610-000 Rua Aldeia 10 CENTRO MG Unaí;-163.635.115;-469.032.355;;https://www.nissan.com.br/test-drive.html?dcp=prg-spe-all-300x600-varejo-t1-cpc-a25+-na-prc-zeze-vrnac26aq106000001807-bra-rg&utm_source=prg&utm_medium=hypr&utm_campaign=varejo_all_300x600&utm_term=vrnac26aq106000001807&utm_content=t1-cpc-prc-zezeall_cn
PROESTE BAURU;17013-242 Avenida Rodrigues Alves 22 Vila Cardia SP Bauru;-223.199.459;-49.058.667;;https://www.nissan.com.br/test-drive.html?dcp=prg-spe-all-300x600-varejo-t1-cpc-a25+-na-prc-zeze-vrnac26aq106000001807-bra-rg&utm_source=prg&utm_medium=hypr&utm_campaign=varejo_all_300x600&utm_term=vrnac26aq106000001807&utm_content=t1-cpc-prc-zezeall_cn
PROESTE MARILIA;17519-000 Av. Tiradentes 1268 FRAGATA SP Marília;-222.273.877;-49.932.753;;https://www.nissan.com.br/test-drive.html?dcp=prg-spe-all-300x600-varejo-t1-cpc-a25+-na-prc-zeze-vrnac26aq106000001807-bra-rg&utm_source=prg&utm_medium=hypr&utm_campaign=varejo_all_300x600&utm_term=vrnac26aq106000001807&utm_content=t1-cpc-prc-zezeall_cn
PROESTE PRESIDENTE PRUDENTE;19060-000 Avenida Manoel Goulart 3700 Vila Santa Helena SP Presidente Prudente;-221.190.196;-5.141.778.619.999.990;;https://www.nissan.com.br/test-drive.html?dcp=prg-spe-all-300x600-varejo-t1-cpc-a25+-na-prc-zeze-vrnac26aq106000001807-bra-rg&utm_source=prg&utm_medium=hypr&utm_campaign=varejo_all_300x600&utm_term=vrnac26aq106000001807&utm_content=t1-cpc-prc-zezeall_cn
RAVIERA CAMPO GRANDE;79040-000 Rua Ceará 242 Chácara Cachoeira MS Campo Grande;-204.610.491;-546.045.262;;https://www.nissan.com.br/test-drive.html?dcp=prg-spe-all-300x600-varejo-t1-cpc-a25+-na-prc-zeze-vrnac26aq106000001807-bra-rg&utm_source=prg&utm_medium=hypr&utm_campaign=varejo_all_300x600&utm_term=vrnac26aq106000001807&utm_content=t1-cpc-prc-zezeall_cn
RAVIERA DOURADOS;79840-630 Avenida Marcelino Pires 5110 Vila Industrial MS Dourados;-222.246.667;-547.780.269;;https://www.nissan.com.br/test-drive.html?dcp=prg-spe-all-300x600-varejo-t1-cpc-a25+-na-prc-zeze-vrnac26aq106000001807-bra-rg&utm_source=prg&utm_medium=hypr&utm_campaign=varejo_all_300x600&utm_term=vrnac26aq106000001807&utm_content=t1-cpc-prc-zezeall_cn
REDENÇÃO NATAL;59054-700 Avenida Prudente de Morais 3398 Lagoa Nova RN Natal;-58.120.742;-352.104.439;;https://www.nissan.com.br/test-drive.html?dcp=prg-spe-all-300x600-varejo-t1-cpc-a25+-na-prc-zeze-vrnac26aq106000001807-bra-rg&utm_source=prg&utm_medium=hypr&utm_campaign=varejo_all_300x600&utm_term=vrnac26aq106000001807&utm_content=t1-cpc-prc-zezeall_cn
SAGA ANAPOLIS;75124-820 Avenida Brasil 4250 SETOR SUL JAMIL MIGUEL GO Anápolis;-16.337.443;-48.952.963;;https://www.nissan.com.br/test-drive.html?dcp=prg-spe-all-300x600-varejo-t1-cpc-a25+-na-prc-zeze-vrnac26aq106000001807-bra-rg&utm_source=prg&utm_medium=hypr&utm_campaign=varejo_all_300x600&utm_term=vrnac26aq106000001807&utm_content=t1-cpc-prc-zezeall_cn
SAGA AV. 85;74823-310 Avenida 85 1010 Setor Bela Vista GO Goiânia;-166.950.033;-492.642.491;;https://www.nissan.com.br/test-drive.html?dcp=prg-spe-all-300x600-varejo-t1-cpc-a25+-na-prc-zeze-vrnac26aq106000001807-bra-rg&utm_source=prg&utm_medium=hypr&utm_campaign=varejo_all_300x600&utm_term=vrnac26aq106000001807&utm_content=t1-cpc-prc-zezeall_cn
SAGA CUIABÁ;78010-400 Avenida Fernando Correa da Costa 375 Areão MT Cuiabá;-156.036.604;-5.608.528.519.999.990;;https://www.nissan.com.br/test-drive.html?dcp=prg-spe-all-300x600-varejo-t1-cpc-a25+-na-prc-zeze-vrnac26aq106000001807-bra-rg&utm_source=prg&utm_medium=hypr&utm_campaign=varejo_all_300x600&utm_term=vrnac26aq106000001807&utm_content=t1-cpc-prc-zezeall_cn
SAGA RIO VERDE;75905-701 Rua Marcha Para o Oeste 1011 Setor Alvorada Prolongamento GO Rio Verde;-178.048.044;-5.092.259.050.000.000;;https://www.nissan.com.br/test-drive.html?dcp=prg-spe-all-300x600-varejo-t1-cpc-a25+-na-prc-zeze-vrnac26aq106000001807-bra-rg&utm_source=prg&utm_medium=hypr&utm_campaign=varejo_all_300x600&utm_term=vrnac26aq106000001807&utm_content=t1-cpc-prc-zezeall_cn
SAGA TAGUATINGA;71953-000 Q QS 03 Praça 400-A AGUAS CLARAS DF Brasília;-156.913.725;-478.271.418;;https://www.nissan.com.br/test-drive.html?dcp=prg-spe-all-300x600-varejo-t1-cpc-a25+-na-prc-zeze-vrnac26aq106000001807-bra-rg&utm_source=prg&utm_medium=hypr&utm_campaign=varejo_all_300x600&utm_term=vrnac26aq106000001807&utm_content=t1-cpc-prc-zezeall_cn
SAGA TANGARA DA SERRA;78304-110 Av Ismael Jose do Nascimento 2030 Parque Tangara MT Tangará da Serra;-146.270.552;-5.750.561.310.000.000;;https://www.nissan.com.br/test-drive.html?dcp=prg-spe-all-300x600-varejo-t1-cpc-a25+-na-prc-zeze-vrnac26aq106000001807-bra-rg&utm_source=prg&utm_medium=hypr&utm_campaign=varejo_all_300x600&utm_term=vrnac26aq106000001807&utm_content=t1-cpc-prc-zezeall_cn
SAGA TAQUARI;71551-010 ST HAB TAQUARI TR 1 AV COMERCIAL LT 5 E 6 LAGO NORTE DF Brasília;-157.221.002;-478.839.851;;https://www.nissan.com.br/test-drive.html?dcp=prg-spe-all-300x600-varejo-t1-cpc-a25+-na-prc-zeze-vrnac26aq106000001807-bra-rg&utm_source=prg&utm_medium=hypr&utm_campaign=varejo_all_300x600&utm_term=vrnac26aq106000001807&utm_content=t1-cpc-prc-zezeall_cn
SAGA VARZEA GRANDE;78115-806 Av. da Feb (Lot Manga) 1647 PONTE NOVA MT Várzea Grande;-15.626.538;-561.123.823;;https://www.nissan.com.br/test-drive.html?dcp=prg-spe-all-300x600-varejo-t1-cpc-a25+-na-prc-zeze-vrnac26aq106000001807-bra-rg&utm_source=prg&utm_medium=hypr&utm_campaign=varejo_all_300x600&utm_term=vrnac26aq106000001807&utm_content=t1-cpc-prc-zezeall_cn
SAN DIEGO ABOLICAO;21380-008 Av. Dom Helder Camara 9061 QUINTINO BOCAIUVA RJ Rio de Janeiro;-228.851.627;-433.150.177;;https://www.nissan.com.br/test-drive.html?dcp=prg-spe-all-300x600-varejo-t1-cpc-a25+-na-prc-zeze-vrnac26aq106000001807-bra-rg&utm_source=prg&utm_medium=hypr&utm_campaign=varejo_all_300x600&utm_term=vrnac26aq106000001807&utm_content=t1-cpc-prc-zezeall_cn
SAN DIEGO BARRA;22793-081 Av. das Américas 7250 BARRA DA TIJUCA RJ Rio de Janeiro;-229.998.176;-433.853.521;;https://www.nissan.com.br/test-drive.html?dcp=prg-spe-all-300x600-varejo-t1-cpc-a25+-na-prc-zeze-vrnac26aq106000001807-bra-rg&utm_source=prg&utm_medium=hypr&utm_campaign=varejo_all_300x600&utm_term=vrnac26aq106000001807&utm_content=t1-cpc-prc-zezeall_cn
SAN DIEGO RECREIO;22790-704 Avenida das Américas 17000 Recreio dos Bandeirantes RJ Rio de Janeiro;-230.157.368;-434.742.739;;https://www.nissan.com.br/test-drive.html?dcp=prg-spe-all-300x600-varejo-t1-cpc-a25+-na-prc-zeze-vrnac26aq106000001807-bra-rg&utm_source=prg&utm_medium=hypr&utm_campaign=varejo_all_300x600&utm_term=vrnac26aq106000001807&utm_content=t1-cpc-prc-zezeall_cn
SAN DIEGO SÃO CONRADO;22610-230 Praça São Conrado 20 São Conrado RJ Rio de Janeiro;-2.299.898;-4.327.073.000.000.000;;https://www.nissan.com.br/test-drive.html?dcp=prg-spe-all-300x600-varejo-t1-cpc-a25+-na-prc-zeze-vrnac26aq106000001807-bra-rg&utm_source=prg&utm_medium=hypr&utm_campaign=varejo_all_300x600&utm_term=vrnac26aq106000001807&utm_content=t1-cpc-prc-zezeall_cn
SANVEL ARACAJU;49025-620 Av. Presidente Tancredo Neves 640 JARDINS SE Aracaju;-109.520.738;-37.057.338;;https://www.nissan.com.br/test-drive.html?dcp=prg-spe-all-300x600-varejo-t1-cpc-a25+-na-prc-zeze-vrnac26aq106000001807-bra-rg&utm_source=prg&utm_medium=hypr&utm_campaign=varejo_all_300x600&utm_term=vrnac26aq106000001807&utm_content=t1-cpc-prc-zezeall_cn
SEIJIN CABO FRIO;28909-490 Av. Joaquin Nogueira 1530 Sao Cristovao RJ Cabo Frio;-228.885.131;-420.494.067;;https://www.nissan.com.br/test-drive.html?dcp=prg-spe-all-300x600-varejo-t1-cpc-a25+-na-prc-zeze-vrnac26aq106000001807-bra-rg&utm_source=prg&utm_medium=hypr&utm_campaign=varejo_all_300x600&utm_term=vrnac26aq106000001807&utm_content=t1-cpc-prc-zezeall_cn
SEIJIN CAMPOS DOS GOYTACAZES;28016-811 Avenida Alberto Lamego 383 Parque Califórnia RJ Campos dos Goytacazes;-217.643.963;-412.888.565;;https://www.nissan.com.br/test-drive.html?dcp=prg-spe-all-300x600-varejo-t1-cpc-a25+-na-prc-zeze-vrnac26aq106000001807-bra-rg&utm_source=prg&utm_medium=hypr&utm_campaign=varejo_all_300x600&utm_term=vrnac26aq106000001807&utm_content=t1-cpc-prc-zezeall_cn
SEIJIN MACAE;27947-287 Av. Lacerda Agostinho 300 Botafogo RJ Macaé;-223.587.944;-417.978.286;;https://www.nissan.com.br/test-drive.html?dcp=prg-spe-all-300x600-varejo-t1-cpc-a25+-na-prc-zeze-vrnac26aq106000001807-bra-rg&utm_source=prg&utm_medium=hypr&utm_campaign=varejo_all_300x600&utm_term=vrnac26aq106000001807&utm_content=t1-cpc-prc-zezeall_cn
SEIJIN SÃO GONÇALO;24790-070 Av. Visconde de Santarém 308 Tribobo RJ São Gonçalo;-228.544.024;-4.302.432.510.000.000;;https://www.nissan.com.br/test-drive.html?dcp=prg-spe-all-300x600-varejo-t1-cpc-a25+-na-prc-zeze-vrnac26aq106000001807-bra-rg&utm_source=prg&utm_medium=hypr&utm_campaign=varejo_all_300x600&utm_term=vrnac26aq106000001807&utm_content=t1-cpc-prc-zezeall_cn
SINAL ARICANDUVA;03527-900 Av. Aricanduva 5555 VILA MATILDE SP São Paulo;-235.617.909;-465.034.401;;https://www.nissan.com.br/test-drive.html?dcp=prg-spe-all-300x600-varejo-t1-cpc-a25+-na-prc-zeze-vrnac26aq106000001807-bra-rg&utm_source=prg&utm_medium=hypr&utm_campaign=varejo_all_300x600&utm_term=vrnac26aq106000001807&utm_content=t1-cpc-prc-zezeall_cn
SINAL BARUERI;06455-000 Alameda Araguaia 1742 Alphaville Industrial SP Barueri;-235.004.158;-468.451.153;;https://www.nissan.com.br/test-drive.html?dcp=prg-spe-all-300x600-varejo-t1-cpc-a25+-na-prc-zeze-vrnac26aq106000001807-bra-rg&utm_source=prg&utm_medium=hypr&utm_campaign=varejo_all_300x600&utm_term=vrnac26aq106000001807&utm_content=t1-cpc-prc-zezeall_cn
SINAL OSASCO;06090-010 Av. dos Autonomistas 4141 CENTRO SP Osasco;-235.282.911;-467.890.092;;https://www.nissan.com.br/test-drive.html?dcp=prg-spe-all-300x600-varejo-t1-cpc-a25+-na-prc-zeze-vrnac26aq106000001807-bra-rg&utm_source=prg&utm_medium=hypr&utm_campaign=varejo_all_300x600&utm_term=vrnac26aq106000001807&utm_content=t1-cpc-prc-zezeall_cn
SINAL TATUAPE;03164-120 Rua Almirante Brasil 200 MOOCA SP São Paulo;-235.502.802;-466.080.288;;https://www.nissan.com.br/test-drive.html?dcp=prg-spe-all-300x600-varejo-t1-cpc-a25+-na-prc-zeze-vrnac26aq106000001807-bra-rg&utm_source=prg&utm_medium=hypr&utm_campaign=varejo_all_300x600&utm_term=vrnac26aq106000001807&utm_content=t1-cpc-prc-zezeall_cn
SUPRA ASSIS;19815-001 Avenida Rui Barbosa 3000 Jardim Paulista SP Assis;-226.583.334;-503.901.263;;https://www.nissan.com.br/test-drive.html?dcp=prg-spe-all-300x600-varejo-t1-cpc-a25+-na-prc-zeze-vrnac26aq106000001807-bra-rg&utm_source=prg&utm_medium=hypr&utm_campaign=varejo_all_300x600&utm_term=vrnac26aq106000001807&utm_content=t1-cpc-prc-zezeall_cn
TOKIO AV NAZARE;04262-100 Av. Nazaré 720 IPIRANGA SP São Paulo;-235.905.366;-466.106.454;;https://www.nissan.com.br/test-drive.html?dcp=prg-spe-all-300x600-varejo-t1-cpc-a25+-na-prc-zeze-vrnac26aq106000001807-bra-rg&utm_source=prg&utm_medium=hypr&utm_campaign=varejo_all_300x600&utm_term=vrnac26aq106000001807&utm_content=t1-cpc-prc-zezeall_cn
TOKIO AV. WASHINGTON LUIS;04662-003 Avenida Washington Luis 3080 JARDIM MARAJOARA SP São Paulo;-236.512.201;-466.779.618;;https://www.nissan.com.br/test-drive.html?dcp=prg-spe-all-300x600-varejo-t1-cpc-a25+-na-prc-zeze-vrnac26aq106000001807-bra-rg&utm_source=prg&utm_medium=hypr&utm_campaign=varejo_all_300x600&utm_term=vrnac26aq106000001807&utm_content=t1-cpc-prc-zezeall_cn
TOKIO NAÇÕES UNIDAS;04795-100 Avenida das Nações Unidas 22463 VILA AMEIDA SP São Paulo;-236.766.285;-466.978.569;;https://www.nissan.com.br/test-drive.html?dcp=prg-spe-all-300x600-varejo-t1-cpc-a25+-na-prc-zeze-vrnac26aq106000001807-bra-rg&utm_source=prg&utm_medium=hypr&utm_campaign=varejo_all_300x600&utm_term=vrnac26aq106000001807&utm_content=t1-cpc-prc-zezeall_cn
TOKIO SANTO ANDRE;09020-110 Av. Ramiro Colleoni 307 CENTRO SP Santo André;-236.630.163;-465.298.771;;https://www.nissan.com.br/test-drive.html?dcp=prg-spe-all-300x600-varejo-t1-cpc-a25+-na-prc-zeze-vrnac26aq106000001807-bra-rg&utm_source=prg&utm_medium=hypr&utm_campaign=varejo_all_300x600&utm_term=vrnac26aq106000001807&utm_content=t1-cpc-prc-zezeall_cn
TOKIO SBC;09601-000 Av. Senador Vergueiro 2947 PARQUE DOS MENINOS SP São Bernardo do Campo;-236.697.912;-465.604.307;;https://www.nissan.com.br/test-drive.html?dcp=prg-spe-all-300x600-varejo-t1-cpc-a25+-na-prc-zeze-vrnac26aq106000001807-bra-rg&utm_source=prg&utm_medium=hypr&utm_campaign=varejo_all_300x600&utm_term=vrnac26aq106000001807&utm_content=t1-cpc-prc-zezeall_cn
TOKIO SÃO CAETANO DO SUL;09521-310 Avenida Goiás 227 Santo Antônio SP São Caetano do Sul;-236.150.512;-465.767.918;;https://www.nissan.com.br/test-drive.html?dcp=prg-spe-all-300x600-varejo-t1-cpc-a25+-na-prc-zeze-vrnac26aq106000001807-bra-rg&utm_source=prg&utm_medium=hypr&utm_campaign=varejo_all_300x600&utm_term=vrnac26aq106000001807&utm_content=t1-cpc-prc-zezeall_cn
TOKIO VILA MARIANA;01538-001 Avenida Lins de Vasconcelos 1418 Cambuci SP São Paulo;-235.757.653;-466.235.612;;https://www.nissan.com.br/test-drive.html?dcp=prg-spe-all-300x600-varejo-t1-cpc-a25+-na-prc-zeze-vrnac26aq106000001807-bra-rg&utm_source=prg&utm_medium=hypr&utm_campaign=varejo_all_300x600&utm_term=vrnac26aq106000001807&utm_content=t1-cpc-prc-zezeall_cn
TOKIO ZONA NORTE;02052-050 Praça Stélio Machado Loureiro 10 Vila Guilherme SP São Paulo;-235.168.185;-466.095.732;;https://www.nissan.com.br/test-drive.html?dcp=prg-spe-all-300x600-varejo-t1-cpc-a25+-na-prc-zeze-vrnac26aq106000001807-bra-rg&utm_source=prg&utm_medium=hypr&utm_campaign=varejo_all_300x600&utm_term=vrnac26aq106000001807&utm_content=t1-cpc-prc-zezeall_cn
TOTAL ATIBAIA;12940-130 Av. Alfredo André 615 CENTRO SP Atibaia;-231.173.476;-465.595.993;;https://www.nissan.com.br/test-drive.html?dcp=prg-spe-all-300x600-varejo-t1-cpc-a25+-na-prc-zeze-vrnac26aq106000001807-bra-rg&utm_source=prg&utm_medium=hypr&utm_campaign=varejo_all_300x600&utm_term=vrnac26aq106000001807&utm_content=t1-cpc-prc-zezeall_cn
TOTAL POUSO ALEGRE;37554-210 Av. Prefeito Tuany Toledo 328 Fatima I MG Pouso Alegre;-222.203.712;-459.189.414;;https://www.nissan.com.br/test-drive.html?dcp=prg-spe-all-300x600-varejo-t1-cpc-a25+-na-prc-zeze-vrnac26aq106000001807-bra-rg&utm_source=prg&utm_medium=hypr&utm_campaign=varejo_all_300x600&utm_term=vrnac26aq106000001807&utm_content=t1-cpc-prc-zezeall_cn
TROPICAL ANANINDEUA;67020-000 Rod. BR 316 Km 04 3530 ÁGUAS LINDAS PA Ananindeua;-13.850.195;-48.405.359;;https://www.nissan.com.br/test-drive.html?dcp=prg-spe-all-300x600-varejo-t1-cpc-a25+-na-prc-zeze-vrnac26aq106000001807-bra-rg&utm_source=prg&utm_medium=hypr&utm_campaign=varejo_all_300x600&utm_term=vrnac26aq106000001807&utm_content=t1-cpc-prc-zezeall_cn
TROPICAL BELEM;66053-180 RUA MUNICIPALIDADE 405 REDUTO PA Belém;-14.441.891;-484.939.166;;https://www.nissan.com.br/test-drive.html?dcp=prg-spe-all-300x600-varejo-t1-cpc-a25+-na-prc-zeze-vrnac26aq106000001807-bra-rg&utm_source=prg&utm_medium=hypr&utm_campaign=varejo_all_300x600&utm_term=vrnac26aq106000001807&utm_content=t1-cpc-prc-zezeall_cn
TROPICAL IMPERATRIZ;65903-390 Rodovia BR-010 506 Centro MA Imperatriz;-55.176.212;-474.719;;https://www.nissan.com.br/test-drive.html?dcp=prg-spe-all-300x600-varejo-t1-cpc-a25+-na-prc-zeze-vrnac26aq106000001807-bra-rg&utm_source=prg&utm_medium=hypr&utm_campaign=varejo_all_300x600&utm_term=vrnac26aq106000001807&utm_content=t1-cpc-prc-zezeall_cn
TROPICAL MANAUS;69058-795 Avenida Constantino Nery 4580 Flores AM Manaus;-30.846.149;-600.262.627;;https://www.nissan.com.br/test-drive.html?dcp=prg-spe-all-300x600-varejo-t1-cpc-a25+-na-prc-zeze-vrnac26aq106000001807-bra-rg&utm_source=prg&utm_medium=hypr&utm_campaign=varejo_all_300x600&utm_term=vrnac26aq106000001807&utm_content=t1-cpc-prc-zezeall_cn
TROPICAL MARABÁ;68509-280 Quadra Dezenove, Fls 27 Nova Marabá PA Marabá;-53.451.205;-490.781.208;;https://www.nissan.com.br/test-drive.html?dcp=prg-spe-all-300x600-varejo-t1-cpc-a25+-na-prc-zeze-vrnac26aq106000001807-bra-rg&utm_source=prg&utm_medium=hypr&utm_campaign=varejo_all_300x600&utm_term=vrnac26aq106000001807&utm_content=t1-cpc-prc-zezeall_cn
TROPICAL PARAUAPEBAS;68515-000 Rodovia PA 275. S/N 0 Nova Carajás PA Parauapebas;-61.063.362;-499.744.366;;https://www.nissan.com.br/test-drive.html?dcp=prg-spe-all-300x600-varejo-t1-cpc-a25+-na-prc-zeze-vrnac26aq106000001807-bra-rg&utm_source=prg&utm_medium=hypr&utm_campaign=varejo_all_300x600&utm_term=vrnac26aq106000001807&utm_content=t1-cpc-prc-zezeall_cn
TROPICAL SÃO LUIS;65066-140 Rua dos Tucanos 10 Parque Atlântico MA São Luís;-24.886.296;-4.424.279.620.000.000;;https://www.nissan.com.br/test-drive.html?dcp=prg-spe-all-300x600-varejo-t1-cpc-a25+-na-prc-zeze-vrnac26aq106000001807-bra-rg&utm_source=prg&utm_medium=hypr&utm_campaign=varejo_all_300x600&utm_term=vrnac26aq106000001807&utm_content=t1-cpc-prc-zezeall_cn
VALEC SOROCABA;18050-000 Av. Dr. Armando Pannunzio 730 CERRADO SP Sorocaba;-235.197.235;-474.909.403;;https://www.nissan.com.br/test-drive.html?dcp=prg-spe-all-300x600-varejo-t1-cpc-a25+-na-prc-zeze-vrnac26aq106000001807-bra-rg&utm_source=prg&utm_medium=hypr&utm_campaign=varejo_all_300x600&utm_term=vrnac26aq106000001807&utm_content=t1-cpc-prc-zezeall_cn
VIA MONDO SETE LAGOAS;35700-293 Av. Raquel Teixeira Viana 894 CANAA MG Sete Lagoas;-194.684.269;-4.425.648.460.000.000;;https://www.nissan.com.br/test-drive.html?dcp=prg-spe-all-300x600-varejo-t1-cpc-a25+-na-prc-zeze-vrnac26aq106000001807-bra-rg&utm_source=prg&utm_medium=hypr&utm_campaign=varejo_all_300x600&utm_term=vrnac26aq106000001807&utm_content=t1-cpc-prc-zezeall_cn
VIA MONDO VARGINHA;37026-080 Av. Princesa do Sul 891 JARDIM ANDERE MG Varginha;-215.776.483;-454.419.085;;https://www.nissan.com.br/test-drive.html?dcp=prg-spe-all-300x600-varejo-t1-cpc-a25+-na-prc-zeze-vrnac26aq106000001807-bra-rg&utm_source=prg&utm_medium=hypr&utm_campaign=varejo_all_300x600&utm_term=vrnac26aq106000001807&utm_content=t1-cpc-prc-zezeall_cn
VIA MONTES CLAROS;39400-839 Av. Deputado Plinio Ribeiro 805 Esplanada MG Montes Claros;-167.158.875;-438.438.047;;https://www.nissan.com.br/test-drive.html?dcp=prg-spe-all-300x600-varejo-t1-cpc-a25+-na-prc-zeze-vrnac26aq106000001807-bra-rg&utm_source=prg&utm_medium=hypr&utm_campaign=varejo_all_300x600&utm_term=vrnac26aq106000001807&utm_content=t1-cpc-prc-zezeall_cn
VIGORITO GUARULHOS;07025-000 Av. Guarulhos 2175 VILA AUGUSTA SP Guarulhos;-234.865.968;-465.441.356;;https://www.nissan.com.br/test-drive.html?dcp=prg-spe-all-300x600-varejo-t1-cpc-a25+-na-prc-zeze-vrnac26aq106000001807-bra-rg&utm_source=prg&utm_medium=hypr&utm_campaign=varejo_all_300x600&utm_term=vrnac26aq106000001807&utm_content=t1-cpc-prc-zezeall_cn
VIGORITO PENHA;03734-260 Rua Buia 35 CANGAIBA SP São Paulo;-23.512.915;-4.652.582.049.999.990;;https://www.nissan.com.br/test-drive.html?dcp=prg-spe-all-300x600-varejo-t1-cpc-a25+-na-prc-zeze-vrnac26aq106000001807-bra-rg&utm_source=prg&utm_medium=hypr&utm_campaign=varejo_all_300x600&utm_term=vrnac26aq106000001807&utm_content=t1-cpc-prc-zezeall_cn
VIGORITO VILA PRUDENTE;03295-000 Av. Professor Luiz Ignácio de Anhaia Mello 3700 VILA GRACIOSA SP São Paulo;-235.823.034;-465.583.302;;https://www.nissan.com.br/test-drive.html?dcp=prg-spe-all-300x600-varejo-t1-cpc-a25+-na-prc-zeze-vrnac26aq106000001807-bra-rg&utm_source=prg&utm_medium=hypr&utm_campaign=varejo_all_300x600&utm_term=vrnac26aq106000001807&utm_content=t1-cpc-prc-zezeall_cn
VILLE ARACATUBA;16018-000 Av. Brasilia 2804 JARDIM NOVA YORQUE SP Araçatuba;-212.339.479;-504.406.952;;https://www.nissan.com.br/test-drive.html?dcp=prg-spe-all-300x600-varejo-t1-cpc-a25+-na-prc-zeze-vrnac26aq106000001807-bra-rg&utm_source=prg&utm_medium=hypr&utm_campaign=varejo_all_300x600&utm_term=vrnac26aq106000001807&utm_content=t1-cpc-prc-zezeall_cn
VILLE SAO JOSE RIO PRETO;15035-580 Av. Clovis Oger 1000 DISTRITO INDUSTRIAL SP São José do Rio Preto;-208.216.465;-4.941.746.149.999.990;;https://www.nissan.com.br/test-drive.html?dcp=prg-spe-all-300x600-varejo-t1-cpc-a25+-na-prc-zeze-vrnac26aq106000001807-bra-rg&utm_source=prg&utm_medium=hypr&utm_campaign=varejo_all_300x600&utm_term=vrnac26aq106000001807&utm_content=t1-cpc-prc-zezeall_cn
VIVA ARAGUAINA;77817-805 Av. Marginal Neblina, S/N 1211 SETOR ALASKA TO Araguaína;-7.191.563.299.999.990;-482.094.801;;https://www.nissan.com.br/test-drive.html?dcp=prg-spe-all-300x600-varejo-t1-cpc-a25+-na-prc-zeze-vrnac26aq106000001807-bra-rg&utm_source=prg&utm_medium=hypr&utm_campaign=varejo_all_300x600&utm_term=vrnac26aq106000001807&utm_content=t1-cpc-prc-zezeall_cn