audiencia;lat;lng
bancos;-3.7325;-38.49733
bancos;-3.81171;-38.48783
bancos;-20.78774;-51.70746
bancos;-20.46372;-54.60584
bancos;-20.79014;-51.70697
bancos;-20.4622;-54.59591
bancos;-20.46201;-54.60304
bancos;-20.78701;-51.71098
bancos;-19.4;-54.56936
bancos;-20.85445;-41.11958
bancos;-20.31569;-40.29761
bancos;-20.27465;-40.28255
bancos;-20.29481;-40.29067
bancos;-20.31133;-40.2906
bancos;-20.31273;-40.30079
bancos;-20.29699;-40.29161
bancos;-20.29626;-40.29106
bancos;-20.31246;-40.30499
bancos;-20.19449;-40.25655
bancos;-20.30452;-40.30039
bancos;-20.29486;-40.29247
bancos;-20.274;-40.29752
bancos;-20.37146;-40.31661
bancos;-20.31399;-40.29413
bancos;-18.75713;-40.88981
bancos;-19.53699;-40.63058
bancos;-19.72342;-40.69557
bancos;-19.39829;-40.0593
bancos;-18.73683;-39.75101
bancos;-20.25486;-40.26464
bancos;-17.41304;-39.20495
bancos;-12.97815;-38.45569
bancos;-12.97957;-38.45635
bancos;-14.85434;-40.83376
bancos;-12.98705;-38.44872
bancos;-12.89985;-38.40994
bancos;-12.94005;-38.41265
bancos;-12.98789;-38.46674
bancos;-12.98926;-38.4486
bancos;-12.97906;-38.45793
bancos;-12.97641;-39.26666
bancos;-12.98283;-38.45504
bancos;-20.33576;-40.29135
bancos;-20.27989;-40.30095
bancos;-19.39283;-40.06336
bancos;-14.78962;-39.03391
bancos;-12.98451;-38.46743
bancos;-12.96982;-38.51202
bancos;-12.97078;-38.51031
bancos;-12.98133;-38.45423
bancos;-12.8929;-38.41079
bancos;-12.99396;-38.48079
bancos;-12.96592;-39.26502
bancos;-12.78629;-38.3979
bancos;-11.18843;-38.00153
bancos;-10.93321;-37.05527
bancos;-10.94565;-37.06045
bancos;-10.9284;-37.05639
bancos;-10.94608;-37.04544
bancos;-13.00035;-38.45065
bancos;-9.74711;-36.64589
bancos;-9.66241;-35.70785
bancos;-9.6518;-35.70691
bancos;-10.95076;-37.06591
bancos;-8.26998;-35.97386
bancos;-8.11994;-34.90168
bancos;-8.08683;-34.89423
bancos;-8.08886;-34.88378
bancos;-9.65286;-35.72106
bancos;-8.0898;-34.88211
bancos;-7.10313;-34.84746
bancos;-8.29212;-35.94474
bancos;-12.9868;-38.45012
bancos;-12.99653;-38.49379
bancos;-12.97902;-38.45838
bancos;-12.9667;-38.50899
bancos;-12.88436;-38.29215
bancos;-12.9196;-38.35575
bancos;-12.98722;-38.4604
bancos;-7.98008;-34.83959
bancos;-8.27613;-35.96675
bancos;-8.08852;-34.88423
bancos;-8.05497;-34.9112
bancos;-7.12013;-34.87451
bancos;-8.08554;-34.88981
bancos;-8.06489;-34.89668
bancos;-7.11814;-34.83721
bancos;-8.03355;-34.91026
bancos;-8.09269;-34.88327
bancos;-8.28125;-35.97075
bancos;-10.93138;-37.05368
bancos;-7.03042;-37.27797
bancos;-12.22326;-38.9829
bancos;-5.83578;-35.22565
bancos;-5.7867;-35.19618
bancos;-5.81725;-35.20717
bancos;-5.79391;-35.20196
bancos;-5.81556;-35.21471
bancos;-7.11383;-34.82523
bancos;-3.7437;-38.50105
bancos;-3.73741;-38.49928
bancos;-3.73406;-38.49696
bancos;-3.74598;-38.47378
bancos;-3.74286;-38.50014
bancos;-3.73292;-38.52289
bancos;-3.73389;-38.49681
bancos;-3.73645;-38.49874
bancos;-3.73443;-38.5049
bancos;-3.75547;-38.62326
bancos;-3.7535;-38.49063
bancos;-3.78839;-38.48857
bancos;-3.73645;-38.56376
bancos;-8.06054;-34.88096
bancos;-8.06481;-34.87832
bancos;-7.22663;-35.88002
bancos;-7.98773;-34.83873
bancos;-8.04331;-34.88827
bancos;-8.1228;-34.90418
bancos;-8.12098;-34.90579
bancos;-8.15611;-34.91559
bancos;-8.06417;-34.9058
bancos;-8.11693;-34.90118
bancos;-8.12523;-34.91529
bancos;-4.26081;-38.9356
bancos;-3.79529;-38.49575
bancos;-10.93416;-37.06192
bancos;-5.78991;-35.19967
bancos;-7.21724;-35.88535
bancos;-3.73326;-38.50933
bancos;-3.83569;-38.40261
bancos;-4.18284;-38.13005
bancos;-3.74487;-38.4837
bancos;-3.73963;-38.48815
bancos;-3.80475;-38.48119
bancos;-3.72401;-38.51011
bancos;-8.29458;-35.02684
bancos;-8.09137;-34.91645
bancos;-7.84397;-35.25594
bancos;-8.18957;-34.91978
bancos;-7.09767;-34.8343
bancos;-7.90211;-34.8264
bancos;-3.68781;-40.36401
bancos;-2.75004;-42.82763
bancos;-2.55447;-44.22242
bancos;-6.68692;-35.44279
bancos;-5.0646;-42.77488
bancos;-5.03643;-42.76741
bancos;-2.51883;-45.07832
bancos;-2.50137;-44.28864
bancos;-5.08548;-42.7673
bancos;-1.45221;-48.48776
bancos;-5.07741;-42.7967
bancos;-3.79551;-38.48488
bancos;-3.90687;-38.38658
bancos;-3.86761;-38.50087
bancos;-2.49875;-44.28462
bancos;-1.45792;-48.47856
bancos;-5.52241;-47.48963
bancos;-1.2884;-47.92777
bancos;-1.44123;-48.4925
bancos;-3.73567;-38.5605
bancos;-3.74272;-38.61039
bancos;-3.68975;-40.35334
bancos;-1.45566;-48.49209
bancos;-1.45815;-48.50428
bancos;-1.44574;-48.4859
bancos;-1.43663;-48.4575
bancos;-1.43944;-48.48844
bancos;-1.43612;-48.48474
bancos;-3.13198;-60.02464
bancos;-3.05705;-59.99483
bancos;-4.2627;-55.98775
bancos;-3.10504;-60.02239
bancos;-2.99703;-59.97918
bancos;-11.87098;-55.5044
bancos;-11.86515;-55.50069
bancos;-3.10846;-60.01262
bancos;-3.10393;-60.01036
bancos;-8.76086;-63.88975
bancos;-13.0779;-55.94236
bancos;-13.07894;-55.91129
bancos;-3.06213;-59.99531
bancos;-3.1108;-60.02354
bancos;-3.10079;-60.01008
bancos;-12.56531;-55.72237
bancos;-9.94686;-67.87865
bancos;-9.9661;-67.802
bancos;-9.96971;-67.82134
bancos;-8.75711;-63.90747
bancos;-8.7587;-63.90185
bancos;-8.76899;-63.88253
bancos;-8.75733;-63.86634
bancos;-8.75762;-63.89696
bancos;-13.07575;-55.94028
bancos;-13.0592;-55.91441
bancos;-15.65405;-56.12368
bancos;-15.62697;-56.06633
bancos;-13.05561;-55.91887
bancos;-15.58773;-56.08346
bancos;-15.55525;-54.30125
bancos;-16.47859;-54.61679
bancos;-16.47263;-54.63201
bancos;-15.59494;-56.11989
bancos;-26.72771;-53.5159
bancos;-14.85803;-40.83447
bancos;-9.39602;-40.49698
bancos;-9.41762;-40.5023
bancos;-9.40263;-40.49999
bancos;-7.20042;-39.32009
bancos;-7.24658;-39.31377
bancos;-7.2392;-39.42206
bancos;-7.26712;-39.32209
bancos;-7.25275;-39.31762
bancos;-10.18457;-48.33305
bancos;-20.33983;-40.28397
bancos;-20.30217;-40.29225
bancos;-12.99123;-38.52479
bancos;-12.99897;-38.52245
bancos;-13.00798;-38.51571
bancos;-13.00946;-38.46584
bancos;-12.97899;-38.46237
bancos;-12.88209;-38.30371
bancos;-10.93503;-37.0523
bancos;-9.6602;-35.69805
bancos;-8.03743;-34.87527
bancos;-8.12503;-34.89935
bancos;-5.79349;-35.19837
bancos;-5.07017;-42.79129
bancos;-2.48737;-44.24483
bancos;-1.44878;-48.48696
bancos;-20.46;-54.61547
bancos;-15.58938;-56.10862
bancos;-3.11261;-60.02342
bancos;-12.97119;-38.51336
bancos;-12.97908;-38.45446
bancos;-20.45986;-54.61511
bancos;-3.13585;-60.02139
bancos;-1.45271;-48.48118
bancos;-3.73593;-38.50022
bancos;-7.11924;-34.84624
bancos;-5.80813;-35.20943
bancos;-8.06228;-34.89686
bancos;-8.11712;-34.89549
bancos;-9.66391;-35.73628
bancos;-5.80984;-35.20925
bancos;-20.46126;-54.61528
bancos;-15.59608;-56.0968
bancos;-14.85406;-40.83799
bancos;-7.11989;-34.84592
bancos;-3.10654;-60.01285
bancos;-10.93507;-37.0522
bancos;-20.30462;-40.29319
bancos;-9.65735;-35.69884
bancos;-8.11409;-34.89811
bancos;-8.04864;-34.89353
bancos;-13.00935;-38.52887
bancos;-13.00574;-38.45906
clubes;-18.41303;-40.21924
clubes;-3.73161;-38.50514
clubes;-1.3299;-48.43953
clubes;-15.53337;-56.08997
clubes;-18.70749;-40.39559
clubes;-18.29291;-39.95618
clubes;-1.35816;-48.36832
clubes;-16.36859;-39.57719
clubes;-9.92412;-63.02037
clubes;-14.85885;-40.82359
clubes;-10.59713;-55.12013
clubes;-9.95011;-54.9147
clubes;-8.77674;-63.86637
clubes;-7.43311;-34.91153
clubes;-3.06457;-59.97798
clubes;-18.42525;-40.82671
clubes;-18.99794;-57.65057
clubes;-19.39382;-54.58412
clubes;-15.24751;-40.25099
clubes;-3.6959;-40.34598
clubes;-24.08276;-54.25808
clubes;-8.03678;-34.90163
clubes;-9.92409;-63.02039
clubes;-11.4433;-61.43684
clubes;-17.53469;-39.729
clubes;-10.81587;-55.45601
clubes;-2.92859;-41.75369
clubes;-5.08853;-42.77135
clubes;-20.27039;-40.2895
clubes;-21.62297;-55.16826
clubes;-12.13059;-44.98683
clubes;-8.03382;-34.9509
concessionarias;-20.29753;-40.30052
concessionarias;-12.9481;-38.42227
concessionarias;-15.63597;-56.11893
concessionarias;-20.45847;-54.58153
concessionarias;-5.08024;-42.78692
concessionarias;-1.45892;-48.47857
concessionarias;-15.61258;-56.07551
concessionarias;-5.08065;-42.76167
concessionarias;-8.10076;-34.91058
concessionarias;-11.84736;-55.49197
concessionarias;-15.61188;-56.07707
concessionarias;-12.93699;-38.40411
concessionarias;-20.31365;-40.31627
concessionarias;-7.0815;-34.84858
concessionarias;-2.48899;-44.24832
concessionarias;-1.43566;-48.49087
concessionarias;-5.85324;-35.21117
concessionarias;-15.60628;-56.08305
concessionarias;-20.28485;-40.3023
concessionarias;-8.7571;-63.88666
concessionarias;-10.9123;-37.06406
concessionarias;-9.62675;-35.73422
concessionarias;-3.00783;-60.03286
concessionarias;-20.28293;-40.30176
concessionarias;-20.38593;-40.49805
concessionarias;-20.19125;-40.26775
concessionarias;-19.48551;-40.12122
concessionarias;-20.53045;-54.59837
concessionarias;-22.16931;-54.6594
concessionarias;-20.48635;-54.61434
concessionarias;-16.45783;-54.66237
concessionarias;-15.60643;-56.08283
concessionarias;-12.14067;-45.81587
concessionarias;-12.08381;-45.70981
concessionarias;-14.82331;-40.81427
concessionarias;-12.24212;-38.98587
concessionarias;-12.30686;-38.89001
concessionarias;-12.82407;-38.3961
concessionarias;31.95216;35.23315
concessionarias;-10.93584;-37.08309
concessionarias;-9.56554;-35.78579
concessionarias;-8.22163;-34.9911
concessionarias;-8.11029;-34.91052
concessionarias;-7.32293;-35.89615
concessionarias;-7.11991;-34.85168
concessionarias;-5.85208;-35.20995
concessionarias;-5.99511;-35.26257
concessionarias;-10.01151;-67.78473
concessionarias;-3.77108;-38.49808
concessionarias;-5.07985;-42.75989
concessionarias;-5.14702;-42.77424
concessionarias;-2.49382;-44.27084
concessionarias;-5.50274;-47.47134
concessionarias;-3.10726;-60.02577
concessionarias;-3.09547;-60.02702
concessionarias;-12.75082;-60.10632
concessionarias;-9.46911;-40.48053
concessionarias;-5.35426;-49.09188
concessionarias;-3.08588;-60.02477
concessionarias;-12.97923;-38.45168
concessionarias;-3.74449;-38.47177
concessionarias;-20.29535;-40.30166
concessionarias;-2.48832;-44.24346
concessionarias;-15.60366;-56.08529
concessionarias;-20.46827;-54.58983
concessionarias;-7.03176;-34.84125
concessionarias;-1.43533;-48.491
concessionarias;-8.11047;-34.91121
concessionarias;-5.071;-42.80031
concessionarias;-5.86391;-35.21648
concessionarias;-10.27436;-48.33263
concessionarias;-7.95876;-34.91418
decor;-23.53197;-46.71533
golfclubs;-3.74916;-38.52909
golfclubs;-8.03387;-34.95087
golfclubs;-20.29708;-40.29651
golfclubs;-20.5207;-54.61295
golfclubs;-1.45129;-48.48737
golfclubs;-1.28819;-47.94295
golfclubs;-8.03382;-34.9509
helipontos;-20.2308;-40.27706
helipontos;-20.31836;-40.32288
helipontos;-20.32718;-40.26915
helipontos;-20.23726;-40.27964
helipontos;-21.15237;-53.28148
helipontos;-20.51485;-54.65451
helipontos;-21.65309;-53.87199
helipontos;-14.34217;-42.53163
helipontos;-20.23176;-40.2773
helipontos;-20.45062;-54.57653
helipontos;-19.00499;-57.59441
helipontos;-15.56241;-56.08878
helipontos;-3.06401;-60.10753
helipontos;-16.6936;-39.14521
helipontos;-16.86647;-39.14731
helipontos;-16.60944;-39.11669
helipontos;-14.27578;-38.99145
helipontos;-12.79421;-38.49796
helipontos;-12.9977;-38.46731
helipontos;-12.9895;-38.47369
helipontos;-13.88221;-38.94465
helipontos;-12.97966;-38.46137
helipontos;-10.88924;-37.05491
helipontos;-11.00224;-39.29595
helipontos;-9.74938;-43.20815
helipontos;-10.02793;-36.02075
helipontos;-8.69378;-37.27076
helipontos;-12.97948;-38.4524
helipontos;-5.00956;-42.76759
helipontos;-8.04515;-34.89764
helipontos;-8.05892;-34.88382
helipontos;-8.19114;-35.50255
helipontos;-12.67364;-38.27345
helipontos;-12.96258;-38.43584
helipontos;-8.13671;-34.9022
helipontos;-7.24003;-35.93072
helipontos;-8.08968;-34.88194
helipontos;-8.17294;-35.63819
helipontos;-8.05248;-34.89805
helipontos;-8.18647;-35.49964
helipontos;-7.06724;-37.3514
helipontos;-8.16007;-36.19716
helipontos;-5.38243;-36.82176
helipontos;-7.15459;-34.81856
helipontos;-7.11592;-34.84253
helipontos;-8.19299;-35.50355
helipontos;-8.02506;-35.03977
helipontos;-7.18972;-34.80306
helipontos;-8.15871;-34.91148
helipontos;-8.07479;-34.90529
helipontos;-4.92824;-39.16787
helipontos;-4.43221;-37.77839
helipontos;-4.23175;-38.89085
helipontos;-3.96795;-38.88977
helipontos;-3.74741;-38.48995
helipontos;-3.81044;-38.43161
helipontos;-7.16433;-34.86295
helipontos;-7.29483;-34.81981
helipontos;-8.06415;-34.89811
helipontos;-8.13271;-34.90053
helipontos;-4.37902;-39.0335
helipontos;-5.35392;-35.35934
helipontos;-12.79472;-38.53139
helipontos;-12.5071;-39.18702
helipontos;-2.49405;-44.26076
helipontos;-2.52516;-44.12556
helipontos;-2.48946;-44.29549
helipontos;-2.46863;-44.20092
helipontos;-2.47004;-44.17384
helipontos;-8.03534;-34.90527
helipontos;-4.46731;-43.88215
helipontos;-4.5108;-43.91863
helipontos;-2.24241;-49.50418
helipontos;-5.00959;-42.76759
helipontos;-9.96442;-67.81379
joalherias;-11.86075;-55.48884
joalherias;-8.75202;-63.87625
joalherias;-20.31216;-40.28913
joalherias;-15.61765;-56.12276
joalherias;-12.92586;-38.37931
joalherias;-3.08473;-60.07314
joalherias;-20.34116;-40.28946
joalherias;-15.57592;-56.0724
joalherias;-3.08773;-60.02422
joalherias;-9.636;-35.70305
joalherias;-2.52884;-44.25705
joalherias;-3.10346;-60.01347
joalherias;-12.98019;-38.45682
joalherias;-1.44601;-48.48904
joalherias;-20.34719;-40.29484
joalherias;-20.45796;-54.58788
joalherias;-12.97718;-38.45349
joalherias;-8.1177;-34.90227
joalherias;-20.2395;-40.27446
joalherias;-8.08612;-34.89438
joalherias;-3.75771;-38.48887
joalherias;-8.08619;-34.89436
joalherias;-5.5713;-47.4452
joalherias;-8.08928;-34.88196
joalherias;-15.65869;-56.12335
joalherias;-20.34199;-40.28839
joalherias;-3.87758;-38.61731
joalherias;-5.07714;-42.80021
joalherias;-7.22665;-39.3373
joalherias;-20.48017;-54.62679
joalherias;-13.00574;-38.52322
joalherias;-15.61189;-56.07358
joalherias;-5.81194;-35.2063
joalherias;-7.23478;-35.86909
joalherias;-12.98177;-38.46412
joalherias;-16.47212;-54.60927
joalherias;-1.45824;-48.49502
joalherias;-3.70641;-40.34323
joalherias;-5.81982;-35.20762
joalherias;-0.0112;-51.08305
joalherias;-1.3742;-48.38751
joalherias;-14.79951;-39.27612
joalherias;-12.24114;-38.94639
joalherias;-15.5524;-56.05596
joalherias;-9.39361;-40.49276
joalherias;-12.9711;-38.47458
joalherias;-12.9812;-38.46495
joalherias;-2.50189;-44.27618
joalherias;-20.45881;-54.58958
joalherias;-3.73595;-38.49708
joalherias;-7.10283;-34.84289
joalherias;-12.90993;-38.34882
joalherias;-1.38899;-48.47135
joalherias;-20.35242;-40.29762
joalherias;-10.21653;-48.319
joalherias;-12.90312;-38.33633
joalherias;-8.03671;-34.91319
joalherias;-8.16647;-34.91852
joalherias;-15.61152;-56.1284
joalherias;-3.77637;-38.56099
joalherias;-5.36632;-49.11606
joalherias;-1.44627;-48.48947
joalherias;-9.56068;-35.74633
joalherias;-9.6092;-35.68537
joalherias;-3.09471;-60.02306
joalherias;-10.94306;-37.04793
joalherias;-3.73575;-38.56618
joalherias;-7.994;-34.84008
joalherias;-10.94282;-37.05987
joalherias;-7.21586;-48.22611
joalherias;-20.31275;-40.28822
joalherias;-8.05552;-34.8973
joalherias;-5.08494;-42.7898
joalherias;-15.58807;-56.11276
joalherias;-2.49383;-44.27014
joalherias;-3.87604;-38.45682
joalherias;-20.36821;-40.42514
joalherias;-1.36372;-48.44938
joalherias;2.84807;-60.70589
joalherias;-10.95017;-37.04535
joalherias;-3.74126;-38.47074
joalherias;-8.08597;-34.89472
joalherias;-3.72666;-38.5669
joalherias;-7.16528;-34.85202
joalherias;-3.08484;-60.07278
joalherias;-9.73408;-36.65552
joalherias;-5.8115;-35.20703
joalherias;-1.3891;-48.4704
joalherias;-8.29474;-35.95226
joalherias;-8.16659;-34.91835
joalherias;-20.24011;-40.27508
joalherias;-8.03843;-34.87195
joalherias;-20.39755;-54.55866
joalherias;-12.86136;-38.28839
joalherias;-5.08517;-42.79046
joalherias;-9.98455;-67.84161
joalherias;-8.29522;-35.95309
joalherias;-3.09434;-60.02327
joalherias;-14.87629;-40.81751
joalherias;-8.03697;-34.91267
joalherias;-1.45782;-48.49516
joalherias;-12.70651;-38.30886
joalherias;-3.03008;-59.97586
joalherias;-2.52769;-44.25462
joalherias;-5.74957;-35.20616
joalherias;-5.84173;-35.21108
joalherias;-6.07942;-49.83715
joalherias;-10.18324;-48.33717
joalherias;-3.1073;-60.00954
joalherias;-9.62715;-35.69907
joalherias;-15.58781;-56.112
joalherias;-3.75692;-38.48827
joalherias;-5.17553;-37.36995
joalherias;-2.5218;-44.22598
joalherias;-3.77549;-38.5819
joalherias;-20.75819;-51.6938
marinas;-0.05466;-51.17925
marinas;-3.02693;-60.09758
marinas;-2.19939;-56.71305
marinas;-1.68072;-50.47952
marinas;2.82864;-60.65787
marinas;-2.42123;-54.74104
marinas;-9.69168;-35.7753
marinas;-23.08407;-53.48434
marinas;-20.31298;-40.35845
marinas;-13.36507;-39.06263
marinas;-1.47697;-48.48247
marinas;-0.0574;-51.15382
marinas;-15.46478;-55.75035
marinas;-23.37093;-53.74893
marinas;-12.78703;-38.40329
marinas;-2.85811;-41.81895
marinas;-7.84916;-34.84561
marinas;-16.10422;-57.69272
marinas;-15.86284;-56.07925
marinas;-2.759;-42.82362
marinas;-2.80946;-42.86887
marinas;-15.63029;-56.07325
marinas;-9.3879;-40.48447
marinas;-20.29119;-40.29992
marinas;-16.44435;-39.06537
marinas;-8.59144;-35.11863
marinas;-8.88982;-35.15151
marinas;-20.79051;-51.70844
marinas;-14.91139;-55.82197
marinas;-15.2941;-39.06768
marinas;-0.74765;-48.02504
marinas;-6.09369;-35.19945
marinas;-12.81096;-38.45268
marinas;-11.06184;-55.27705
marinas;-14.10395;-39.0153
marinas;-8.05784;-34.8829
marinas;-8.13815;-34.9557
marinas;-7.55734;-34.99654
marinas;-1.35151;-48.46059
marinas;-9.68948;-35.77355
marinas;-2.90914;-41.78849
marinas;-9.32157;-64.7472
marinas;-9.42953;-40.73174
marinas;-11.1103;-37.15473
marinas;-11.06361;-37.13848
marinas;-23.36624;-53.74838
marinas;-2.53856;-44.29688
marinas;-7.92707;-34.82208
marinas;-8.75787;-35.10507
marinas;-9.83918;-35.90853
marinas;-13.08642;-55.92875
marinas;-1.475;-48.4732
marinas;-17.52778;-39.1921
marinas;-6.97381;-34.8376
marinas;-24.08015;-54.26073
marinas;-7.03459;-34.85524
marinas;-12.92208;-38.49135
marinas;-23.40326;-53.80996
marinas;-7.74808;-34.83063
marinas;-20.08774;-51.09661
marinas;-1.26814;-48.44396
marinas;-6.64137;-51.98253
marinas;-5.084;-42.83651
marinas;-10.94725;-37.07308
marinas;-17.74295;-39.24641
marinas;-19.00005;-57.62785
marinas;-7.86019;-34.83947
marinas;-3.10096;-60.06928
marinas;-2.97355;-60.08377
marinas;-20.78817;-51.70305
marinas;-11.12962;-54.46308
marinas;-1.39779;-48.32178
marinas;-9.38576;-37.99902
marinas;-20.29116;-40.30055
marinas;-13.37002;-39.07206
marinas;-7.01823;-34.82995
marinas;-4.2699;-55.97754
restaurantes;-7.19324;-39.32757
restaurantes;-3.72926;-38.53057
restaurantes;-13.01113;-38.49314
restaurantes;43.09146;-0.04573
restaurantes;-3.74372;-38.50239
restaurantes;-3.74133;-38.47275
restaurantes;-3.7386;-38.49197
restaurantes;-8.0926;-34.88403
restaurantes;-13.00736;-38.52472
restaurantes;-1.44385;-48.48605
restaurantes;-16.5978;-39.08942
restaurantes;-3.84519;-32.42832
restaurantes;-12.45811;-37.93142
restaurantes;-8.50653;-35.00596
restaurantes;-2.99534;-59.97389
restaurantes;-6.2268;-35.04503
restaurantes;-8.06067;-34.96118
restaurantes;-8.01161;-34.85394
restaurantes;-12.97805;-38.5142
restaurantes;-9.51823;-43.00457
restaurantes;-25.59389;-54.51334
restaurantes;-2.53045;-44.30519
restaurantes;1.22425;-51.01015
restaurantes;-8.03439;-34.92434
shoppings;-3.75605;-38.48934
shoppings;-13.8728;-41.8998
shoppings;-12.77785;-38.92125
shoppings;-1.45785;-48.49465
