nome,endereco,cidade,uf,cep,lat,lng,subcategoria,camada,origem_endereco
Condomínio Fazenda Boa Vista,"Rod. Castelo Branco, km 102, Porto Feliz - SP, 18540-000",Porto Feliz,SP,18540-000,-23.33884,-47.5412,Condomínio de campo (golfe),Condominios de alto padrao,curado
Fazenda da Grama,"Rod. Miguel Melhado Campos, km 83,5, s/nº, Itupeva - SP, 13295-000",Itupeva,SP,13295-000,-23.05367,-47.05481,Condomínio de campo (golfe),Condominios de alto padrao,curado
Condomínio Iporanga,"R. Jerivá, s/nº - Iporanga, Guarujá - SP, 11448-406",Guarujá,SP,11448-406,-23.92922,-46.18381,Condomínio de praia,Condominios de alto padrao,curado
Condomínio Iporanga – Campos do Jordão,"Rua Brasil, Brotas, Atibaia - SP, 12950-300, Brasil",Atibaia,SP,12950-300,-23.14423,-46.58398,Condomínio de montanha,Condominios de alto padrao,geocodificador
Iporanga Campos – acesso Av. Pedro Paulo,"Av. Pedro Paulo, 7400 - Jardim Monte Belo, Campos do Jordão - SP, 12460-000",Campos do Jordão,SP,12460-000,-22.69638,-45.51481,Condomínio de montanha,Condominios de alto padrao,curado
Fazenda SerrAzul II – entrada social,"Estrada da Mina, s/nº - Parque Res. Almerinda Chaves, Itupeva - SP, 13295-000",Itupeva,SP,13295-000,-23.13662,-47.046,Condomínio de campo,Condominios de alto padrao,curado
Fazenda SerrAzul – Santa Maria,"Estr. Municipal IVA-136, s/nº - Residencial Posse Nova, Itupeva - SP, 13295-000",Itupeva,SP,13295-000,-23.18114,-47.11303,Condomínio de campo,Condominios de alto padrao,curado
Quinta da Baroneza,"Rod. Alkindar Monteiro Junqueira, km 33,5 - Baronesa, Bragança Paulista - SP, 12918-001",Bragança Paulista,SP,12918-001,-22.94645,-46.6468,Condomínio de campo,Condominios de alto padrao,curado
Condomínio Fazenda Dona Carolina,"Rod. Alkindar Monteiro Junqueira, km 39,5, s/nº, Itatiba - SP, 13252-670",Itatiba,SP,13252-670,-22.98102,-46.74328,Condomínio de campo,Condominios de alto padrao,curado
Helvetia Polo Country,"Av. Hurlinghan, 394 - Helvetia Polo Country, Indaiatuba - SP, 13330-970",Indaiatuba,SP,13330-970,-23.15572,-47.05665,Condomínio de polo,Condominios de alto padrao,curado
Condomínio Fazenda Vila Real de Itu,"Rod. Marechal Rondon, km 113 - Bairro Itaim, Itu - SP, 13312-901",Itu,SP,13312-901,-23.26613,-47.27817,Condomínio de campo,Condominios de alto padrao,curado
Terras de São José – Golf Club,"Alameda São Francisco Golfe, s/nº - Terras de São José, Itu - SP, 13306-443",Itu,SP,13306-443,-23.3036,-47.29464,Condomínio de golfe,Condominios de alto padrao,curado
Condomínio Lago Azul – Blue Lake Golf Club,"Rod. SP-270, km 113 - Chácara Santa Terezinha, Araçoiaba da Serra - SP, 18190-000",Araçoiaba da Serra,SP,18190-000,-23.55106,-47.59001,Condomínio de golfe,Condominios de alto padrao,curado
Residencial Tamboré 1,"Av. Ceci, 100 - Tamboré, Barueri - SP, 06460-120",Barueri,SP,06460-120,-23.49697,-46.82906,Condomínio urbano,Condominios de alto padrao,curado
Alphaville Residencial Zero – portaria,"Praça Manoel Velano, 58 - Alphaville Empresarial, Barueri - SP, 06458-190",Barueri,SP,06458-190,-23.50806,-46.85191,Condomínio urbano,Condominios de alto padrao,curado
Residencial Gênesis I,"Av. Gêmini, 1670 - Alphaville, Santana de Parnaíba - SP, 06543-600",Santana de Parnaíba,SP,06543-600,-23.43576,-46.87187,Condomínio urbano,Condominios de alto padrao,curado
Residencial Gênesis II,"Alameda das Embaúbas, 355 - Colinas da Anhanguera, Santana de Parnaíba - SP, 06542-195",Santana de Parnaíba,SP,06542-195,-23.44322,-46.86554,Condomínio urbano,Condominios de alto padrao,curado
Loteamento Jardim Acapulco,"Av. Albino dos Santos Gandares, 596 - Jardim Acapulco, Guarujá - SP, 11445-570",Guarujá,SP,11445-570,-23.9571,-46.1909,Condomínio de praia,Condominios de alto padrao,curado
Condomínio Jardim Pernambuco II,"Av. Marjory da Silva Prado, 2605 - Praia do Pernambuco, Guarujá - SP, 11444-000",Guarujá,SP,11444-000,-23.96571,-46.18827,Condomínio de praia,Condominios de alto padrao,curado
Aldeia da Baleia,"Av. Hipocampus, 369 - Praia da Baleia, São Sebastião - SP, 11600-000",São Sebastião,SP,11600-000,-23.76835,-45.67135,Condomínio de praia,Condominios de alto padrao,curado
Condomínio Porto Baleia,"R. Joaquim M. Macedo, 20 - Praia da Baleia, São Sebastião - SP, 11621-660",São Sebastião,SP,11621-660,-23.77222,-45.68364,Condomínio de praia,Condominios de alto padrao,curado
Alphaville Dom Pedro,"Av. Alphaville, 8 - Alphaville Dom Pedro, Campinas - SP, 13097-189",Campinas,SP,13097-189,-22.85572,-47.02195,Condomínio urbano,Condominios de alto padrao,curado
Condomínio Chácara Gramado,"Alameda das Tipuanas, s/nº - Bairro das Palmeiras, Campinas - SP, 13101-631",Campinas,SP,13101-631,-22.90645,-47.00904,Condomínio urbano,Condominios de alto padrao,curado
Alphaville Ribeirão Preto – Associação,"R. Alexandre F. Neto, 60 - Bonfim Paulista, Ribeirão Preto - SP, 14039-030",Ribeirão Preto,SP,14039-030,-21.26384,-47.8165,Condomínio urbano,Condominios de alto padrao,curado
Alphaville Ribeirão Preto III,"R. Ruth Barbosa Martins, s/nº - Bonfim Paulista, Ribeirão Preto - SP, 14039-100",Ribeirão Preto,SP,14039-100,-21.18184,-47.82579,Condomínio urbano,Condominios de alto padrao,curado
Condomínio Chácara Hípica,"R. Pedro Barbieri, 9003 - Parque São Sebastião, Ribeirão Preto - SP, 14093-210",Ribeirão Preto,SP,14093-210,-21.18361,-47.7446,Condomínio com hípica,Condominios de alto padrao,curado
Reserva do Paratehy,"Av. Paratehy, s/nº - Urbanova, São José dos Campos - SP, 12244-893",São José dos Campos,SP,12244-893,-23.19917,-45.96388,Condomínio urbano,Condominios de alto padrao,curado
Condomínio Laranjeiras,"Condomínio Laranjeiras, s/nº - Paraty-Mirim, Paraty - RJ, 23970-000",Paraty,RJ,23970-000,-23.34091,-44.66973,Condomínio de praia,Condominios de alto padrao,curado
Condomínio Portobello (Porto Belo),"Condomínio Porto Belo, s/nº - Marina, Mangaratiba - RJ, 23860-000",Mangaratiba,RJ,23860-000,-22.95003,-44.07803,Condomínio de praia / marina,Condominios de alto padrao,curado
Condomínio Porto Frade,"Rod. Procurador Haroldo Fernandes Duarte, km 513,5, s/nº - Porto Frade, Angra dos Reis - RJ",Angra dos Reis,RJ,,-22.98517,-44.29685,Condomínio de praia / marina,Condominios de alto padrao,curado
Condomínio Joatinga,"R. Pascoal Segreto, 8 - Joá, Rio de Janeiro - RJ, 22611-150",Rio de Janeiro,RJ,22611-150,-23.0096,-43.29063,Condomínio urbano,Condominios de alto padrao,curado
Condomínio Novo Leblon,"R. Oscar Valdetaro, 55 - Barra da Tijuca, Rio de Janeiro - RJ, 22793-670",Rio de Janeiro,RJ,22793-670,-23.00286,-43.38062,Condomínio urbano,Condominios de alto padrao,curado
Península – Peninsula Way,"Av. Flamboyants da Península, 100 - Barra da Tijuca, Rio de Janeiro - RJ, 22776-070",Rio de Janeiro,RJ,22776-070,-22.98686,-43.35734,Condomínio urbano,Condominios de alto padrao,curado
Residencial Itaipava,"R. Min. Armando Alencar, 150 - Itaipava, Petrópolis - RJ, 25740-150",Petrópolis,RJ,25740-150,-22.37932,-43.13378,Condomínio de serra,Condominios de alto padrao,curado
Condomínio Fazenda Itaipava,"Tv. José Machado da Costa, 138 - Itaipava, Petrópolis - RJ",Petrópolis,RJ,,-22.40296,-43.10282,Condomínio de serra,Condominios de alto padrao,curado
Alphaville Graciosa – Residencial Pinheiros,"Estrada da Graciosa, 3700 - Alphaville Graciosa, Pinhais - PR, 83327-210",Pinhais,PR,83327-210,-25.39318,-49.16465,Condomínio urbano,Condominios de alto padrao,curado
Associação Residencial Alphaville Graciosa,"Estrada da Graciosa, 3642 - Alphaville, Pinhais - PR, 83327-000",Pinhais,PR,83327-000,-25.3909,-49.15645,Condomínio urbano,Condominios de alto padrao,curado
Alphaville Londrina 2,"Alameda Margarida Nagib Ozi Badin, 50 - Vivendas do Arvoredo, Londrina - PR, 86055-774",Londrina,PR,86055-774,-23.35544,-51.18819,Condomínio urbano,Condominios de alto padrao,curado
Alphaville Londrina – Jacarandás,"R. das Palmeiras, 168 - Vivendas do Arvoredo, Londrina - PR, 86055-762",Londrina,PR,86055-762,-23.34761,-51.18961,Condomínio urbano,Condominios de alto padrao,curado
Condomínio Villagio Bourbon,"Av. Cerro Azul, 2649 - Jardim Novo Horizonte, Maringá - PR, 87010-910",Maringá,PR,87010-910,-23.45051,-51.93242,Condomínio urbano,Condominios de alto padrao,curado
Jardins de Monet Residence,"Estr. Romeirinha, 2413 - Gleba Ribeirão Centenário, Maringá - PR, 87078-650",Maringá,PR,87078-650,-23.36045,-52.00842,Condomínio urbano,Condominios de alto padrao,curado
Condomínio Palladio,"R. Margarida Dallarmi, 315 - Santa Felicidade, Curitiba - PR, 82015-690",Curitiba,PR,82015-690,-25.4175,-49.33433,Condomínio urbano,Condominios de alto padrao,curado
Condomínio Royal Santa Felicidade,"R. Pedro Kleina, 125 - Lamenha Pequena, Curitiba - PR, 83508-187",Curitiba,PR,83508-187,-25.37432,-49.31823,Condomínio urbano,Condominios de alto padrao,curado
Condomínio House Parise,"R. Francisco Parise, 300 - Cascatinha, Curitiba - PR, 82015-090",Curitiba,PR,82015-090,-25.41689,-49.32242,Condomínio urbano,Condominios de alto padrao,curado
Costão Golf Club,"Estr. Dário Manoel Cardoso, 2399 - Ingleses do Rio Vermelho, Florianópolis - SC, 88058-400",Florianópolis,SC,88058-400,-27.46055,-48.39551,Condomínio de golfe,Condominios de alto padrao,curado
Viva Residence Cacupé,"Estrada Haroldo Soares Glavan, 1760 - Cacupé, Florianópolis - SC, 88050-005",Florianópolis,SC,88050-005,-27.54251,-48.52437,Condomínio urbano,Condominios de alto padrao,curado
Villa Marinero,"Estrada Haroldo Soares Glavan, 4690 - Cacupé, Florianópolis - SC, 88050-205",Florianópolis,SC,88050-205,-27.52662,-48.52342,Condomínio urbano,Condominios de alto padrao,curado
Condomínio Madre Bertha,"Estrada Haroldo Soares Glavan, 4940 - Cacupé, Florianópolis - SC, 88050-005",Florianópolis,SC,88050-005,-27.52431,-48.52496,Condomínio urbano,Condominios de alto padrao,curado
Condomínio Horizontal Praia Brava,"Av. Márcio Ferreira de Mello e Silva, 55 - Praia Brava, Itajaí - SC, 88306-782",Itajaí,SC,88306-782,-26.95378,-48.64177,Condomínio de praia,Condominios de alto padrao,curado
Bravíssima Residencial Privado,"Av. José Medeiros Vieira, 500 - Brava Norte, Itajaí - SC, 88306-800",Itajaí,SC,88306-800,-26.94046,-48.62863,Condomínio de praia,Condominios de alto padrao,curado
Alphaville Porto Alegre,"Estr. das Três Meninas, 1400 - Vila Nova, Porto Alegre - RS, 91787-400",Porto Alegre,RS,91787-400,-30.12274,-51.19239,Condomínio urbano,Condominios de alto padrao,curado
Alphaville Porto Alegre – Residencial Toscana,"Estr. das Três Meninas, 1501 - Vila Nova, Porto Alegre - RS, 91787-400",Porto Alegre,RS,91787-400,-30.12339,-51.19153,Condomínio urbano,Condominios de alto padrao,curado
Alphaville Porto Alegre – Residencial Lombardia,"Estr. das Três Meninas, 2001 - Vila Nova, Porto Alegre - RS, 91787-400",Porto Alegre,RS,91787-400,-30.12738,-51.18564,Condomínio urbano,Condominios de alto padrao,curado
Condomínio Terra Ville,"Av. Juca Batista, 8000 - Belém Novo, Porto Alegre - RS, 91781-200",Porto Alegre,RS,91781-200,-30.18521,-51.17454,Condomínio urbano,Condominios de alto padrao,curado
Atlântida Ilhas Park,"R. Trinta e Nove, s/nº, Xangri-lá - RS, 95588-000",Xangri-lá,RS,95588-000,-29.83682,-50.06901,Condomínio de praia,Condominios de alto padrao,curado
Velas da Marina,"R. Lagomar, s/nº - Morada do Sol, Capão da Canoa - RS, 95555-000",Capão da Canoa,RS,95555-000,-29.74778,-50.0199,Condomínio de praia,Condominios de alto padrao,curado
Condomínio Aspen Mountain,"Estrada RS-235, s/nº - Aspen Mountain, Gramado - RS, 95670-000",Gramado,RS,95670-000,-29.38874,-50.87948,Condomínio de serra,Condominios de alto padrao,curado
Alphaville Gramado,"R. Teobaldo Prinstrop, 788 - Vila Prinstrop, Gramado - RS, 95670-000",Gramado,RS,95670-000,-29.38524,-50.88689,Condomínio de serra,Condominios de alto padrao,curado
Condomínio Montalcino Riserva,"Estr. Ver. Ary Antônio Bergozza, 2059 - Nossa Sra. da Saúde, Caxias do Sul - RS, 95044-020",Caxias do Sul,RS,95044-020,-29.12691,-51.20161,Condomínio urbano,Condominios de alto padrao,curado
Condomínio Residencial Le Parc,"R. Alberico Pasinatto, 185 - Interlagos, Caxias do Sul - RS, 95052-166",Caxias do Sul,RS,95052-166,-29.16051,-51.16838,Condomínio urbano,Condominios de alto padrao,curado
Google Brasil – Pátio Victor Malzoni,"Av. Brig. Faria Lima, 3477, 18º andar - Itaim Bibi, São Paulo - SP, 04538-133",São Paulo,SP,04538-133,-23.58688,-46.6822,Big tech,Tech e capital,curado
Meta (Facebook / Instagram),"Av. Brig. Faria Lima, 3732 - Itaim Bibi, São Paulo - SP, 04542-011",São Paulo,SP,04542-011,-23.58889,-46.68109,Big tech,Tech e capital,curado
Microsoft Brasil,"Av. Pres. Juscelino Kubitschek, 1909, Torre Sul, 16º andar - Vila Nova Conceição, São Paulo - SP, 04543-907",São Paulo,SP,04543-907,-23.5923,-46.68838,Big tech,Tech e capital,curado
Amazon Web Services (AWS),"Av. Chedid Jafet, 200 - Vila Olímpia, São Paulo - SP, 04551-065",São Paulo,SP,04551-065,-23.592,-46.6895,Big tech,Tech e capital,curado
Apple Computer Brasil,"R. Leopoldo Couto de Magalhães Júnior, 700 - Itaim Bibi, São Paulo - SP, 01454-901",São Paulo,SP,01454-901,-23.58742,-46.67954,Big tech,Tech e capital,curado
TikTok Brasil (ByteDance),"R. Leopoldo Couto de Magalhães Júnior, 700 - Jardim Paulista, São Paulo - SP, 04542-000",São Paulo,SP,04542-000,-23.58742,-46.67954,Big tech,Tech e capital,curado
Netflix Brasil,"Av. Rebouças, 3625 - Pinheiros, São Paulo - SP, 05401-400",São Paulo,SP,05401-400,-23.57265,-46.69344,Big tech,Tech e capital,curado
Salesforce Brasil,"Av. Jornalista Roberto Marinho, 85, 14º andar - Cidade Monções, São Paulo - SP, 04576-010",São Paulo,SP,04576-010,-23.61292,-46.69648,Big tech,Tech e capital,curado
Oracle do Brasil,"R. Dr. José Áureo Bustamante, 455 - Chácara Santo Antônio, São Paulo - SP, 04710-090",São Paulo,SP,04710-090,-23.62402,-46.69725,Big tech,Tech e capital,curado
IBM Brasil – Edifício Tutóia,"R. Tutóia, 1157 - Vila Mariana, São Paulo - SP, 04007-900",São Paulo,SP,04007-900,-23.58073,-46.64996,Big tech,Tech e capital,curado
Uber do Brasil Tecnologia,"Av. Brig. Faria Lima, 949 - Pinheiros, São Paulo - SP, 05426-100",São Paulo,SP,05426-100,-23.56652,-46.69457,Big tech,Tech e capital,curado
Nubank – sede,"R. Capote Valente, 39 - Pinheiros, São Paulo - SP, 05409-000",São Paulo,SP,05409-000,-23.56068,-46.67343,Tech / fintech,Tech e capital,curado
McKinsey & Company,"Av. Pres. Juscelino Kubitschek, 1909, Torre Sul, 21º–23º andares - Vila Nova Conceição, São Paulo - SP, 04543-907",São Paulo,SP,04543-907,-23.5923,-46.68838,Consultoria de elite,Tech e capital,curado
Boston Consulting Group (BCG),"Av. Brig. Faria Lima, 3732, 18º e 19º andares - Itaim Bibi, São Paulo - SP, 04538-132",São Paulo,SP,04538-132,-23.59039,-46.68123,Consultoria de elite,Tech e capital,curado
Bain & Company,"Av. Pres. Juscelino Kubitschek, 1909 - Vila Nova Conceição, São Paulo - SP, 04543-907",São Paulo,SP,04543-907,-23.5923,-46.68838,Consultoria de elite,Tech e capital,curado
Roland Berger,"Av. Pres. Juscelino Kubitschek, 15 - Vila Nova Conceição, São Paulo - SP, 04543-906",São Paulo,SP,04543-906,-23.59165,-46.68487,Consultoria de elite,Tech e capital,curado
Oliver Wyman,"R. Arquiteto Olavo Redig de Campos, 105, Torre B, 26º andar - Chácara Santo Antônio, São Paulo - SP, 04711-904",São Paulo,SP,04711-904,-23.62708,-46.70194,Consultoria de elite,Tech e capital,curado
Kearney,"R. Fidêncio Ramos, 302, 11º andar - Vila Olímpia, São Paulo - SP, 04551-010",São Paulo,SP,04551-010,-23.59466,-46.6861,Consultoria de elite,Tech e capital,curado
Bossa Invest,"R. Prof. Tamandaré Toledo, 69, 9º andar - Itaim Bibi, São Paulo - SP, 04532-081",São Paulo,SP,04532-081,-23.58356,-46.6747,Venture capital,Tech e capital,curado
SP Ventures,"R. Pais de Araújo, 29, 14º andar - Itaim Bibi, São Paulo - SP, 04531-940",São Paulo,SP,04531-940,-23.58441,-46.68117,Venture capital,Tech e capital,curado
DOMO.VC,"R. Pais de Araújo, 29 - Itaim Bibi, São Paulo - SP, 04531-090",São Paulo,SP,04531-090,-23.58441,-46.68117,Venture capital,Tech e capital,curado
Astella,"R. Prof. Artur Ramos, 241 - Jardim Paulistano, São Paulo - SP, 04554-011",São Paulo,SP,04554-011,-23.58221,-46.68634,Venture capital,Tech e capital,curado
Alexia Ventures,"R. Fradique Coutinho, 30, cj. 52 - Pinheiros, São Paulo - SP, 05416-000",São Paulo,SP,05416-000,-23.56581,-46.68422,Venture capital,Tech e capital,curado
ONEVC,"R. Pequetita, 215, cj. 112 - Vila Olímpia, São Paulo - SP, 04552-060",São Paulo,SP,04552-060,-23.59254,-46.68641,Venture capital,Tech e capital,curado
DNA Capital,"R. Joaquim Floriano, 72, 20º andar - Itaim Bibi, São Paulo - SP, 04534-011",São Paulo,SP,04534-011,-23.58296,-46.67082,Private equity / venture,Tech e capital,curado
General Atlantic,"Av. Brig. Faria Lima, 3477, Torre A, 7º andar - Itaim Bibi, São Paulo - SP, 04538-133",São Paulo,SP,04538-133,-23.59545,-46.67983,Private equity,Tech e capital,curado
Advent International,"Av. Brig. Faria Lima, 3400, cj. 41 - Itaim Bibi, São Paulo - SP, 04538-132",São Paulo,SP,04538-132,-23.58628,-46.68277,Private equity,Tech e capital,curado
Patria Investimentos,"Av. Cidade Jardim, 803 - Itaim Bibi, São Paulo - SP, 01453-000",São Paulo,SP,01453-000,-23.58346,-46.68644,Private equity,Tech e capital,curado
BTG Pactual,"Av. Brig. Faria Lima, 3477, 14º andar - Itaim Bibi, São Paulo - SP, 04538-133",São Paulo,SP,04538-133,-23.58688,-46.6822,Banco de investimento,Tech e capital,curado
Cubo Itaú,"Alameda Vicente Pinzon, 54 - Vila Olímpia, São Paulo - SP, 04547-130",São Paulo,SP,04547-130,-23.59658,-46.68675,Polo de inovação,Tech e capital,curado
inovabra habitat,"R. da Consolação, 2302 - Consolação, São Paulo - SP, 01301-000",São Paulo,SP,01301-000,-23.55468,-46.66198,Polo de inovação,Tech e capital,curado
Mercado Livre – Melicidade,"Av. das Nações Unidas, 3003 - Bonfim, Osasco - SP, 06233-903",Osasco,SP,06233-903,-23.52215,-46.78869,Big tech,Tech e capital,curado
iFood – sede,"Av. dos Autonomistas, 1496 - Vila Yara, Osasco - SP, 06020-012",Osasco,SP,06020-012,-23.54067,-46.76805,Big tech,Tech e capital,curado
CI&T – Prédio Prisma,"R. Dr. Ricardo Benetton Martins, s/nº - Pólis de Tecnologia, Bosque das Palmeiras, Campinas - SP, 13086-902",Campinas,SP,13086-902,-22.81688,-47.0448,Big tech,Tech e capital,curado
CI&T – Prédio GlobalTech,"Av. Giuseppina Vianelli di Napoli, 1455, Bloco C - Bosque das Palmeiras, Campinas - SP, 13086-530",Campinas,SP,13086-530,-22.81024,-47.04983,Big tech,Tech e capital,curado
Samsung R&D Institute Brazil,"Av. Cambacicas, s/nº, Campinas - SP, 13097-104",Campinas,SP,13097-104,-22.83856,-47.03485,Big tech (P&D),Tech e capital,curado
Parque Científico e Tecnológico da Unicamp,"Av. Alan Turing, 776 - Bosque das Palmeiras, Campinas - SP, 13083-898",Campinas,SP,13083-898,-22.7838,-47.04642,Polo tecnológico,Tech e capital,curado
IBM Brasil – Hortolândia,"Rod. SP-101, s/nº - Chácaras Assay, Hortolândia - SP, 13186-900",Hortolândia,SP,13186-900,-22.87631,-47.20342,Big tech,Tech e capital,curado
Parque Tecnológico São José dos Campos,"Estr. Dr. Altino Bondesan, 500 - Eugênio de Melo, São José dos Campos - SP, 12247-016",São José dos Campos,SP,12247-016,-23.15504,-45.79029,Polo tecnológico,Tech e capital,curado
McKinsey & Company – Rio,"Praia de Botafogo, 300 - Botafogo, Rio de Janeiro - RJ, 22250-040",Rio de Janeiro,RJ,22250-040,-22.94437,-43.18256,Consultoria de elite,Tech e capital,curado
Boston Consulting Group – Rio,"R. Lauro Müller, 116, 29º andar - Botafogo, Rio de Janeiro - RJ, 22290-160",Rio de Janeiro,RJ,22290-160,-22.95678,-43.17654,Consultoria de elite,Tech e capital,curado
Bain & Company – Rio,"Av. República do Chile, 500 - Centro, Rio de Janeiro - RJ, 20031-170",Rio de Janeiro,RJ,20031-170,-22.90983,-43.18251,Consultoria de elite,Tech e capital,curado
Parque Tecnológico da UFRJ,"R. Aloísio Teixeira, 278 - Cidade Universitária, Rio de Janeiro - RJ, 21941-850",Rio de Janeiro,RJ,21941-850,-22.85276,-43.23314,Polo tecnológico,Tech e capital,curado
EBANX – sede,"R. Mal. Deodoro, 630 - Centro, Curitiba - PR, 80010-010",Curitiba,PR,80010-010,-25.43027,-49.26626,Tech / fintech,Tech e capital,curado
Hotmilk – PUCPR,"R. Imaculada Conceição, 1430 - Prado Velho, Curitiba - PR, 80215-182",Curitiba,PR,80215-182,-25.4531,-49.25288,Polo de inovação,Tech e capital,curado
Sapiens Parque,"Av. Luiz Boiteux Piazza, 1302 - Canasvieiras, Florianópolis - SC, 88056-000",Florianópolis,SC,88056-000,-27.43051,-48.44423,Polo tecnológico,Tech e capital,curado
Softplan – sede,"Av. Luiz Boiteux Piazza, 1302, lotes 87/89 - Cachoeira do Bom Jesus, Florianópolis - SC, 88056-000",Florianópolis,SC,88056-000,-27.43051,-48.44423,Tech,Tech e capital,curado
ACATE – Centro de Inovação (SC-401),"Rod. SC-401, 4120, km 4 - Saco Grande, Florianópolis - SC, 88032-005",Florianópolis,SC,88032-005,-27.54576,-48.50124,Polo de inovação,Tech e capital,curado
ACATE – Centro de Inovação Downtown,"R. Felipe Schmidt, 835 - Centro, Florianópolis - SC, 88010-001",Florianópolis,SC,88010-001,-27.59348,-48.55731,Polo de inovação,Tech e capital,curado
RD Station (Resultados Digitais),"Rod. Virgílio Várzea, 587, 3º piso, sala 302 - Monte Verde, Florianópolis - SC, 88032-000",Florianópolis,SC,88032-000,-27.55477,-48.49755,Tech,Tech e capital,curado
ACATE – Centro de Inovação São José,"Av. Presidente Kennedy, 815 - Campinas, São José - SC, 88101-001",São José,SC,88101-001,-27.60126,-48.61356,Polo de inovação,Tech e capital,curado
Tecnopuc,"Av. Ipiranga, 6681 - Partenon, Porto Alegre - RS, 90619-900",Porto Alegre,RS,90619-900,-30.0572,-51.17411,Polo tecnológico,Tech e capital,curado
Thoughtworks Brasil,"Av. Ipiranga, 6681, prédio 99A, 14º andar - Partenon, Porto Alegre - RS, 90619-900",Porto Alegre,RS,90619-900,-30.0572,-51.17411,Consultoria de tecnologia,Tech e capital,curado
Instituto Caldeira,"Tv. São José, 455 - Navegantes, Porto Alegre - RS, 90240-200",Porto Alegre,RS,90240-200,-29.99644,-51.20134,Polo de inovação,Tech e capital,curado
SAP Labs Latin America,"Av. SAP, 188 - Cristo Rei, São Leopoldo - RS, 93022-718",São Leopoldo,RS,93022-718,-29.7973,-51.14772,Big tech,Tech e capital,curado
Portobello Shop – Flagship Gabriel,"Alameda Gabriel Monteiro da Silva, 1193 - Jardim Paulistano, São Paulo - SP, 01442-000",São Paulo,SP,01442-000,-23.57019,-46.68008,Revestimentos premium,Design e arte,curado
Portobello Shop Pinheiros,"Av. Pedroso de Morais, 1495 - Pinheiros, São Paulo - SP, 05419-001",São Paulo,SP,05419-001,-23.5595,-46.69707,Revestimentos premium,Design e arte,curado
Portobello Shop D&D,"Av. das Nações Unidas, 12555, lojas 333/334 - Cidade Monções, São Paulo - SP, 04578-903",São Paulo,SP,04578-903,-23.60671,-46.69691,Revestimentos premium,Design e arte,curado
Portobello Shop Mooca,"Av. Paes de Barros, 2569 - Vila Prudente, São Paulo - SP, 03149-100",São Paulo,SP,03149-100,-23.57319,-46.58736,Revestimentos premium,Design e arte,curado
D&D Shopping,"Av. das Nações Unidas, 12555 - Cidade Monções, São Paulo - SP, 04578-903",São Paulo,SP,04578-903,-23.60671,-46.69691,Shopping de design e decoração,Design e arte,curado
Space Design Deca,"Av. Brasil, 1589 - Jardim América, São Paulo - SP, 01430-001",São Paulo,SP,01430-001,-23.5689,-46.67293,Metais e louças premium,Design e arte,curado
Casa Dexco – Loja Conceito,"Av. Paulista, 2073 - Consolação, São Paulo - SP, 01311-300",São Paulo,SP,01311-300,-23.55866,-46.65993,Revestimentos e metais premium,Design e arte,curado
Positano Atelier Design,"Alameda Gabriel Monteiro da Silva, 398 - Jardim América, São Paulo - SP, 01442-000",São Paulo,SP,01442-000,-23.56423,-46.67582,Metais e louças premium,Design e arte,curado
Casa Brasil Decortiles,"Av. Brasil, 526 - Jardim América, São Paulo - SP, 01430-000",São Paulo,SP,01430-000,-23.57565,-46.66516,Revestimentos premium,Design e arte,curado
Palimanan Revestimentos Naturais,"R. Henri Dunant, 711 - Chácara Santo Antônio, São Paulo - SP, 04709-110",São Paulo,SP,04709-110,-23.62846,-46.6984,Pedras e revestimentos naturais,Design e arte,curado
Lumini,"Alameda Gabriel Monteiro da Silva, 1441 - Jardim Paulistano, São Paulo - SP, 01441-001",São Paulo,SP,01441-001,-23.57196,-46.6814,Iluminação alto padrão,Design e arte,curado
La Lampe & Dominici,"R. Fidalga, 407 - Vila Madalena, São Paulo - SP, 05432-070",São Paulo,SP,05432-070,-23.55586,-46.69031,Iluminação alto padrão,Design e arte,curado
Ornare – São Paulo,"Alameda Gabriel Monteiro da Silva, 1101 - Jardim América, São Paulo - SP, 01441-000",São Paulo,SP,01441-000,-23.56944,-46.67958,Marcenaria alto padrão,Design e arte,curado
Galeria Estação,"R. Ferreira de Araújo, 625 - Pinheiros, São Paulo - SP, 05428-001",São Paulo,SP,05428-001,-23.56323,-46.69761,Galeria de arte,Design e arte,curado
Galeria Luisa Strina,"R. Padre João Manuel, 755 - Cerqueira César, São Paulo - SP, 01411-001",São Paulo,SP,01411-001,-23.56414,-46.6645,Galeria de arte,Design e arte,curado
Fortes D'Aloia & Gabriel – Barra Funda,"R. James Holland, 71 - Barra Funda, São Paulo - SP, 01138-000",São Paulo,SP,01138-000,-23.52198,-46.65183,Galeria de arte,Design e arte,curado
Fortes D'Aloia & Gabriel – Jardins,"R. Barão de Capanema, 343 - Jardins, São Paulo - SP, 01411-010",São Paulo,SP,01411-010,-23.5675,-46.66606,Galeria de arte,Design e arte,curado
Mendes Wood DM,"R. Barra Funda, 216 - Barra Funda, São Paulo - SP, 01152-000",São Paulo,SP,01152-000,-23.53183,-46.65387,Galeria de arte,Design e arte,curado
Galeria Nara Roesler – São Paulo,"Av. Europa, 655 - Jardim Europa, São Paulo - SP, 01449-001",São Paulo,SP,01449-001,-23.57645,-46.67896,Galeria de arte,Design e arte,curado
Almeida & Dale – Fradique 1430,"R. Fradique Coutinho, 1430 - Vila Madalena, São Paulo - SP, 05416-001",São Paulo,SP,05416-001,-23.55545,-46.69184,Galeria de arte,Design e arte,curado
Almeida & Dale – Fradique 1360,"R. Fradique Coutinho, 1360 - Pinheiros, São Paulo - SP, 05416-001",São Paulo,SP,05416-001,-23.55598,-46.69144,Galeria de arte,Design e arte,curado
Galeria Vermelho,"R. Minas Gerais, 350 - Higienópolis, São Paulo - SP, 01244-010",São Paulo,SP,01244-010,-23.55503,-46.66463,Galeria de arte,Design e arte,curado
Galeria Luciana Brito,"Av. Nove de Julho, 5162 - Jardim Europa, São Paulo - SP, 01406-200",São Paulo,SP,01406-200,-23.57803,-46.67531,Galeria de arte,Design e arte,curado
Gomide&Co,"Av. Paulista, 2644 - Jardim Paulista, São Paulo - SP, 01310-300",São Paulo,SP,01310-300,-23.55513,-46.66322,Galeria de arte,Design e arte,curado
Galeria Leme,"Av. Valdemar Ferreira, 130 - Butantã, São Paulo - SP, 05501-000",São Paulo,SP,05501-000,-23.57122,-46.70509,Galeria de arte,Design e arte,curado
São Paulo Expo,"Rod. dos Imigrantes, km 1,5 - Vila Água Funda, São Paulo - SP, 04329-900",São Paulo,SP,04329-900,-23.63143,-46.62992,Local de eventos (feiras),Design e arte,curado
Pavilhão da Bienal – Fundação Bienal,"Av. Pedro Álvares Cabral, s/nº - Ibirapuera, São Paulo - SP, 04094-000",São Paulo,SP,04094-000,-23.58787,-46.65288,Local de eventos (arte),Design e arte,curado
Portobello Shop Campinas,"Av. Cel. Silva Telles, 995 - Cambuí, Campinas - SP, 13024-000",Campinas,SP,13024-000,-22.89551,-47.0557,Revestimentos premium,Design e arte,curado
Portobello Shop Ribeirão Preto,"Av. Itatiaia, 1175 - Jardim Sumaré, Ribeirão Preto - SP, 14025-070",Ribeirão Preto,SP,14025-070,-21.18856,-47.81938,Revestimentos premium,Design e arte,curado
Portobello Shop São José dos Campos,"Av. Barão do Rio Branco, 1088 - Jardim Esplanada, São José dos Campos - SP, 12242-800",São José dos Campos,SP,12242-800,-23.20124,-45.90435,Revestimentos premium,Design e arte,curado
Portobello Shop Santos,"R. Marquês de São Vicente, 16 - Campo Grande, Santos - SP, 11075-690",Santos,SP,11075-690,-23.9608,-46.33748,Revestimentos premium,Design e arte,curado
Portobello Shop Sorocaba,"Av. Antônio Carlos Comitre, 1335 - Parque Campolim, Sorocaba - SP, 18047-620",Sorocaba,SP,18047-620,-23.52769,-47.46523,Revestimentos premium,Design e arte,curado
Portobello Shop Jundiaí,"Av. 9 de Julho, 530 - Vila Virginia, Jundiaí - SP, 13209-010",Jundiaí,SP,13209-010,-23.18109,-46.89967,Revestimentos premium,Design e arte,curado
Portobello Shop Barra da Tijuca,"Av. Ayrton Senna, 2150, Bloco P, 2º piso - Barra da Tijuca, Rio de Janeiro - RJ, 22775-002",Rio de Janeiro,RJ,22775-002,-22.99276,-43.36518,Revestimentos premium,Design e arte,curado
Portobello Shop Ipanema,"R. Joana Angélica, 177 - Ipanema, Rio de Janeiro - RJ, 22420-030",Rio de Janeiro,RJ,22420-030,-22.98233,-43.20495,Revestimentos premium,Design e arte,curado
Portobello Shop Botafogo,"R. Prof. Álvaro Rodrigues, 424, loja A - Botafogo, Rio de Janeiro - RJ, 22280-040",Rio de Janeiro,RJ,22280-040,-22.95282,-43.18491,Revestimentos premium,Design e arte,curado
Portobello Shop Niterói,"Av. Pres. Roosevelt, 144 - São Francisco, Niterói - RJ, 24360-066",Niterói,RJ,24360-066,-22.91348,-43.08246,Revestimentos premium,Design e arte,curado
Ornare – Rio de Janeiro (Barra),"Av. das Américas, 3500, Bloco 1, sala 514 - Barra da Tijuca, Rio de Janeiro - RJ, 22640-102",Rio de Janeiro,RJ,22640-102,-22.9993,-43.34773,Marcenaria alto padrão,Design e arte,curado
A Gentil Carioca,"R. Gonçalves Lêdo, 17 - Centro, Rio de Janeiro - RJ, 20060-020",Rio de Janeiro,RJ,20060-020,-22.90609,-43.18397,Galeria de arte,Design e arte,curado
Galeria Nara Roesler – Rio,"R. Redentor, 241 - Ipanema, Rio de Janeiro - RJ, 22421-030",Rio de Janeiro,RJ,22421-030,-22.9825,-43.2109,Galeria de arte,Design e arte,curado
Silvia Cintra + Box 4,"R. das Acácias, 104 - Gávea, Rio de Janeiro - RJ, 22451-060",Rio de Janeiro,RJ,22451-060,-22.97522,-43.22923,Galeria de arte,Design e arte,curado
Anita Schwartz Galeria de Arte,"R. José Roberto Macedo Soares, 30 - Gávea, Rio de Janeiro - RJ, 22470-100",Rio de Janeiro,RJ,22470-100,-22.97344,-43.22776,Galeria de arte,Design e arte,curado
Marina da Glória,"Av. Infante Dom Henrique, s/nº - Glória, Rio de Janeiro - RJ, 20021-140",Rio de Janeiro,RJ,20021-140,-22.91938,-43.17349,Local de eventos (arte),Design e arte,curado
Portobello Shop Batel,"Alameda Dr. Carlos de Carvalho, 1731 - Centro, Curitiba - PR, 80730-200",Curitiba,PR,80730-200,-25.43782,-49.29084,Revestimentos premium,Design e arte,curado
Portobello Shop Jardim Social,"Av. N. Sra. da Luz, 1725 - Jardim Social, Curitiba - PR, 82520-060",Curitiba,PR,82520-060,-25.41834,-49.24042,Revestimentos premium,Design e arte,curado
Portobello Shop Londrina,"Av. Maringá, 2350 - Vitória, Londrina - PR, 86060-000",Londrina,PR,86060-000,-23.32295,-51.17641,Revestimentos premium,Design e arte,curado
Portobello Shop Maringá,"Av. Pres. Juscelino K. de Oliveira, 1255 - Zona 02, Maringá - PR, 87010-440",Maringá,PR,87010-440,-23.43715,-51.93518,Revestimentos premium,Design e arte,curado
Ornare – Curitiba,"Alameda Dr. Carlos de Carvalho, 555, cj. 51/52 - Centro, Curitiba - PR, 80430-180",Curitiba,PR,80430-180,-25.4333,-49.28041,Marcenaria alto padrão,Design e arte,curado
Simões de Assis,"Alameda Dr. Carlos de Carvalho, 2173A - Batel, Curitiba - PR, 80730-200",Curitiba,PR,80730-200,-25.43936,-49.29498,Galeria de arte,Design e arte,curado
Portobello Shop Florianópolis,"Av. Me. Benvenuta, 690 - Santa Mônica, Florianópolis - SC, 88035-001",Florianópolis,SC,88035-001,-27.59145,-48.51444,Revestimentos premium,Design e arte,curado
Portobello Shop Joinville,"R. Blumenau, 1200 - América, Joinville - SC, 89204-310",Joinville,SC,89204-310,-26.28953,-48.84967,Revestimentos premium,Design e arte,curado
Portobello Shop Blumenau,"R. João Pessoa, 1377 - Velha, Blumenau - SC, 89036-002",Blumenau,SC,89036-002,-26.91812,-49.08708,Revestimentos premium,Design e arte,curado
Portobello Shop Porto Alegre,"Av. Dr. Nilo Peçanha, 2338 - Boa Vista, Porto Alegre - RS, 91330-002",Porto Alegre,RS,91330-002,-30.02809,-51.16905,Revestimentos premium,Design e arte,curado
Portobello Shop Caxias do Sul,"R. Guerino Sanvitto, 853 - Medianeira, Caxias do Sul - RS, 95012-340",Caxias do Sul,RS,95012-340,-29.17812,-51.2146,Revestimentos premium,Design e arte,curado
Galeria Bolsa de Arte,"R. Visconde do Rio Branco, 365 - Floresta, Porto Alegre - RS, 90220-231",Porto Alegre,RS,90220-231,-30.01598,-51.20411,Galeria de arte,Design e arte,curado
Sociedade Hípica Paulista (SHP),"R. Quintana, 206 - Cidade Monções, São Paulo - SP, 04569-010",São Paulo,SP,04569-010,-23.605,-46.68871,Sociedade hípica / clube equestre,Lifestyle equestre,curado
Escola de Equitação da Sociedade Hípica Paulista,"R. Porto Martins, 342 - Brooklin, São Paulo - SP, 04570-140",São Paulo,SP,04570-140,-23.60305,-46.68935,Escola de equitação,Lifestyle equestre,curado
Clube Hípico de Santo Amaro,"R. Visconde de Taunay, 508 - Vila Cruzeiro, São Paulo - SP, 04726-010",São Paulo,SP,04726-010,-23.64182,-46.70961,Sociedade hípica / clube equestre,Lifestyle equestre,curado
Jockey Club de São Paulo,"Av. Lineu de Paula Machado, 1263 - Cidade Jardim, São Paulo - SP, 05601-000",São Paulo,SP,05601-000,-23.58324,-46.69929,Jockey club (turfe),Lifestyle equestre,curado
Jockey Club de São Paulo – Portão 1,"R. Dr. José Augusto de Queiroz, 93 - Cidade Jardim, São Paulo - SP, 05670-090",São Paulo,SP,05670-090,-23.5847,-46.69726,Jockey club (turfe),Lifestyle equestre,curado
Equestrian Manège Alphaville,"Estr. Lula Chaves, 443 - Tanquinho, Santana de Parnaíba - SP, 06532-020",Santana de Parnaíba,SP,06532-020,-23.44852,-46.90157,Escola de equitação,Lifestyle equestre,curado
Centro Hípico Aldeia da Serra,"Estr. do Veterinário, s/nº - Quintas do Ingaí, Santana de Parnaíba - SP, 06519-040",Santana de Parnaíba,SP,06519-040,-23.48215,-46.96552,Centro hípico,Lifestyle equestre,curado
Sociedade Hípica de Campinas,"R. Buriti, s/nº - Bairro das Palmeiras, Campinas - SP, 13092-566",Campinas,SP,13092-566,-22.89872,-47.0204,Sociedade hípica / clube equestre,Lifestyle equestre,curado
Campinas Horse Sport (antiga Hípica Vila Horse),"R. Maria Mercedes Etter von Zuben, 2319 - Jardim Anton von Zuben, Campinas - SP, 13044-503",Campinas,SP,13044-503,-22.95174,-47.02657,Escola de equitação,Lifestyle equestre,curado
Helvetia Polo Country Club,"Av. Hurlinghan, 394 - Helvetia Polo Country, Indaiatuba - SP, 13330-970",Indaiatuba,SP,13330-970,-23.15572,-47.05665,Clube de polo,Lifestyle equestre,curado
Condomínio Fazenda Boa Vista,"Rod. Castelo Branco, km 102, Porto Feliz - SP, 18540-000",Porto Feliz,SP,18540-000,-23.33884,-47.5412,Condomínio com centro equestre,Lifestyle equestre,curado
Haras Tropa do Vale Vermelho,"Bairro Xapadão, s/nº, Porto Feliz - SP, 18540-000",Porto Feliz,SP,18540-000,-23.20598,-47.52427,Haras,Lifestyle equestre,curado
Haras Cruz,"Estrada sem denominação, s/nº, Porto Feliz - SP, 18540-000",Porto Feliz,SP,18540-000,-23.23898,-47.51913,Haras (reprodução equina),Lifestyle equestre,curado
Clube Hípico – Quinta da Baroneza,"Alameda dos Jacarandás, s/nº - Baronesa, Bragança Paulista - SP",Bragança Paulista,SP,,-22.98126,-46.70357,Condomínio com centro equestre,Lifestyle equestre,curado
Sociedade Hípica de Ribeirão Preto,"R. Pedro Barbieri, 9003 - Parque São Sebastião, Ribeirão Preto - SP, 14093-210",Ribeirão Preto,SP,14093-210,-21.18361,-47.7446,Sociedade hípica / clube equestre,Lifestyle equestre,curado
Hípica Jundiaí,"Av. Tashin Asad Raschid Shahrouri, 531 - Jardim dos Estados, Jundiaí - SP, 13212-370",Jundiaí,SP,13212-370,-23.1838,-46.97903,Centro hípico,Lifestyle equestre,curado
Hípica Univap – Desenvolvimento a Galope,"Av. Shishima Hifumi, 2911 - Urbanova, São José dos Campos - SP, 12244-000",São José dos Campos,SP,12244-000,-23.20702,-45.95303,Centro hípico,Lifestyle equestre,curado
Hípica Esplanada do Sol,"R. Henrique Mudat, 213 - Jardim Esplanada II, São José dos Campos - SP, 12242-490",São José dos Campos,SP,12242-490,-23.19557,-45.90846,Centro hípico,Lifestyle equestre,curado
Tao Equestre,"Estr. Municipal do Jaguari, s/nº, São José dos Campos - SP",São José dos Campos,SP,,-23.16093,-45.9206,Escola de equitação,Lifestyle equestre,curado
Manège Santa Clara,"Estr. do Ipatinga, 458, Sorocaba - SP, 18053-400",Sorocaba,SP,18053-400,-23.47074,-47.54447,Centro hípico,Lifestyle equestre,curado
Hípica Veneto,"Estr. Rubens Matiello, 500 - Ipanema das Pedras, Sorocaba - SP, 18052-445",Sorocaba,SP,18052-445,-23.55474,-47.52844,Centro hípico,Lifestyle equestre,curado
Centro Hípico Lapenda,"Rod. Emerenciano Prestes de Barros, 291 - Caguassu, Sorocaba - SP, 18072-859",Sorocaba,SP,18072-859,-23.42608,-47.51808,Centro hípico,Lifestyle equestre,curado
Centro Hípico Santista,"R. Torquato Dias, 1681 - Morro Nova Cintra, Santos - SP, 11080-550",Santos,SP,11080-550,-23.94471,-46.35655,Centro hípico,Lifestyle equestre,curado
Centro Hípico de Itu,"Estr. do Varejão, s/nº - City Castello, Itu - SP",Itu,SP,,-15.74524,-47.89683,Escola de equitação,Lifestyle equestre,curado
Equestrian Center Model,"Estr. Municipal do Canguiri, s/nº - Canguiri, Itu - SP, 13301-730",Itu,SP,13301-730,-23.24288,-47.32999,Centro hípico (cavalo árabe),Lifestyle equestre,curado
Sociedade Hípica Brasileira,"Av. Lineu de Paula Machado, 2448 - Lagoa, Rio de Janeiro - RJ, 22470-040",Rio de Janeiro,RJ,22470-040,-22.96324,-43.21316,Sociedade hípica / clube equestre,Lifestyle equestre,curado
Sociedade Hípica Brasileira – acesso Jardim Botânico,"R. Jardim Botânico, 421 - Jardim Botânico, Rio de Janeiro - RJ, 22470-050",Rio de Janeiro,RJ,22470-050,-22.96192,-43.21458,Sociedade hípica / clube equestre,Lifestyle equestre,curado
Jockey Club Brasileiro,"Praça Santos Dumont, 31 - Gávea, Rio de Janeiro - RJ, 22470-060",Rio de Janeiro,RJ,22470-060,-22.97273,-43.22546,Jockey club (turfe),Lifestyle equestre,curado
Equita Club – Escola de Equitação,"Av. Pref. Dulcídio Cardoso, 406 - Barra da Tijuca, Rio de Janeiro - RJ, 22640-085",Rio de Janeiro,RJ,22640-085,-23.00742,-43.41615,Escola de equitação,Lifestyle equestre,curado
Escola Centauro de Equitação,"Av. Rachel de Queiroz, s/nº - Barra da Tijuca, Rio de Janeiro - RJ, 22793-100",Rio de Janeiro,RJ,22793-100,-22.98513,-43.38004,Escola de equitação,Lifestyle equestre,curado
Murillo Seabra Hipismo,"Estr. Bougainville, 442 - Jacarepaguá, Rio de Janeiro - RJ, 22753-210",Rio de Janeiro,RJ,22753-210,-22.97107,-43.32559,Centro hípico,Lifestyle equestre,curado
Haras Arion Itaipava,"Estr. Ministro Salgado Filho, 5230 - Vale do Cuiabá, Itaipava, Petrópolis - RJ, 25745-690",Petrópolis,RJ,25745-690,-22.37215,-43.07002,Haras / escola de equitação,Lifestyle equestre,curado
CT Instinto Equestre,"Estr. União e Indústria, 26.000 - Pedro do Rio (Cond. Terras Altas), Petrópolis - RJ, 25770-000",Petrópolis,RJ,25770-000,-22.29208,-43.11775,Centro de treinamento equestre,Lifestyle equestre,curado
Centro Hípico Monte Verde,"R. São Sebastião, 1001 - Engenho do Mato, Niterói - RJ, 24344-030",Niterói,RJ,24344-030,-22.9327,-42.99621,Centro hípico,Lifestyle equestre,curado
Manège FC,"R. São Sebastião, 1941 - Engenho do Mato, Niterói - RJ, 24344-103",Niterói,RJ,24344-103,-22.9322,-42.99517,Centro hípico,Lifestyle equestre,curado
Sociedade Hípica Paranaense,"BR-116, s/nº - Tarumã, Curitiba - PR, 82590-100",Curitiba,PR,82590-100,-25.38911,-49.19546,Sociedade hípica / clube equestre,Lifestyle equestre,curado
Jockey Club do Paraná,"Av. Victor Ferreira do Amaral, 2299 - Tarumã, Curitiba - PR, 82800-000",Curitiba,PR,82800-000,-25.42959,-49.21658,Jockey club (turfe),Lifestyle equestre,curado
Haras Santarém,"Estr. Ver. Domingos Benvenuto Moletta, s/nº - Cotia, São José dos Pinhais - PR",São José dos Pinhais,PR,,-25.65193,-49.21325,Haras (puro-sangue inglês),Lifestyle equestre,curado
Haras Springfield,"Área rural, s/nº, Tijucas do Sul - PR, 83190-000",Tijucas do Sul,PR,83190-000,-25.9231,-49.17834,Haras,Lifestyle equestre,curado
Haras VJC,"Estr. Municipal Frei Eurico Melo, s/nº, Tijucas do Sul - PR, 83190-000",Tijucas do Sul,PR,83190-000,-25.80566,-49.14276,Haras (Mangalarga Marchador),Lifestyle equestre,curado
Haras FB,"Estr. de Bateias (PR-090), km 7, Campo Largo - PR, 83604-360",Campo Largo,PR,83604-360,-25.36838,-49.47485,Haras,Lifestyle equestre,curado
Clube Hípico de Maringá,"Av. Harry Prochet, 662 - Jardim Montreal, Maringá - PR, 87070-120",Maringá,PR,87070-120,-23.42267,-51.96893,Sociedade hípica / clube equestre,Lifestyle equestre,curado
Parque de Exposições Governador Ney Braga,"Av. Tiradentes, 6275 - Cilo 2, Londrina - PR, 86072-000",Londrina,PR,86072-000,-23.28822,-51.22571,Parque de exposições / leilões,Lifestyle equestre,curado
Parque Internacional de Exposições Francisco Feio Ribeiro,"Av. Colombo, 2186 - Vila Morangueira, Maringá - PR, 87045-000",Maringá,PR,87045-000,-23.41487,-51.95052,Parque de exposições / leilões,Lifestyle equestre,curado
Sociedade Hípica Catarinense,"Rod. SC-401, 4677 - Saco Grande II, Florianópolis - SC, 88030-000",Florianópolis,SC,88030-000,-27.54056,-48.5059,Sociedade hípica / clube equestre,Lifestyle equestre,curado
ARK Hipismo,"Estr. Bento Manoel Ferreira, 1070 - Ratones, Florianópolis - SC, 88052-300",Florianópolis,SC,88052-300,-27.51484,-48.46898,Centro hípico,Lifestyle equestre,curado
High Jump – Escola de Hipismo,"R. Padre Rohr, 1080 - Santo Antônio de Lisboa, Florianópolis - SC, 88050-510",Florianópolis,SC,88050-510,-27.50325,-48.5171,Escola de equitação,Lifestyle equestre,curado
Hípica Leme,"Estr. do Oeste, 2000 - Rio Bonito, Joinville - SC, 89239-600",Joinville,SC,89239-600,-26.18905,-48.90858,Centro hípico / eventos,Lifestyle equestre,curado
Salto de Qualidade Hipismo,"R. Dorothóvio do Nascimento, 1103 - Jardim Sofia, Joinville - SC, 89223-600",Joinville,SC,89223-600,-26.2338,-48.83712,Centro hípico,Lifestyle equestre,curado
Sociedade Hípica Jaraguá,"R. Affonso Nicoluzzi, 99 - Água Verde, Jaraguá do Sul - SC, 89254-601",Jaraguá do Sul,SC,89254-601,-26.47364,-49.10368,Sociedade hípica / clube equestre,Lifestyle equestre,curado
Haras Tafner & Tafner,"Rod. SC-108, s/nº - Vila Itoupava, Blumenau - SC",Blumenau,SC,,-26.72841,-49.06463,Haras / hipismo,Lifestyle equestre,curado
Haras Camboriú – Cavalo Árabe,"R. Osvaldo Minella, 2000 - Cedros, Camboriú - SC, 88340-000",Camboriú,SC,88340-000,-27.04676,-48.65548,Haras (cavalo árabe),Lifestyle equestre,curado
Sociedade Hípica Porto Alegrense,"Av. Nossa Senhora de Guadalupe, 249 - Hípica, Porto Alegre - RS, 91770-001",Porto Alegre,RS,91770-001,-30.16289,-51.18561,Sociedade hípica / clube equestre,Lifestyle equestre,curado
Jockey Club do Rio Grande do Sul,"Av. Diário de Notícias, 750 - Cristal, Porto Alegre - RS, 90810-080",Porto Alegre,RS,90810-080,-30.08868,-51.24798,Jockey club (turfe),Lifestyle equestre,curado
Parque de Exposições Assis Brasil,"BR-116, km 13 - Novo Esteio, Esteio - RS, 93270-710",Esteio,RS,93270-710,-29.8587,-51.18285,Parque de exposições / leilões,Lifestyle equestre,curado
Jockey Club de Pelotas,"Av. Zeferino Costa, 140 - Três Vendas, Pelotas - RS, 96070-480",Pelotas,RS,96070-480,-31.72926,-52.341,Jockey club (turfe),Lifestyle equestre,curado
Associação Brasileira de Criadores de Cavalos Crioulos (ABCCC),"Av. Fernando Osório, 1754-A - Três Vendas, Pelotas - RS, 96055-030",Pelotas,RS,96055-030,-31.73342,-52.34411,Associação de criadores,Lifestyle equestre,curado
Hípica da Serra,"Travessão Leopoldina, s/nº - Ana Rech, Caxias do Sul - RS, 95059-010",Caxias do Sul,RS,95059-010,-29.11979,-51.10817,Centro hípico,Lifestyle equestre,curado
Haras Old Friends,"BR-153, s/nº - José Otávio, Bagé - RS",Bagé,RS,,-31.32345,-54.10445,Haras (puro-sangue inglês),Lifestyle equestre,curado
Haras Doce Vale,"BR-153, s/nº - Rio Negro, Bagé - RS, 96445-000",Bagé,RS,96445-000,-31.86448,-54.16718,Haras,Lifestyle equestre,curado
Haras Di Cellius,"Estr. Passo do Pérez, s/nº - Prado Velho, Bagé - RS, 96400-000",Bagé,RS,96400-000,-31.32997,-54.07602,Haras (puro-sangue inglês) + pousada,Lifestyle equestre,curado
Haras Bagé Horse,"R. Bispo Atalício Pitan, 1202 - São Martins, Bagé - RS, 96410-400",Bagé,RS,96410-400,-31.29422,-54.12215,Haras,Lifestyle equestre,curado
