linha;nome;categoria;origem;endereco_original;endereco_dsp;cidade;uf;cep;lat_original;lon_original;lat_corrigida;lon_corrigida;bairro_descartado;severidade;risco
2;APJ OURINHOS;;reenviado (ja aprovado pela DSP);19908-095 Av. Luiz Saldanha Rodrigues 2675 VILA SANTOS DUMONT SP Ourinhos;Av Luiz Saldanha Rodrigues 2675 VILA SANTOS DUMONT Ourinhos SP 19908095 Brazil;Ourinhos;SP;19908095;-229.753.965;-498.961.345;-22.975396;-49.896135;;;
3;APPLAUSO BOTUCATU;;reenviado (ja aprovado pela DSP);18608-393 Avenida Deputado Dante Delmanto 1510 Vila Paulista SP Botucatu;Avenida Deputado Dante Delmanto 1510 Vila Paulista Botucatu SP 18608393 Brazil;Botucatu;SP;18608393;-228.688.945;-484.622.131;-22.868894;-48.462213;;;
4;APPLAUSO ITAPETININGA;;reenviado (ja aprovado pela DSP);18213-145 Rua José de Almeida Carvalho 1240 Vila Leonor SP Itapetininga;Rua Jose de Almeida Carvalho 1240 Vila Leonor Itapetininga SP 18213145 Brazil;Itapetininga;SP;18213145;-235.784.215;-480.268.279;-23.578422;-48.026828;;;
5;APPLAUSO ITU;;reenviado (ja aprovado pela DSP);13301-000 Avenida Doutor Otaviano Pereira Mendes 687 Liberdade SP Itu;Avenida Doutor Otaviano Pereira Mendes 687 Liberdade Itu SP 13301000 Brazil;Itu;SP;13301000;-23.259.555;-472.982.898;-23.259555;-47.29829;;;
6;APPLAUSO TATUI;;reenviado (ja aprovado pela DSP);18277-000 Rua Onze de Agosto 3680 CENTRO SP Tatuí;Rua Onze de Agosto 3680 CENTRO Tatui SP 18277000 Brazil;Tatuí;SP;18277000;-233.591.006;-478.813.515;-23.359101;-47.881352;;;
7;ARMANDO SANTO ANDRE;;reenviado (ja aprovado pela DSP);09080-111 Av. D. Pedro II 2449 CAMPESTRE SP Santo André;Av D Pedro II 2449 CAMPESTRE Santo Andre SP 09080111 Brazil;Santo André;SP;09080111;-236.359.615;-465.441.356;-23.635962;-46.544136;;;
8;AUTO ORIENTE CABEDELO;;endereco;58102-660 Rua Hortência Helena A. Brito 319 Jardim America PB Cabedelo;Rua Hortencia Helena A Brito 319 Cabedelo PB 58102660 Brazil;Cabedelo;PB;58102660;-70.719.683;-348.490.985;-7.071968;-34.849098;Jardim America;;
9;AUTO ORIENTE CARUARU;;reenviado (ja aprovado pela DSP);55034-180 Avenida José Pinheiro dos Santos 658 Pinheirópolis PE Caruaru;Avenida Jose Pinheiro dos Santos 658 Pinheiropolis Caruaru PE 55034180 Brazil;Caruaru;PE;55034180;-8.296.002.399.999.990;-359.868.462;-8.296002;-35.986846;;;
10;AUTO ORIENTE JOÃO PESSOA;;reenviado (ja aprovado pela DSP);58041-006 Avenida Presidente Epitácio Pessoa 1758 Expedicionários PB João Pessoa;Avenida Presidente Epitacio Pessoa 1758 Expedicionarios Joao Pessoa PB 58041006 Brazil;João Pessoa;PB;58041006;-7.120.055;-348.546.712;-7.120055;-34.854671;;;
11;AUTO ORIENTE OLINDA;;reenviado (ja aprovado pela DSP);53030-010 Avenida Presidente Getúlio Vargas 1058 Bairro Novo PE Olinda;Avenida Presidente Getulio Vargas 1058 Bairro Novo Olinda PE 53030010 Brazil;Olinda;PE;53030010;-8.001.551.899.999.990;-348.400.947;-8.001552;-34.840095;;;
12;AUTO ORIENTE RECIFE;;reenviado (ja aprovado pela DSP);52021-000 Avenida Norte Miguel Arraes de Alencar 1925 Espinheiro PE Recife;Avenida Norte Miguel Arraes de Alencar 1925 Espinheiro Recife PE 52021000 Brazil;Recife;PE;52021000;-80.399.642;-348.880.639;-8.039964;-34.888064;;;
13;BARIGUI BRUSQUE;;reenviado (ja aprovado pela DSP);88352-500 Rodovia Antônio Heil 202 Centro SC Brusque;Rodovia Antonio Heil 202 Centro Brusque SC 88352500 Brazil;Brusque;SC;88352500;-270.157.628;-488.331.509;-27.015763;-48.833151;;;
14;BARIGUI GUARAPUAVA;;reenviado (ja aprovado pela DSP);85055-010 Avenida Manoel Ribas 4638 Conradinho PR Guarapuava;Avenida Manoel Ribas 4638 Conradinho Guarapuava PR 85055010 Brazil;Guarapuava;PR;85055010;-253.678.507;-5.147.383.139.999.990;-25.367851;-51.473831;;;
15;BARIGUI PAROLIN;;reenviado (ja aprovado pela DSP);80220-350 Rua Antônio Parolin Júnior 120 Parolin PR Curitiba;Rua Antonio Parolin Junior 120 Parolin Curitiba PR 80220350 Brazil;Curitiba;PR;80220350;-254.612.067;-492.566.441;-25.461207;-49.256644;;;
16;BARIGUI PARQUE;;reenviado (ja aprovado pela DSP);80710-000 Rua Padre Agostinho 3081 BIGORRILHO PR Curitiba;Rua Padre Agostinho 3081 BIGORRILHO Curitiba PR 80710000 Brazil;Curitiba;PR;80710000;-254.354.005;-493.080.322;-25.435401;-49.308032;;;
17;BARIGUI PONTA GROSSA;;reenviado (ja aprovado pela DSP);84043-000 Avenida Visconde de Mauá 3010 Colônia Dona Luíza PR Ponta Grossa;Avenida Visconde de Maua 3010 Colonia Dona Luiza Ponta Grossa PR 84043000 Brazil;Ponta Grossa;PR;84043000;-251.345.007;-501.543.227;-25.134501;-50.154323;;;
18;BENN PORTO VELHO;;reenviado (ja aprovado pela DSP);76806-640 Rua da Beira 5770 Floresta RO Porto Velho;Rua da Beira 5770 Floresta Porto Velho RO 76806640 Brazil;Porto Velho;RO;76806640;-8.774.368.299.999.990;-638.793.099;-8.774368;-63.87931;;;
19;BENN RIO BRANCO;;reenviado (ja aprovado pela DSP);69906-150 Via Chico Mendes 1437 Vila do DNER AC Rio Branco;Via Chico Mendes 1437 Vila do DNER Rio Branco AC 69906150 Brazil;Rio Branco;AC;69906150;-99.902.353;-678.075.255;-9.990235;-67.807525;;;
20;BONSAI CASCAVEL;;reenviado (ja aprovado pela DSP);85816-290 Av. Brasil 1952 GRAMADO PR Cascavel;Av Brasil 1952 GRAMADO Cascavel PR 85816290 Brazil;Cascavel;PR;85816290;-249.525.477;-535.057.225;-24.952548;-53.505722;;;
21;BONSAI MARINGA;;reenviado (ja aprovado pela DSP);87040-365 Rua Gaspar Ricardo 234 ZONA 10 PR Maringá;Rua Gaspar Ricardo 234 ZONA 10 Maringa PR 87040365 Brazil;Maringá;PR;87040365;-234.236.899;-5.191.181.599.999.990;-23.42369;-51.911816;;;
22;CANOPUS PRIMAVERA DO LESTE;;reenviado (ja aprovado pela DSP);78550-000 Rua Rio de Janeiro 2655 Cidade Primavera IV MT Primavera do Leste;Rua Rio de Janeiro 2655 Cidade Primavera IV Primavera do Leste MT 78550000 Brazil;Primavera do Leste;MT;78550000;-1.553.889;-542.944.665;-15.53889;-54.294466;;;
23;CANOPUS RONDONÓPOLIS;;endereco;78700-100 Rua Fernando Corrêa da Costa 340 Centro MT Rondonópolis;Rua Fernando Correa da Costa 340 Rondonopolis MT 78700100 Brazil;Rondonópolis;MT;78700100;-164.721.869;-54.631.452;-16.472187;-54.631452;Centro;;
24;CARBEL AV BARAO HOMEM DE MELO;;reenviado (ja aprovado pela DSP);30494-270 Av. Barão Homem de Melo 3400 ESTORIL MG Belo Horizonte;Av Barao Homem de Melo 3400 ESTORIL Belo Horizonte MG 30494270 Brazil;Belo Horizonte;MG;30494270;-199.655.921;-439.610.686;-19.965592;-43.961069;;;
25;CARBEL AV. DO CONTORNO;;reenviado (ja aprovado pela DSP);30110-067 Avenida do Contorno 10151 Barro Preto MG Belo Horizonte;Avenida do Contorno 10151 Barro Preto Belo Horizonte MG 30110067 Brazil;Belo Horizonte;MG;30110067;-199.195.901;-439.569.121;-19.91959;-43.956912;;;
26;CARRERA ACELERA ARARAQUARA;;reenviado (ja aprovado pela DSP);14801-534 Avenida Rodrigo Fernando Grillo 2699 Jardim dos Manacás SP Araraquara;Avenida Rodrigo Fernando Grillo 2699 Jardim dos Manacas Araraquara SP 14801534 Brazil;Araraquara;SP;14801534;-217.861.705;-482.038.324;-21.786171;-48.203832;;;
27;CARRERA ACELERA AV. SUMARÉ;;reenviado (ja aprovado pela DSP);05016-090 Avenida Sumaré 535 Perdizes SP São Paulo;Avenida Sumare 535 Perdizes Sao Paulo SP 05016090 Brazil;São Paulo;SP;05016090;-235.333.266;-466.747.403;-23.533327;-46.67474;;;
28;CARRERA ACELERA BUTANTÃ;;reenviado (ja aprovado pela DSP);05533-000 Avenida Eliseu de Almeida 715 Instituto de Previdência SP São Paulo;Avenida Eliseu de Almeida 715 Instituto de Previdencia Sao Paulo SP 05533000 Brazil;São Paulo;SP;05533000;-235.790.712;-467.174.281;-23.579071;-46.717428;;;
29;CARRERA ACELERA CATANDUVA;;reenviado (ja aprovado pela DSP);15800-031 Av. Deputado Orlando Zacaner 1095 Jardim Clélia SP Catanduva;Av Deputado Orlando Zacaner 1095 Jardim Clelia Catanduva SP 15800031 Brazil;Catanduva;SP;15800031;-211.488.611;-489.869.312;-21.148861;-48.986931;;;
30;CARRERA ACELERA COTIA;;endereco;06707-000 Rodovia Raposo Tavares Granja Viana SP Cotia;Rodovia Raposo Tavares Granja Viana Cotia SP 06707000 Brazil;Cotia;SP;06707000;-236.003.842;-469.028.354;-23.600384;-46.902835;;ALTO;"endereco de rodovia (57-67% falharam); sem numero de porta; CEP generico de cidade, nao de rua (2,4x mais falha)"
31;CARRERA ACELERA GUARATINGUETA;;reenviado (ja aprovado pela DSP);12505-300 Avenida Juscelino Kubitschek de Oliveira 1138 Campo do Galvão SP Guaratinguetá;Avenida Juscelino Kubitschek de Oliveira 1138 Campo do Galvao Guaratingueta SP 12505300 Brazil;Guaratinguetá;SP;12505300;-2.281.592;-4.520.229;-22.81592;-45.20229;;;
32;CARRERA ACELERA LAPA;;endereco;05037-170 Avenida Comendador Martinelli 1506 Água Branca SP São Paulo;Avenida Comendador Martinelli 1506 Sao Paulo SP 05037170 Brazil;São Paulo;SP;05037170;-235.100.292;-466.899.484;-23.510029;-46.689948;Água Branca;;
33;CARRERA ACELERA MORUMBI;;reenviado (ja aprovado pela DSP);05724-001 Av. Giovanni Gronchi 3707 VILA ANDRADE SP São Paulo;Av Giovanni Gronchi 3707 VILA ANDRADE Sao Paulo SP 05724001 Brazil;São Paulo;SP;05724001;-236.126.684;-467.287.675;-23.612668;-46.728767;;;
34;CARRERA ACELERA PINDAMONHANGABA;;reenviado (ja aprovado pela DSP);12421-681 Rua Alcides Ramos Nogueira 650 Nossa Senhora do Perpétuo Socorro SP Pindamonhangaba;Rua Alcides Ramos Nogueira 650 Nossa Senhora do Perpetuo Socorro Pindamonhangaba SP 12421681 Brazil;Pindamonhangaba;SP;12421681;-229.465.315;-454.803.094;-22.946531;-45.480309;;;
35;CARRERA ACELERA SÃO CARLOS;;reenviado (ja aprovado pela DSP);13564-002 Avenida Francisco Pereira Lopes 1800 Parque Arnold Schimidt SP São Carlos;Avenida Francisco Pereira Lopes 1800 Parque Arnold Schimidt Sao Carlos SP 13564002 Brazil;São Carlos;SP;13564002;-220.061.725;-479.026.094;-22.006173;-47.902609;;;
36;CARRERA ACELERA SÃO JOSÉ DOS CAMPOS;;reenviado (ja aprovado pela DSP);12246-840 Avenida Deputado Benedito Matarazzo 5051 Parque Residencial Aquarius SP São José dos Campos;Avenida Deputado Benedito Matarazzo 5051 Parque Residencial Aquarius Sao Jose dos Campos SP 12246840 Brazil;São José dos Campos;SP;12246840;-232.231.746;-4.590.435.069.999.990;-23.223175;-45.904351;;;
37;CARRERA ACELERA TAUBATE;;reenviado (ja aprovado pela DSP);12041-078 Av. Charles Schnneider 1861 BARRANCO SP Taubaté;Av Charles Schnneider 1861 BARRANCO Taubate SP 12041078 Brazil;Taubaté;SP;12041078;-230.249.016;-455.840.715;-23.024902;-45.584072;;;
38;CARRERA ACELERA VILA OLIMPIA;;reenviado (ja aprovado pela DSP);04550-002 Avenida Bandeirantes 1585 VILA OLÍMPIA SP São Paulo;Avenida Bandeirantes 1585 VILA OLIMPIA Sao Paulo SP 04550002 Brazil;São Paulo;SP;04550002;-236.041.579;-466.793.797;-23.604158;-46.67938;;;
39;CARRERA ACELERA VOTUPORANGA;;endereco;15500-051 Avenida Brasil 5043 São Judas Tadeu SP Votuporanga;Avenida Brasil 5043 Votuporanga SP 15500051 Brazil;Votuporanga;SP;15500051;-204.086.762;-499.767.824;-20.408676;-49.976782;São Judas Tadeu;;
40;CICAL RIBEIRAO PRETO;;reenviado (ja aprovado pela DSP);14026-600 Avenida Doutor José Cezário Monteiro da Silva Filho 270 Nova Aliança SP Ribeirão Preto;Avenida Doutor Jose Cezario Monteiro da Silva Filho 270 Nova Alianca Ribeirao Preto SP 14026600 Brazil;Ribeirão Preto;SP;14026600;-21.217.415;-4.781.783;-21.217415;-47.81783;;;
41;CICAL UBERLANDIA;;reenviado (ja aprovado pela DSP);38400-658 Rua Rio de Janeiro 359 BRASIL MG Uberlândia;Rua Rio de Janeiro 359 BRASIL Uberlandia MG 38400658 Brazil;Uberlândia;MG;38400658;-188.964.959;-482.605.863;-18.896496;-48.260586;;;
42;COMERI GUARUJA;;reenviado (ja aprovado pela DSP);11430-001 Av. Adhemar de Barros 1007 VILA SANTO ANTONIO SP Guarujá;Av Adhemar de Barros 1007 VILA SANTO ANTONIO Guaruja SP 11430001 Brazil;Guarujá;SP;11430001;-239.917.159;-462.695.586;-23.991716;-46.269559;;;
43;COMERI PRAIA GRANDE;;reenviado (ja aprovado pela DSP);11702-480 Av. Presidente Kennedy 2980 Aviacao SP Praia Grande;Av Presidente Kennedy 2980 Aviacao Praia Grande SP 11702480 Brazil;Praia Grande;SP;11702480;-240.100.102;-464.382.916;-24.01001;-46.438292;;;
44;COMERI SANTOS;;reenviado (ja aprovado pela DSP);11015-201 Avenida Washington Luis 105 Vila Matias SP Santos;Avenida Washington Luis 105 Vila Matias Santos SP 11015201 Brazil;Santos;SP;11015201;-239.462.835;-463.343.711;-23.946283;-46.334371;;;
45;DAHRUJ AMERICANA;;reenviado (ja aprovado pela DSP);13478-540 Avenida Nossa Senhora de Fátima 1041 Vila Israel SP Americana;Avenida Nossa Senhora de Fatima 1041 Vila Israel Americana SP 13478540 Brazil;Americana;SP;13478540;-227.356.177;-473.158.226;-22.735618;-47.315823;;;
46;DAHRUJ BRAZ LEME;;reenviado (ja aprovado pela DSP);02511-000 Avenida Braz Leme 410 Casa Verde SP São Paulo;Avenida Braz Leme 410 Casa Verde Sao Paulo SP 02511000 Brazil;São Paulo;SP;02511000;-235.112.752;-466.527.888;-23.511275;-46.652789;;;
47;DAHRUJ CAMPINAS;;reenviado (ja aprovado pela DSP);13090-615 Avenida José de Souza Campos 2256 Chácara da Barra SP Campinas;Avenida Jose de Souza Campos 2256 Chacara da Barra Campinas SP 13090615 Brazil;Campinas;SP;13090615;-228.859.365;-470.438.035;-22.885936;-47.043804;;;
48;DAHRUJ INDAIATUBA;;reenviado (ja aprovado pela DSP);13338-705 Av. Presidente Vargas 3138 Vila Homero SP Indaiatuba;Av Presidente Vargas 3138 Vila Homero Indaiatuba SP 13338705 Brazil;Indaiatuba;SP;13338705;-230.866.168;-4.718.169.289.999.990;-23.086617;-47.181693;;;
49;DAHRUJ JUNDIAI;;reenviado (ja aprovado pela DSP);13215-010 Av. Antonio Frederico Ozanan 3900 PONTE DE SÃO JOAO SP Jundiaí;Av Antonio Frederico Ozanan 3900 PONTE DE SAO JOAO Jundiai SP 13215010 Brazil;Jundiaí;SP;13215010;-231.818.277;-468.773.013;-23.181828;-46.877301;;;
50;DAHRUJ LIMEIRA;;endereco;13486-190 Avenida Major José Levy Sobrinho 2565 Jardim Nereide SP Limeira;Avenida Major Jose Levy Sobrinho 2565 Limeira SP 13486190 Brazil;Limeira;SP;13486190;-225.498.669;-473.795.316;-22.549867;-47.379532;Jardim Nereide;;
51;DAHRUJ PIRACICABA;;reenviado (ja aprovado pela DSP);13420-355 Avenida Doutor Cássio Paschoal Padovani 861 Morumbi SP Piracicaba;Avenida Doutor Cassio Paschoal Padovani 861 Morumbi Piracicaba SP 13420355 Brazil;Piracicaba;SP;13420355;-227.276.058;-476.195.242;-22.727606;-47.619524;;;
52;DAHRUJ VILA LEOPOLDINA;;reenviado (ja aprovado pela DSP);05314-000 Avenida Doutor Gastão Vidigal 1687 Vila Leopoldina SP São Paulo;Avenida Doutor Gastao Vidigal 1687 Vila Leopoldina Sao Paulo SP 05314000 Brazil;São Paulo;SP;05314000;-235.320.864;-4.673.569.639.999.990;-23.532086;-46.735696;;;
53;DESTAQUE CARAGUATATUBA;;reenviado (ja aprovado pela DSP);11672-150 Rua Ministro Dilson Funaro 425 Pontal de Santa Marina SP Caraguatatuba;Rua Ministro Dilson Funaro 425 Pontal de Santa Marina Caraguatatuba SP 11672150 Brazil;Caraguatatuba;SP;11672150;-23.648.041;-454.319.001;-23.648041;-45.4319;;;
54;DESTAQUE MOGI DAS CRUZES;;reenviado (ja aprovado pela DSP);08735-000 Av. Fernando Costa 863 CENTRO SP Mogi das Cruzes;Av Fernando Costa 863 CENTRO Mogi das Cruzes SP 08735000 Brazil;Mogi das Cruzes;SP;08735000;-235.319.998;-462.078.841;-23.532;-46.207884;;;
55;DESTAQUE POA;;reenviado (ja aprovado pela DSP);08557-700 Rodovia João Afonso de Souza Castelano 2040 VILA LUCIA SP Poá;Rodovia Joao Afonso de Souza Castelano 2040 VILA LUCIA Poa SP 08557700 Brazil;Poá;SP;08557700;-235.097.041;-463.408.266;-23.509704;-46.340827;;;
56;DINISA NITEROI;;reenviado (ja aprovado pela DSP);24350-310 Est. Francisco da Cruz Nunes 1482 PIRATININGA RJ Niterói;Est Francisco da Cruz Nunes 1482 PIRATININGA Niteroi RJ 24350310 Brazil;Niterói;RJ;24350310;-229.291.882;-430.648.259;-22.929188;-43.064826;;;
57;DRSUL ARARANGUÁ;;endereco;88900-000 477 SC Araranguá;477 Ararangua SC 88900000 Brazil;Araranguá;SC;88900000;-289.370.964;-494.840.256;-28.937096;-49.484026;;ALTO;"logradouro sem nome; CEP generico de cidade, nao de rua (2,4x mais falha)"
58;DRSUL BENTO GONCALVES;;reenviado (ja aprovado pela DSP);95700-000 Rua Luiz Alegretti 373 LICORSUL RS Bento Gonçalves;Rua Luiz Alegretti 373 LICORSUL Bento Goncalves RS 95700000 Brazil;Bento Gonçalves;RS;95700000;-29.178.856;-515.310.508;-29.178856;-51.531051;;;
59;DRSUL CAXIAS DO SUL;;reenviado (ja aprovado pela DSP);95054-030 Av. Rubens Bento Alves 492 SAGRADA FAMÍLIA RS Caxias do Sul;Av Rubens Bento Alves 492 SAGRADA FAMILIA Caxias do Sul RS 95054030 Brazil;Caxias do Sul;RS;95054030;-291.530.731;-511.544.697;-29.153073;-51.15447;;;
60;DRSUL CRICIÚMA;;reenviado (ja aprovado pela DSP);88813-390 Avenida Jorge Elias de Lucca 85 Nossa Senhora da Salete SC Criciúma;Avenida Jorge Elias de Lucca 85 Nossa Senhora da Salete Criciuma SC 88813390 Brazil;Criciúma;SC;88813390;-286.884.542;-493.400.896;-28.688454;-49.34009;;;
61;DRSUL IJUI;;reenviado (ja aprovado pela DSP);98700-000 Rod. BR 285 Hammarsfron RS Ijuí;Rod BR 285 Hammarsfron Ijui RS 98700000 Brazil;Ijuí;RS;98700000;-283.958.804;-538.969.032;-28.39588;-53.896903;;;
62;DRSUL LAGES;;reenviado (ja aprovado pela DSP);88509501 Avenida Presidente Vargas 1494 Coral SC Lages;Avenida Presidente Vargas 1494 Coral Lages SC 88509501 Brazil;Lages;SC;88509501;-278.104.274;-503.033.602;-27.810427;-50.30336;;;
63;DRSUL LAJEADO;;reenviado (ja aprovado pela DSP);99913-176 Estrada BR 386 1951 São Cristovão RS Lajeado;Estrada BR 386 1951 Sao Cristovao Lajeado RS 99913176 Brazil;Lajeado;RS;99913176;-29.453.735;-5.195.983.529.999.990;-29.453735;-51.959835;;;
64;DRSUL RIO DO SUL;;endereco;89163-020 Rodovia BR-470 7150 Canta Galo SC Rio do Sul;Rodovia BR 470 7150 Rio do Sul SC 89163020 Brazil;Rio do Sul;SC;89163020;-272.027.554;-496.426.587;-27.202755;-49.642659;Canta Galo;ALTO;endereco de rodovia (57-67% falharam)
65;DRSUL SANTA CRUZ DO SUL;;endereco;96845-545 Rod BR 471- KM 56 3510 SCHULZ RS Santa Cruz do Sul;Rodovia BR 471 3510 Santa Cruz do Sul RS 96845545 Brazil;Santa Cruz do Sul;RS;96845545;-297.153.084;-524.454.538;-29.715308;-52.445454;SCHULZ;ALTO;endereco de rodovia (57-67% falharam)
66;DUBAI MACAPA;;reenviado (ja aprovado pela DSP);68900-067 Rua Leopoldo Machado 1749 Central AP Macapá;Rua Leopoldo Machado 1749 Central Macapa AP 68900067 Brazil;Macapá;AP;68900067;0.0365384;-510.620.663;0.036538;-51.062066;;;
67;EUROVIA PARALELA;;endereco;41730-101 Avenida Luís Viana 6600 Paralela BA Salvador;Avenida Luis Viana 6600 Salvador BA 41730101 Brazil;Salvador;BA;41730101;-129.399.153;-384.105.405;-12.939915;-38.410541;Paralela;;
68;EUROVIA AFOGADOS;;reenviado (ja aprovado pela DSP);50750-000 Estrada dos Remédios 1780 ILHA DO RETIRO PE Recife;Estrada dos Remedios 1780 ILHA DO RETIRO Recife PE 50750000 Brazil;Recife;PE;50750000;-8.080.256.799.999.990;-349.066.444;-8.080257;-34.906644;;;
69;EUROVIA CAXANGA;;reenviado (ja aprovado pela DSP);50800-000 Avenida Caxangá 4210 Iputinga PE Recife;Avenida Caxanga 4210 Iputinga Recife PE 50800000 Brazil;Recife;PE;50800000;-8.038.138;-349.427.809;-8.038138;-34.942781;;;
70;EUROVIA IMBIRIBEIRA;;reenviado (ja aprovado pela DSP);51180-001 Av. Marechal Mascarenhas de Moraes 2160 IMBIRIBEIRA PE Recife;Av Marechal Mascarenhas de Moraes 2160 IMBIRIBEIRA Recife PE 51180001 Brazil;Recife;PE;51180001;-81.101.618;-3.491.266.299.999.990;-8.110162;-34.912663;;;
71;EUROVIA JABOATÃO DOS GUARARAPES;;reenviado (ja aprovado pela DSP);54330-000 Avenida Barreto de Menezes 697 Cajueiro Seco PE Jaboatão dos Guararapes;Avenida Barreto de Menezes 697 Cajueiro Seco Jaboatao dos Guararapes PE 54330000 Brazil;Jaboatão dos Guararapes;PE;54330000;-8.169.146.399.999.990;-349.212.861;-8.169146;-34.921286;;;
72;EUROVIA LAURO DE FREITAS;;endereco;42700-000 Av. Santos Dumont 2376 ITINGA BA Lauro de Freitas;Avenida Santos Dumont 2376 Lauro de Freitas BA 42700000 Brazil;Lauro de Freitas;BA;42700000;-12.899.139;-38.331.622;-12.899139;-38.331622;ITINGA;MEDIO;CEP generico de cidade, nao de rua (2,4x mais falha)
73;EUROVIA SALVADOR;;reenviado (ja aprovado pela DSP);41950-000 Av. Antônio Carlos Magalhães 4925 IGUATEMI BA Salvador;Av Antonio Carlos Magalhaes 4925 IGUATEMI Salvador BA 41950000 Brazil;Salvador;BA;41950000;-129.782.887;-384.738.118;-12.978289;-38.473812;;;
74;EUROVIA SALVADOR II;;reenviado (ja aprovado pela DSP);40295-140 Avenida Juracy Magalhães Júnior 1054 Horto Florestal BA Salvador;Avenida Juracy Magalhaes Junior 1054 Horto Florestal Salvador BA 40295140 Brazil;Salvador;BA;40295140;-13.005.955;-384.855.605;-13.005955;-38.48556;;;
75;FORT AV. ROGACIANO LEITE;;reenviado (ja aprovado pela DSP);60810-786 Avenida Rogaciano Leite 688 Patriolino Ribeiro CE Fortaleza;Avenida Rogaciano Leite 688 Patriolino Ribeiro Fortaleza CE 60810786 Brazil;Fortaleza;CE;60810786;-37.635.946;-3.849.481.189.999.990;-3.763595;-38.494812;;;
76;FORT FORTALEZA;;reenviado (ja aprovado pela DSP);60192-024 Av. Santos Dumont 7580 coco CE Fortaleza;Av Santos Dumont 7580 coco Fortaleza CE 60192024 Brazil;Fortaleza;CE;60192024;-37.457.722;-384.690.107;-3.745772;-38.469011;;;
77;FORT JUAZEIRO;;reenviado (ja aprovado pela DSP);63050-423 Av. Padre Cícero 4747 São José CE Juazeiro do Norte;Av Padre Cicero 4747 Sao Jose Juazeiro do Norte CE 63050423 Brazil;Juazeiro do Norte;CE;63050423;-7.227.830.200.000.000;-393.507.558;-7.22783;-39.350756;;;
78;FORT MOSSORO;;reenviado (ja aprovado pela DSP);59619-000 Avenida Lauro Monte 80 Abolição RN Mossoró;Avenida Lauro Monte 80 Abolicao Mossoro RN 59619000 Brazil;Mossoró;RN;59619000;-51.711.263;-373.476.471;-5.171126;-37.347647;;;
79;GLOBO BALNEÁRIO CAMBORIÚ;;endereco;88330-663 Av. do Estado Dalmo Vieira 5101 Centro SC Balneário Camboriú;Avenida do Estado Dalmo Vieira 5101 Balneario Camboriu SC 88330663 Brazil;Balneário Camboriú;SC;88330663;-269.985.956;-4.864.528.929.999.990;-26.998596;-48.645289;Centro;;
80;GLOBO CURITIBA;;reenviado (ja aprovado pela DSP);80045-125 Rua XV de Novembro 2300 ALTO DA RUA XV PR Curitiba;Rua XV de Novembro 2300 ALTO DA RUA XV Curitiba PR 80045125 Brazil;Curitiba;PR;80045125;-254.271.569;-49.251.912;-25.427157;-49.251912;;;
81;GLOBO FLORIANÓPOLIS;;reenviado (ja aprovado pela DSP);88070-800 Rua General Liberato Bittencourt 1475 Estreito SC Florianópolis;Rua General Liberato Bittencourt 1475 Estreito Florianopolis SC 88070800 Brazil;Florianópolis;SC;88070800;-275.868.887;-485.814.047;-27.586889;-48.581405;;;
82;GLOBO ITAJAI;;reenviado (ja aprovado pela DSP);88306-000 Rod. Osvaldo Reis 460 FAZENDINHA SC Itajaí;Rod Osvaldo Reis 460 FAZENDINHA Itajai SC 88306000 Brazil;Itajaí;SC;88306000;-269.267.363;-486.470.726;-26.926736;-48.647073;;;
83;GLOBO S J PINHAIS;;reenviado (ja aprovado pela DSP);83005-450 Av. das Torres 2344 SÃO PEDRO PR São José dos Pinhais;Av das Torres 2344 SAO PEDRO Sao Jose dos Pinhais PR 83005450 Brazil;São José dos Pinhais;PR;83005450;-255.434.301;-49.191.735;-25.54343;-49.191735;;;
84;GLOBO SAO JOSE;;reenviado (ja aprovado pela DSP);88102-650 Rua Joaquim Vaz 1615 PRAIA COMPRIDA SC São José;Rua Joaquim Vaz 1615 PRAIA COMPRIDA Sao Jose SC 88102650 Brazil;São José;SC;88102650;-276.043.811;-48.622.301;-27.604381;-48.622301;;;
85;GRAND PREMIER BRASILIA;;endereco;71200-010 Sia Sul Trecho 02 Lotes 90 a 170 90 SETOR DE INDUSTRIA DF Brasília;Sia Sul Trecho 02 Brasilia DF 71200010 Brazil;Brasília;DF;71200010;-158.079.351;-479.621.832;-15.807935;-47.962183;Lotes 90 a 170 90 SETOR DE INDUSTRIA;;
86;GRANJAPAN PETROLINA;;reenviado (ja aprovado pela DSP);56304-160 Av. Monsenhor Angelo Sampaio 218 CENTRO PE Petrolina;Av Monsenhor Angelo Sampaio 218 CENTRO Petrolina PE 56304160 Brazil;Petrolina;PE;56304160;-93.949.237;-404.898.073;-9.394924;-40.489807;;;
87;IESA AV TARSO DUTRA;;reenviado (ja aprovado pela DSP);90690-140 Av. Senador Tarso Dutra 285 PETRÓPOLIS RS Porto Alegre;Av Senador Tarso Dutra 285 PETROPOLIS Porto Alegre RS 90690140 Brazil;Porto Alegre;RS;90690140;-300.413.102;-511.736.866;-30.04131;-51.173687;;;
88;IESA AV. WENCESLAU ESCOBAR;;reenviado (ja aprovado pela DSP);91900-000 Avenida Wenceslau Escobar 1204 Cristal RS Porto Alegre;Avenida Wenceslau Escobar 1204 Cristal Porto Alegre RS 91900000 Brazil;Porto Alegre;RS;91900000;-3.010.114.299.999.990;-51.248.862;-30.101143;-51.248862;;;
89;IESA CANOAS;;reenviado (ja aprovado pela DSP);92010-011 Av. Getúlio Vargas 6443 CENTRO RS Canoas;Av Getulio Vargas 6443 CENTRO Canoas RS 92010011 Brazil;Canoas;RS;92010011;-299.084.609;-511.767.753;-29.908461;-51.176775;;;
90;IESA CHAPECÓ;;reenviado (ja aprovado pela DSP);89804-060 Rua Tiradentes 131 São Cristóvão SC Chapecó;Rua Tiradentes 131 Sao Cristovao Chapeco SC 89804060 Brazil;Chapecó;SC;89804060;-270.795.753;-526.248.635;-27.079575;-52.624863;;;
91;IESA ERECHIM;;endereco;99709-200 BR-153 15 Fátima RS Erechim;BR 153 15 Fatima Erechim RS 99709200 Brazil;Erechim;RS;99709200;-276.531.132;-522.618.133;-27.653113;-52.261813;;ALTO;sem numero de porta
92;IESA FLORIANÓPOLIS;;reenviado (ja aprovado pela DSP);88035000 Avenida Madre Benvenuta 687 Santa Mônica SC Florianópolis;Avenida Madre Benvenuta 687 Santa Monica Florianopolis SC 88035000 Brazil;Florianópolis;SC;88035000;-27.590.134;-485.148.157;-27.590134;-48.514816;;;
93;IESA GRAVATAÍ;;endereco;94090-720 Rodovia RS-020 110 Vera Cruz RS Gravataí;Rodovia RS 020 110 Gravatai RS 94090720 Brazil;Gravataí;RS;94090720;-299.293.725;-510.610.776;-29.929372;-51.061078;Vera Cruz;ALTO;endereco de rodovia (57-67% falharam)
94;IESA NOVO HAMBURGO;;endereco;93334-300 Estrada BR 116 496 IDEAL RS Novo Hamburgo;Estrada BR 116 496 Novo Hamburgo RS 93334300 Brazil;Novo Hamburgo;RS;93334300;-297.104.957;-511.473.361;-29.710496;-51.147336;IDEAL;ALTO;endereco de rodovia (57-67% falharam)
95;IESA OSORIO;;endereco;95520-000 Rodovia BR 101 1100 Centro RS Osório;Rodovia BR 101 1100 Osorio RS 95520000 Brazil;Osório;RS;95520000;-298.885.765;-502.765.752;-29.888576;-50.276575;Centro;ALTO;"endereco de rodovia (57-67% falharam); CEP generico de cidade, nao de rua (2,4x mais falha)"
96;IESA SOUZA REIS;;reenviado (ja aprovado pela DSP);90240-650 Rua Souza Reis 365 São João RS Porto Alegre;Rua Souza Reis 365 Sao Joao Porto Alegre RS 90240650 Brazil;Porto Alegre;RS;90240650;-30.003.732;-511.896.693;-30.003732;-51.189669;;;
97;IESA TUBARÃO;;endereco;88708285 Rua Januário Corrêa Bittencourt 443 Vila Esperança SC Tubarão;Rua Januario Correa Bittencourt 443 Tubarao SC 88708285 Brazil;Tubarão;SC;88708285;-284.682.627;-490.120.563;-28.468263;-49.012056;Vila Esperança;;
98;ITAIMBE PASSO FUNDO;;endereco;99034-600 Rodovia RS-153 391 Santa Marta RS Passo Fundo;Rodovia RS 153 391 Passo Fundo RS 99034600 Brazil;Passo Fundo;RS;99034600;-282.737.117;-524.436.332;-28.273712;-52.443633;Santa Marta;ALTO;endereco de rodovia (57-67% falharam)
99;ITAIMBE PELOTAS;;reenviado (ja aprovado pela DSP);96055-005 Av. Fernando Osório 125 CENTRO RS Pelotas;Av Fernando Osorio 125 CENTRO Pelotas RS 96055005 Brazil;Pelotas;RS;96055005;-317.497.242;-523.407.474;-31.749724;-52.340747;;;
100;ITAIMBE SANTA MARIA;;reenviado (ja aprovado pela DSP);97095-465 Av. João Pozzobon 1605 KM 3 RS Santa Maria;Av Joao Pozzobon 1605 KM 3 Santa Maria RS 97095465 Brazil;Santa Maria;RS;97095465;-296.936.388;-537.818.501;-29.693639;-53.78185;;;
101;JADE FEIRA DE SANTANA;;reenviado (ja aprovado pela DSP);44088-451 Avenida Presidente Dutra 2677 Capuchinhos BA Feira de Santana;Avenida Presidente Dutra 2677 Capuchinhos Feira de Santana BA 44088451 Brazil;Feira de Santana;BA;44088451;-122.677.166;-389.423.034;-12.267717;-38.942303;;;
102;JADE IRECÊ;;endereco;44864-130 Avenida 2 de Agosto 352 Asa Norte BA Irecê;Avenida 2 de Agosto 352 Irece BA 44864130 Brazil;Irecê;BA;44864130;-113.022.176;-418.476.563;-11.302218;-41.847656;Asa Norte;;
103;JADE ITABUNA;;reenviado (ja aprovado pela DSP);45600-297 Av. José Soares Pinheiro 1671 Lomanto BA Itabuna;Av Jose Soares Pinheiro 1671 Lomanto Itabuna BA 45600297 Brazil;Itabuna;BA;45600297;-148.051.051;-39.291.924;-14.805105;-39.291924;;;
104;JADE TEIXEIRA DE FREITAS;;reenviado (ja aprovado pela DSP);45985-200 Av. Presidente Getúlio Vargas 603 Centro BA Teixeira de Freitas;Av Presidente Getulio Vargas 603 Centro Teixeira de Freitas BA 45985200 Brazil;Teixeira de Freitas;BA;45985200;-175.400.387;-397.449.866;-17.540039;-39.744987;;;
105;JADE VITÓRIA DA CONQUISTA;;reenviado (ja aprovado pela DSP);45023-000 Av. Presidente Dutra 634 Felicia BA Vitória da Conquista;Av Presidente Dutra 634 Felicia Vitoria da Conquista BA 45023000 Brazil;Vitória da Conquista;BA;45023000;-148.748.357;-408.519.897;-14.874836;-40.85199;;;
106;JANGADA JÚLIO VENTURA;;reenviado (ja aprovado pela DSP);60140-230 Av. Julio Ventura 200 ALDEOTA CE Fortaleza;Av Julio Ventura 200 ALDEOTA Fortaleza CE 60140230 Brazil;Fortaleza;CE;60140230;-37.404.107;-385.057.274;-3.740411;-38.505727;;;
107;JANGADA WASHINGTON SOARES;;reenviado (ja aprovado pela DSP);60811-341 Av. Washington Soares 2055 EDSON QUEIROZ CE Fortaleza;Av Washington Soares 2055 EDSON QUEIROZ Fortaleza CE 60811341 Brazil;Fortaleza;CE;60811341;-3.776.796.199.999.990;-384.809.677;-3.776796;-38.480968;;;
108;JAPAN PARNAIBA;;endereco;64205-190 Rodovia BR - 343 - L Par 3438 João XXIII PI Parnaíba;Rodovia BR 343 Parnaiba PI 64205190 Brazil;Parnaíba;PI;64205190;-28.961.318;-41.702.098;-2.896132;-41.702098;- L Par 3438 João XXIII;ALTO;endereco de rodovia (57-67% falharam)
109;JAPAN TERESINA;;endereco;64045-000 Avenida João XXIII 3480 Noivos PI Teresina;Avenida Joao XXIII 3480 Teresina PI 64045000 Brazil;Teresina;PI;64045000;-5.082.132;-427.664.154;-5.082132;-42.766415;Noivos;MEDIO;CEP generico de cidade, nao de rua (2,4x mais falha)
110;KATANA GOIANIA T1;;reenviado (ja aprovado pela DSP);74210-270 Avenida T 8 425 Setor Bueno GO Goiânia;Avenida T 8 425 Setor Bueno Goiania GO 74210270 Brazil;Goiânia;GO;74210270;-166.938.933;-492.727.765;-16.693893;-49.272776;;;
111;KEIJI UBERABA;;reenviado (ja aprovado pela DSP);38022-290 Avenida Coronel Joaquim de Oliveira Prata 1091 Bom Retiro MG Uberaba;Avenida Coronel Joaquim de Oliveira Prata 1091 Bom Retiro Uberaba MG 38022290 Brazil;Uberaba;MG;38022290;-197.710.282;-479.420.142;-19.771028;-47.942014;;;
112;KEIJI VEICULOS FRANCA;;reenviado (ja aprovado pela DSP);14403-000 Avenida Doutor Ismael Alonso Y. Alonso 185 Jardim Veneza SP Franca;Avenida Doutor Ismael Alonso Y Alonso 185 Jardim Veneza Franca SP 14403000 Brazil;Franca;SP;14403000;-205.523.358;-474.056.612;-20.552336;-47.405661;;;
113;KEIJI VEICULOS RIBEIRÃO PRETO;;reenviado (ja aprovado pela DSP);14095-000 Avenida Presidente Castelo Branco 1235 Parque Industrial Lagoinha SP Ribeirão Preto;Avenida Presidente Castelo Branco 1235 Parque Industrial Lagoinha Ribeirao Preto SP 14095000 Brazil;Ribeirão Preto;SP;14095000;-211.954.773;-477.722.343;-21.195477;-47.772234;;;
114;KEIKO BARRA MANSA;;reenviado (ja aprovado pela DSP);27333-236 RUA ANTONIO LUIZ PIRES 20 Barra Mansa - RJ RJ Barra Mansa;RUA ANTONIO LUIZ PIRES 20 Barra Mansa RJ Barra Mansa RJ 27333236 Brazil;Barra Mansa;RJ;27333236;-225.598.587;-441.210.218;-22.559859;-44.121022;;;
115;KEIKO CAMPO GRANDE - RJ;;reenviado (ja aprovado pela DSP);23045-830 Estrada do Monteiro 540 Campo Grande RJ Rio de Janeiro;Estrada do Monteiro 540 Campo Grande Rio de Janeiro RJ 23045830 Brazil;Rio de Janeiro;RJ;23045830;-229.194.384;-43.563.576;-22.919438;-43.563576;;;
116;KEIKO DUQUE DE CAXIAS;;reenviado (ja aprovado pela DSP);25085-008 Rodovia Washington Luiz 1375 Parque Duque RJ Duque de Caxias;Rodovia Washington Luiz 1375 Parque Duque Duque de Caxias RJ 25085008 Brazil;Duque de Caxias;RJ;25085008;-227.991.912;-432.906.521;-22.799191;-43.290652;;;
117;KEIKO NOVA IGUAÇU;;reenviado (ja aprovado pela DSP);26210-210 Av. Governador Roberto Silveira 217 Centro RJ Nova Iguaçu;Av Governador Roberto Silveira 217 Centro Nova Iguacu RJ 26210210 Brazil;Nova Iguaçu;RJ;26210210;-227.559.828;-4.345.515.109.999.990;-22.755983;-43.455151;;;
118;KEIKO PETRÓPOLIS;;endereco;25665-135 Rua Doutor Paulo Herve 1111 Bingen RJ Petrópolis;Rua Doutor Paulo Herve 1111 Petropolis RJ 25665135 Brazil;Petrópolis;RJ;25665135;-225.136.459;-432.216.766;-22.513646;-43.221677;Bingen;;
119;KENTO MOGI MIRIM;;reenviado (ja aprovado pela DSP);13800-207 Rua Padre Roque 2222 JARDIM AUREA SP Mogi Mirim;Rua Padre Roque 2222 JARDIM AUREA Mogi Mirim SP 13800207 Brazil;Mogi Mirim;SP;13800207;-224.451.069;-469.752.977;-22.445107;-46.975298;;;
120;KENTO SÃO JOÃO DA BOA VISTA;;reenviado (ja aprovado pela DSP);13874-622 Avenida Treze de Maio 729 VILA LOYOLA SP São João da Boa Vista;Avenida Treze de Maio 729 VILA LOYOLA Sao Joao da Boa Vista SP 13874622 Brazil;São João da Boa Vista;SP;13874622;-219.773.587;-46.772.632;-21.977359;-46.772632;;;
121;KOBE BH;;reenviado (ja aprovado pela DSP);31270122 Avenida Presidente Antônio Carlos 6280 Indaiá MG Belo Horizonte;Avenida Presidente Antonio Carlos 6280 Indaia Belo Horizonte MG 31270122 Brazil;Belo Horizonte;MG;31270122;-19.867.258;-4.395.592;-19.867258;-43.95592;;;
122;KOBE CACHOEIRO DO ITAPEMIRIM;;endereco;29313-656 Rodovia Engenheiro Fabiano Vivacqua 223 Marbrasa ES Cachoeiro de Itapemirim;Rodovia Engenheiro Fabiano Vivacqua 223 Cachoeiro de Itapemirim ES 29313656 Brazil;Cachoeiro de Itapemirim;ES;29313656;-208.364.259;-41.158.111;-20.836426;-41.158111;Marbrasa;ALTO;endereco de rodovia (57-67% falharam)
123;KOBE CONTAGEM;;reenviado (ja aprovado pela DSP);32210110 Avenida General David Sarnoff 4123 Cidade Industrial MG Contagem;Avenida General David Sarnoff 4123 Cidade Industrial Contagem MG 32210110 Brazil;Contagem;MG;32210110;-199.558.693;-440.171.812;-19.955869;-44.017181;;;
124;KOBE GOV VALADARES;;reenviado (ja aprovado pela DSP);35010-070 Avenida Brasil 3550 CENTRO MG Governador Valadares;Avenida Brasil 3550 CENTRO Governador Valadares MG 35010070 Brazil;Governador Valadares;MG;35010070;-188.601.904;-419.470.512;-18.86019;-41.947051;;;
125;KOBE IPATINGA;;endereco;35160-291 Av. Pedro Linhares Gomes 2490 INDUSTRIAL MG Ipatinga;Avenida Pedro Linhares Gomes 2490 Ipatinga MG 35160291 Brazil;Ipatinga;MG;35160291;-194.927.494;-4.256.348.370.000.000;-19.492749;-42.563484;INDUSTRIAL;;
126;KOBE LINHARES;;endereco;29907-515 Avenida Prefeito Samuel Batista Cruz 5203 Nova Betania ES Linhares;Avenida Prefeito Samuel Batista Cruz 5203 Linhares ES 29907515 Brazil;Linhares;ES;29907515;-193.662.779;-400.659.071;-19.366278;-40.065907;Nova Betania;;
127;KOBE MANHUAÇU;;endereco;36900-000 Rod. BR 262 30 BOM JARDIM MG Manhuaçu;Rodovia BR 262 30 Manhuacu MG 36900000 Brazil;Manhuaçu;MG;36900000;-202.727.419;-420.403.501;-20.272742;-42.04035;BOM JARDIM;ALTO;"endereco de rodovia (57-67% falharam); CEP generico de cidade, nao de rua (2,4x mais falha)"
128;KOBE VILA VELHA;;reenviado (ja aprovado pela DSP);29119-015 Av. Carlos Lindenberg 3400 ATAIDE ES Vila Velha;Av Carlos Lindenberg 3400 ATAIDE Vila Velha ES 29119015 Brazil;Vila Velha;ES;29119015;-203.513.431;-403.260.093;-20.351343;-40.326009;;;
129;KOBE VILA VELHA SHOPPING;;reenviado (ja aprovado pela DSP);29107-900 Rua Luciano das Neves 2418 Divino Espírito Santo ES Vila Velha;Rua Luciano das Neves 2418 Divino Espirito Santo Vila Velha ES 29107900 Brazil;Vila Velha;ES;29107900;-203.514.934;-402.961.271;-20.351493;-40.296127;;;
130;KOBE VITORIA;;reenviado (ja aprovado pela DSP);29075-010 Av. Fernando Ferrari 1960 GOIABEIRAS ES Vitória;Av Fernando Ferrari 1960 GOIABEIRAS Vitoria ES 29075010 Brazil;Vitória;ES;29075010;-202.683.839;-402.992.928;-20.268384;-40.299293;;;
131;LEAUTO BOTAFOGO;;reenviado (ja aprovado pela DSP);22281-035 Rua Real Grandeza 301 BOTAFOGO RJ Rio de Janeiro;Rua Real Grandeza 301 BOTAFOGO Rio de Janeiro RJ 22281035 Brazil;Rio de Janeiro;RJ;22281035;-229.574.659;-431.913.822;-22.957466;-43.191382;;;
132;LEAUTO MARACANÃ;;reenviado (ja aprovado pela DSP);20530-001 Boulevard Vinte e Oito de setembro 3 Maracanã RJ Rio de Janeiro;Boulevard Vinte e Oito de setembro 3 Maracana Rio de Janeiro RJ 20530001 Brazil;Rio de Janeiro;RJ;20530001;-229.140.085;-432.350.125;-22.914009;-43.235013;;;
133;MARLIN BOA VISTA;;reenviado (ja aprovado pela DSP);69306-405 Av.Ville Roy 4852 NOSSA SENHORA APARECIDA RR Boa Vista;Av Ville Roy 4852 NOSSA SENHORA APARECIDA Boa Vista RR 69306405 Brazil;Boa Vista;RR;69306405;28.307.522;-606.648.472;2.830752;-60.664847;;;
134;MIHARA UBA;;endereco;36500-091 Av. Comendador Jacinto Soares de Souza Lima 1800 Centro MG Ubá;Avenida Comendador Jacinto Soares de Souza Lima 1800 Uba MG 36500091 Brazil;Ubá;MG;36500091;-211.137.607;-429.528.987;-21.113761;-42.952899;Centro;;
135;NAGAI JUIZ DE FORA;;reenviado (ja aprovado pela DSP);36033-000 Av. Deusdedith Salgado 2460 TEIXEIRAS MG Juiz de Fora;Av Deusdedith Salgado 2460 TEIXEIRAS Juiz de Fora MG 36033000 Brazil;Juiz de Fora;MG;36033000;-217.995.567;-433.692.572;-21.799557;-43.369257;;;
136;NICENTER AV BRASILIA;;reenviado (ja aprovado pela DSP);86025-180 Av. Brasilia 2699 JD. PAULISTA PR Londrina;Av Brasilia 2699 JD PAULISTA Londrina PR 86025180 Brazil;Londrina;PR;86025180;-2.329.222;-511.703.852;-23.29222;-51.170385;;;
137;NICENTER AV TIRADENTES;;reenviado (ja aprovado pela DSP);86070-545 Av. Tiradentes 209 JD. DOM BOSCO PR Londrina;Av Tiradentes 209 JD DOM BOSCO Londrina PR 86070545 Brazil;Londrina;PR;86070545;-233.020.711;-511.757.776;-23.302071;-51.175778;;;
138;NIKAI ARAPIRACA;;endereco;57300-000 Rod AL 220 SENADOR ARNON DE MELO AL Arapiraca;Rodovia AL 220 SENADOR ARNON DE MELO Arapiraca AL 57300000 Brazil;Arapiraca;AL;57300000;-9.740.226.999.999.990;-366.926.378;-9.740227;-36.692638;;ALTO;"endereco de rodovia (57-67% falharam); sem numero de porta; CEP generico de cidade, nao de rua (2,4x mais falha)"
139;NIKAI MACEIO;;reenviado (ja aprovado pela DSP);57038-000 Avenida Comendador Gustavo Paiva 4175 Mangabeiras AL Maceió;Avenida Comendador Gustavo Paiva 4175 Mangabeiras Maceio AL 57038000 Brazil;Maceió;AL;57038000;-96.288.137;-356.986.372;-9.628814;-35.698637;;;
140;NINJA FOZ DO IGUAÇU;;reenviado (ja aprovado pela DSP);85863-762 Avenida Costa e Silva 1555 Alto São Francisco PR Foz do Iguaçu;Avenida Costa e Silva 1555 Alto Sao Francisco Foz do Iguacu PR 85863762 Brazil;Foz do Iguaçu;PR;85863762;-255.263.114;-545.670.327;-25.526311;-54.567033;;;
141;NINJA TOLEDO;;reenviado (ja aprovado pela DSP);85906-370 Avenida José João Muraro 996 Jardim Porto Alegre PR Toledo;Avenida Jose Joao Muraro 996 Jardim Porto Alegre Toledo PR 85906370 Brazil;Toledo;PR;85906370;-247.259.338;-537.283.782;-24.725934;-53.728378;;;
142;NISCAR CAMPINA GRANDE;;reenviado (ja aprovado pela DSP);58407-530 Rua Raimundo Nonato de Araújo 201 José Pinheiro PB Campina Grande;Rua Raimundo Nonato de Araujo 201 Jose Pinheiro Campina Grande PB 58407530 Brazil;Campina Grande;PB;58407530;-72.303.831;-358.695.661;-7.230383;-35.869566;;;
143;NISCAR PATOS;;endereco;58705-280 Rua Prefeito Biroca Firmino Sete Casas PB Patos;Rua Prefeito Biroca Firmino Sete Casas Patos PB 58705280 Brazil;Patos;PB;58705280;-70.094.901;-372.881.836;-7.00949;-37.288184;;ALTO;sem numero de porta
144;NIX BLUMENAU;;reenviado (ja aprovado pela DSP);89015-203 Rua Itajaí 1793 VORSTADT SC Blumenau;Rua Itajai 1793 VORSTADT Blumenau SC 89015203 Brazil;Blumenau;SC;89015203;-26.911.511;-490.478.593;-26.911511;-49.047859;;;
145;NIX JARAGUA DO SUL;;reenviado (ja aprovado pela DSP);89251-100 Rua Presidente Epitácio Pessoa 1081 CENTRO SC Jaraguá do Sul;Rua Presidente Epitacio Pessoa 1081 CENTRO Jaragua do Sul SC 89251100 Brazil;Jaraguá do Sul;SC;89251100;-264.754.997;-490.905.932;-26.4755;-49.090593;;;
146;NIX JOINVILLE;;reenviado (ja aprovado pela DSP);89237-001 Rua Quinze de Novembro 3706 GLORIA SC Joinville;Rua Quinze de Novembro 3706 GLORIA Joinville SC 89237001 Brazil;Joinville;SC;89237001;-262.925.326;-488.766.151;-26.292533;-48.876615;;;
147;PRIMAVIA BARREIRAS;;reenviado (ja aprovado pela DSP);47807-510 Rod. Br 020 209 VILA RICA BA Barreiras;Rod Br 020 209 VILA RICA Barreiras BA 47807510 Brazil;Barreiras;BA;47807510;-121.285.323;-450.176.188;-12.128532;-45.017619;;;
148;PRIMAVIA UNAI;;reenviado (ja aprovado pela DSP);38610-000 Rua Aldeia 10 CENTRO MG Unaí;Rua Aldeia 10 CENTRO Unai MG 38610000 Brazil;Unaí;MG;38610000;-163.635.115;-469.032.355;-16.363512;-46.903236;;;
149;PROESTE BAURU;;reenviado (ja aprovado pela DSP);17013-242 Avenida Rodrigues Alves 22 Vila Cardia SP Bauru;Avenida Rodrigues Alves 22 Vila Cardia Bauru SP 17013242 Brazil;Bauru;SP;17013242;-223.199.459;-49.058.667;-22.319946;-49.058667;;;
150;PROESTE MARILIA;;reenviado (ja aprovado pela DSP);17519-000 Av. Tiradentes 1268 FRAGATA SP Marília;Av Tiradentes 1268 FRAGATA Marilia SP 17519000 Brazil;Marília;SP;17519000;-222.273.877;-49.932.753;-22.227388;-49.932753;;;
151;PROESTE PRESIDENTE PRUDENTE;;reenviado (ja aprovado pela DSP);19060-000 Avenida Manoel Goulart 3700 Vila Santa Helena SP Presidente Prudente;Avenida Manoel Goulart 3700 Vila Santa Helena Presidente Prudente SP 19060000 Brazil;Presidente Prudente;SP;19060000;-221.190.196;-5.141.778.619.999.990;-22.11902;-51.417786;;;
152;RAVIERA CAMPO GRANDE;;endereco;79040-000 Rua Ceará 242 Chácara Cachoeira MS Campo Grande;Rua Ceara 242 Campo Grande MS 79040000 Brazil;Campo Grande;MS;79040000;-204.610.491;-546.045.262;-20.461049;-54.604526;Chácara Cachoeira;MEDIO;CEP generico de cidade, nao de rua (2,4x mais falha)
153;RAVIERA DOURADOS;;reenviado (ja aprovado pela DSP);79840-630 Avenida Marcelino Pires 5110 Vila Industrial MS Dourados;Avenida Marcelino Pires 5110 Vila Industrial Dourados MS 79840630 Brazil;Dourados;MS;79840630;-222.246.667;-547.780.269;-22.224667;-54.778027;;;
154;REDENÇÃO NATAL;;reenviado (ja aprovado pela DSP);59054-700 Avenida Prudente de Morais 3398 Lagoa Nova RN Natal;Avenida Prudente de Morais 3398 Lagoa Nova Natal RN 59054700 Brazil;Natal;RN;59054700;-58.120.742;-352.104.439;-5.812074;-35.210444;;;
155;SAGA ANAPOLIS;;endereco;75124-820 Avenida Brasil 4250 SETOR SUL JAMIL MIGUEL GO Anápolis;Avenida Brasil 4250 Anapolis GO 75124820 Brazil;Anápolis;GO;75124820;-16.337.443;-48.952.963;-16.337443;-48.952963;SETOR SUL JAMIL MIGUEL;;
156;SAGA AV. 85;;endereco;74823-310 Avenida 85 1010 Setor Bela Vista GO Goiânia;Avenida 85 1010 Goiania GO 74823310 Brazil;Goiânia;GO;74823310;-166.950.033;-492.642.491;-16.695003;-49.264249;Setor Bela Vista;;
157;SAGA CUIABÁ;;reenviado (ja aprovado pela DSP);78010-400 Avenida Fernando Correa da Costa 375 Areão MT Cuiabá;Avenida Fernando Correa da Costa 375 Areao Cuiaba MT 78010400 Brazil;Cuiabá;MT;78010400;-156.036.604;-5.608.528.519.999.990;-15.60366;-56.085285;;;
158;SAGA RIO VERDE;;reenviado (ja aprovado pela DSP);75905-701 Rua Marcha Para o Oeste 1011 Setor Alvorada Prolongamento GO Rio Verde;Rua Marcha Para o Oeste 1011 Setor Alvorada Prolongamento Rio Verde GO 75905701 Brazil;Rio Verde;GO;75905701;-178.048.044;-5.092.259.050.000.000;-17.804804;-50.92259;;;
159;SAGA TAGUATINGA;;endereco;71953-000 Q QS 03 Praça 400-A AGUAS CLARAS DF Brasília;Quadra QS 03 Brasilia DF 71953000 Brazil;Brasília;DF;71953000;-156.913.725;-478.271.418;-15.691372;-47.827142;Praça 400-A AGUAS CLARAS;MEDIO;CEP generico de cidade, nao de rua (2,4x mais falha)
160;SAGA TANGARA DA SERRA;;endereco;78304-110 Av Ismael Jose do Nascimento 2030 Parque Tangara MT Tangará da Serra;Avenida Ismael Jose do Nascimento 2030 Tangara da Serra MT 78304110 Brazil;Tangará da Serra;MT;78304110;-146.270.552;-5.750.561.310.000.000;-14.627055;-57.505613;Parque Tangara;;
161;SAGA TAQUARI;;reenviado (ja aprovado pela DSP);71551-010 ST HAB TAQUARI TR 1 AV COMERCIAL LT 5 E 6 LAGO NORTE DF Brasília;ST HAB TAQUARI TR 1 AV COMERCIAL LT 5 E 6 LAGO NORTE Brasilia DF 71551010 Brazil;Brasília;DF;71551010;-157.221.002;-478.839.851;-15.7221;-47.883985;;;
162;SAGA VARZEA GRANDE;;reenviado (ja aprovado pela DSP);78115-806 Av. da Feb (Lot Manga) 1647 PONTE NOVA MT Várzea Grande;Av da Feb Lot Manga 1647 PONTE NOVA Varzea Grande MT 78115806 Brazil;Várzea Grande;MT;78115806;-15.626.538;-561.123.823;-15.626538;-56.112382;;;
163;SAN DIEGO ABOLICAO;;reenviado (ja aprovado pela DSP);21380-008 Av. Dom Helder Camara 9061 QUINTINO BOCAIUVA RJ Rio de Janeiro;Av Dom Helder Camara 9061 QUINTINO BOCAIUVA Rio de Janeiro RJ 21380008 Brazil;Rio de Janeiro;RJ;21380008;-228.851.627;-433.150.177;-22.885163;-43.315018;;;
164;SAN DIEGO BARRA;;reenviado (ja aprovado pela DSP);22793-081 Av. das Américas 7250 BARRA DA TIJUCA RJ Rio de Janeiro;Av das Americas 7250 BARRA DA TIJUCA Rio de Janeiro RJ 22793081 Brazil;Rio de Janeiro;RJ;22793081;-229.998.176;-433.853.521;-22.999818;-43.385352;;;
165;SAN DIEGO RECREIO;;reenviado (ja aprovado pela DSP);22790-704 Avenida das Américas 17000 Recreio dos Bandeirantes RJ Rio de Janeiro;Avenida das Americas 17000 Recreio dos Bandeirantes Rio de Janeiro RJ 22790704 Brazil;Rio de Janeiro;RJ;22790704;-230.157.368;-434.742.739;-23.015737;-43.474274;;;
166;SAN DIEGO SÃO CONRADO;;endereco;22610-230 Praça São Conrado 20 São Conrado RJ Rio de Janeiro;Praca Sao Conrado 20 Rio de Janeiro RJ 22610230 Brazil;Rio de Janeiro;RJ;22610230;-2.299.898;-4.327.073.000.000.000;-22.99898;-43.27073;São Conrado;;
167;SANVEL ARACAJU;;reenviado (ja aprovado pela DSP);49025-620 Av. Presidente Tancredo Neves 640 JARDINS SE Aracaju;Av Presidente Tancredo Neves 640 JARDINS Aracaju SE 49025620 Brazil;Aracaju;SE;49025620;-109.520.738;-37.057.338;-10.952074;-37.057338;;;
168;SEIJIN CABO FRIO;;reenviado (ja aprovado pela DSP);28909-490 Av. Joaquin Nogueira 1530 Sao Cristovao RJ Cabo Frio;Av Joaquin Nogueira 1530 Sao Cristovao Cabo Frio RJ 28909490 Brazil;Cabo Frio;RJ;28909490;-228.885.131;-420.494.067;-22.888513;-42.049407;;;
169;SEIJIN CAMPOS DOS GOYTACAZES;;reenviado (ja aprovado pela DSP);28016-811 Avenida Alberto Lamego 383 Parque Califórnia RJ Campos dos Goytacazes;Avenida Alberto Lamego 383 Parque California Campos dos Goytacazes RJ 28016811 Brazil;Campos dos Goytacazes;RJ;28016811;-217.643.963;-412.888.565;-21.764396;-41.288857;;;
170;SEIJIN MACAE;;endereco;27947-287 Av. Lacerda Agostinho 300 Botafogo RJ Macaé;Avenida Lacerda Agostinho 300 Macae RJ 27947287 Brazil;Macaé;RJ;27947287;-223.587.944;-417.978.286;-22.358794;-41.797829;Botafogo;;
171;SEIJIN SÃO GONÇALO;;endereco;24790-070 Av. Visconde de Santarém 308 Tribobo RJ São Gonçalo;Avenida Visconde de Santarem 308 Sao Goncalo RJ 24790070 Brazil;São Gonçalo;RJ;24790070;-228.544.024;-4.302.432.510.000.000;-22.854402;-43.024325;Tribobo;;
172;SINAL ARICANDUVA;;reenviado (ja aprovado pela DSP);03527-900 Av. Aricanduva 5555 VILA MATILDE SP São Paulo;Av Aricanduva 5555 VILA MATILDE Sao Paulo SP 03527900 Brazil;São Paulo;SP;03527900;-235.617.909;-465.034.401;-23.561791;-46.50344;;;
173;SINAL BARUERI;;reenviado (ja aprovado pela DSP);06455-000 Alameda Araguaia 1742 Alphaville Industrial SP Barueri;Alameda Araguaia 1742 Alphaville Industrial Barueri SP 06455000 Brazil;Barueri;SP;06455000;-235.004.158;-468.451.153;-23.500416;-46.845115;;;
174;SINAL OSASCO;;reenviado (ja aprovado pela DSP);06090-010 Av. dos Autonomistas 4141 CENTRO SP Osasco;Av dos Autonomistas 4141 CENTRO Osasco SP 06090010 Brazil;Osasco;SP;06090010;-235.282.911;-467.890.092;-23.528291;-46.789009;;;
175;SINAL TATUAPE;;reenviado (ja aprovado pela DSP);03164-120 Rua Almirante Brasil 200 MOOCA SP São Paulo;Rua Almirante Brasil 200 MOOCA Sao Paulo SP 03164120 Brazil;São Paulo;SP;03164120;-235.502.802;-466.080.288;-23.55028;-46.608029;;;
176;SUPRA ASSIS;;reenviado (ja aprovado pela DSP);19815-001 Avenida Rui Barbosa 3000 Jardim Paulista SP Assis;Avenida Rui Barbosa 3000 Jardim Paulista Assis SP 19815001 Brazil;Assis;SP;19815001;-226.583.334;-503.901.263;-22.658333;-50.390126;;;
177;TOKIO AV NAZARE;;reenviado (ja aprovado pela DSP);04262-100 Av. Nazaré 720 IPIRANGA SP São Paulo;Av Nazare 720 IPIRANGA Sao Paulo SP 04262100 Brazil;São Paulo;SP;04262100;-235.905.366;-466.106.454;-23.590537;-46.610645;;;
178;TOKIO AV. WASHINGTON LUIS;;reenviado (ja aprovado pela DSP);04662-003 Avenida Washington Luis 3080 JARDIM MARAJOARA SP São Paulo;Avenida Washington Luis 3080 JARDIM MARAJOARA Sao Paulo SP 04662003 Brazil;São Paulo;SP;04662003;-236.512.201;-466.779.618;-23.65122;-46.677962;;;
179;TOKIO NAÇÕES UNIDAS;;reenviado (ja aprovado pela DSP);04795-100 Avenida das Nações Unidas 22463 VILA AMEIDA SP São Paulo;Avenida das Nacoes Unidas 22463 VILA AMEIDA Sao Paulo SP 04795100 Brazil;São Paulo;SP;04795100;-236.766.285;-466.978.569;-23.676628;-46.697857;;;
180;TOKIO SANTO ANDRE;;reenviado (ja aprovado pela DSP);09020-110 Av. Ramiro Colleoni 307 CENTRO SP Santo André;Av Ramiro Colleoni 307 CENTRO Santo Andre SP 09020110 Brazil;Santo André;SP;09020110;-236.630.163;-465.298.771;-23.663016;-46.529877;;;
181;TOKIO SBC;;reenviado (ja aprovado pela DSP);09601-000 Av. Senador Vergueiro 2947 PARQUE DOS MENINOS SP São Bernardo do Campo;Av Senador Vergueiro 2947 PARQUE DOS MENINOS Sao Bernardo do Campo SP 09601000 Brazil;São Bernardo do Campo;SP;09601000;-236.697.912;-465.604.307;-23.669791;-46.560431;;;
182;TOKIO SÃO CAETANO DO SUL;;reenviado (ja aprovado pela DSP);09521-310 Avenida Goiás 227 Santo Antônio SP São Caetano do Sul;Avenida Goias 227 Santo Antonio Sao Caetano do Sul SP 09521310 Brazil;São Caetano do Sul;SP;09521310;-236.150.512;-465.767.918;-23.615051;-46.576792;;;
183;TOKIO VILA MARIANA;;reenviado (ja aprovado pela DSP);01538-001 Avenida Lins de Vasconcelos 1418 Cambuci SP São Paulo;Avenida Lins de Vasconcelos 1418 Cambuci Sao Paulo SP 01538001 Brazil;São Paulo;SP;01538001;-235.757.653;-466.235.612;-23.575765;-46.623561;;;
184;TOKIO ZONA NORTE;;reenviado (ja aprovado pela DSP);02052-050 Praça Stélio Machado Loureiro 10 Vila Guilherme SP São Paulo;Praca Stelio Machado Loureiro 10 Vila Guilherme Sao Paulo SP 02052050 Brazil;São Paulo;SP;02052050;-235.168.185;-466.095.732;-23.516818;-46.609573;;;
185;TOTAL ATIBAIA;;reenviado (ja aprovado pela DSP);12940-130 Av. Alfredo André 615 CENTRO SP Atibaia;Av Alfredo Andre 615 CENTRO Atibaia SP 12940130 Brazil;Atibaia;SP;12940130;-231.173.476;-465.595.993;-23.117348;-46.559599;;;
186;TOTAL POUSO ALEGRE;;reenviado (ja aprovado pela DSP);37554-210 Av. Prefeito Tuany Toledo 328 Fatima I MG Pouso Alegre;Av Prefeito Tuany Toledo 328 Fatima I Pouso Alegre MG 37554210 Brazil;Pouso Alegre;MG;37554210;-222.203.712;-459.189.414;-22.220371;-45.918941;;;
187;TROPICAL ANANINDEUA;;endereco;67020-000 Rod. BR 316 Km 04 3530 ÁGUAS LINDAS PA Ananindeua;Rodovia BR 316 3530 Ananindeua PA 67020000 Brazil;Ananindeua;PA;67020000;-13.850.195;-48.405.359;-1.38502;-48.405359;ÁGUAS LINDAS;ALTO;"endereco de rodovia (57-67% falharam); CEP generico de cidade, nao de rua (2,4x mais falha)"
188;TROPICAL BELEM;;reenviado (ja aprovado pela DSP);66053-180 RUA MUNICIPALIDADE 405 REDUTO PA Belém;RUA MUNICIPALIDADE 405 REDUTO Belem PA 66053180 Brazil;Belém;PA;66053180;-14.441.891;-484.939.166;-1.444189;-48.493917;;;
189;TROPICAL IMPERATRIZ;;reenviado (ja aprovado pela DSP);65903-390 Rodovia BR-010 506 Centro MA Imperatriz;Rodovia BR 010 506 Centro Imperatriz MA 65903390 Brazil;Imperatriz;MA;65903390;-55.176.212;-474.719;-5.517621;-47.4719;;;
190;TROPICAL MANAUS;;reenviado (ja aprovado pela DSP);69058-795 Avenida Constantino Nery 4580 Flores AM Manaus;Avenida Constantino Nery 4580 Flores Manaus AM 69058795 Brazil;Manaus;AM;69058795;-30.846.149;-600.262.627;-3.084615;-60.026263;;;
191;TROPICAL MARABÁ;;reenviado (ja aprovado pela DSP);68509-280 Quadra Dezenove, Fls 27 Nova Marabá PA Marabá;Quadra Dezenove Fls 27 Nova Maraba Maraba PA 68509280 Brazil;Fls 27 Nova Marabá   Marabá;PA;68509280;-53.451.205;-490.781.208;-5.345121;-49.078121;;;
192;TROPICAL PARAUAPEBAS;;endereco;68515-000 Rodovia PA 275. S/N 0 Nova Carajás PA Parauapebas;Rodovia PA 275 0 Parauapebas PA 68515000 Brazil;Parauapebas;PA;68515000;-61.063.362;-499.744.366;-6.106336;-49.974437;Nova Carajás;ALTO;"endereco de rodovia (57-67% falharam); CEP generico de cidade, nao de rua (2,4x mais falha)"
193;TROPICAL SÃO LUIS;;reenviado (ja aprovado pela DSP);65066-140 Rua dos Tucanos 10 Parque Atlântico MA São Luís;Rua dos Tucanos 10 Parque Atlantico Sao Luis MA 65066140 Brazil;São Luís;MA;65066140;-24.886.296;-4.424.279.620.000.000;-2.48863;-44.242796;;;
194;VALEC SOROCABA;;reenviado (ja aprovado pela DSP);18050-000 Av. Dr. Armando Pannunzio 730 CERRADO SP Sorocaba;Av Dr Armando Pannunzio 730 CERRADO Sorocaba SP 18050000 Brazil;Sorocaba;SP;18050000;-235.197.235;-474.909.403;-23.519724;-47.49094;;;
195;VIA MONDO SETE LAGOAS;;reenviado (ja aprovado pela DSP);35700-293 Av. Raquel Teixeira Viana 894 CANAA MG Sete Lagoas;Av Raquel Teixeira Viana 894 CANAA Sete Lagoas MG 35700293 Brazil;Sete Lagoas;MG;35700293;-194.684.269;-4.425.648.460.000.000;-19.468427;-44.256485;;;
196;VIA MONDO VARGINHA;;reenviado (ja aprovado pela DSP);37026-080 Av. Princesa do Sul 891 JARDIM ANDERE MG Varginha;Av Princesa do Sul 891 JARDIM ANDERE Varginha MG 37026080 Brazil;Varginha;MG;37026080;-215.776.483;-454.419.085;-21.577648;-45.441908;;;
197;VIA MONTES CLAROS;;reenviado (ja aprovado pela DSP);39400-839 Av. Deputado Plinio Ribeiro 805 Esplanada MG Montes Claros;Av Deputado Plinio Ribeiro 805 Esplanada Montes Claros MG 39400839 Brazil;Montes Claros;MG;39400839;-167.158.875;-438.438.047;-16.715888;-43.843805;;;
198;VIGORITO GUARULHOS;;reenviado (ja aprovado pela DSP);07025-000 Av. Guarulhos 2175 VILA AUGUSTA SP Guarulhos;Av Guarulhos 2175 VILA AUGUSTA Guarulhos SP 07025000 Brazil;Guarulhos;SP;07025000;-234.865.968;-465.441.356;-23.486597;-46.544136;;;
199;VIGORITO PENHA;;reenviado (ja aprovado pela DSP);03734-260 Rua Buia 35 CANGAIBA SP São Paulo;Rua Buia 35 CANGAIBA Sao Paulo SP 03734260 Brazil;São Paulo;SP;03734260;-23.512.915;-4.652.582.049.999.990;-23.512915;-46.52582;;;
200;VIGORITO VILA PRUDENTE;;reenviado (ja aprovado pela DSP);03295-000 Av. Professor Luiz Ignácio de Anhaia Mello 3700 VILA GRACIOSA SP São Paulo;Av Professor Luiz Ignacio de Anhaia Mello 3700 VILA GRACIOSA Sao Paulo SP 03295000 Brazil;São Paulo;SP;03295000;-235.823.034;-465.583.302;-23.582303;-46.55833;;;
201;VILLE ARACATUBA;;reenviado (ja aprovado pela DSP);16018-000 Av. Brasilia 2804 JARDIM NOVA YORQUE SP Araçatuba;Av Brasilia 2804 JARDIM NOVA YORQUE Aracatuba SP 16018000 Brazil;Araçatuba;SP;16018000;-212.339.479;-504.406.952;-21.233948;-50.440695;;;
202;VILLE SAO JOSE RIO PRETO;;reenviado (ja aprovado pela DSP);15035-580 Av. Clovis Oger 1000 DISTRITO INDUSTRIAL SP São José do Rio Preto;Av Clovis Oger 1000 DISTRITO INDUSTRIAL Sao Jose do Rio Preto SP 15035580 Brazil;São José do Rio Preto;SP;15035580;-208.216.465;-4.941.746.149.999.990;-20.821646;-49.417461;;;
203;VIVA ARAGUAINA;;reenviado (ja aprovado pela DSP);77817-805 Av. Marginal Neblina, S/N 1211 SETOR ALASKA TO Araguaína;Av Marginal Neblina S N 1211 SETOR ALASKA Araguaina TO 77817805 Brazil;S/N 1211 SETOR ALASKA   Araguaína;TO;77817805;-7.191.563.299.999.990;-482.094.801;-7.191563;-48.20948;;;
