-22.231886,-43.114141,0.3
-29.698193,-53.783295,0.3
-23.570072,-46.878695,0.3
-20.026872,-43.933938,0.3
-22.395163,-42.98604,0.3
-29.685844,-53.808894,0.3
-30.190631,-51.172678,0.3
-22.888823,-47.049042,0.3
-23.340135,-47.547481,0.3
-23.806165,-46.056896,0.3
-23.519409,-46.649155,0.3
-25.468034,-49.538966,0.3
-29.37616,-50.878136,0.3
-29.122332,-51.023232,0.3
-23.607509,-47.026132,0.3
-29.338398,-49.728226,0.3
-23.958368,-46.389055,0.3
-25.396633,-49.231228,0.3
-23.778689,-46.743075,0.3
-22.799767,-45.160364,0.3
-23.533152,-47.636662,0.3
-15.794229,-47.882166,0.3
-23.100409,-48.916036,0.3
-21.249032,-47.798293,0.3
-23.966238,-46.191177,0.3
-22.428453,-43.115597,0.3
-17.79272,-50.919658,0.3
-23.985008,-48.87427,0.3
-24.712004,-53.717622,0.3
-23.411868,-46.322237,0.3
-25.108286,-50.095723,0.3
-21.92214,-50.731777,0.3
-23.310777,-51.294155,0.3
-23.559105,-46.586409,0.3
-22.997349,-43.264376,0.3
-22.017675,-47.89194,0.3
-22.811603,-47.257765,0.3
-23.307633,-47.296657,0.3
-22.94914,-46.64444,0.3
-23.168673,-47.071553,0.3
-23.369717,-46.353572,0.3
-23.81262,-46.473342,0.3
-24.633919,-53.309741,0.3
-23.621668,-47.018517,0.3
-22.991396,-43.304066,0.3
-23.6641,-46.699049,0.3
-22.971394,-46.994172,0.3
