-28.124217,-49.820917,0.3
-27.208587,-49.632558,0.3
-26.847866,-49.267813,0.3
-27.121491,-48.901927,0.3
-27.107659,-48.916218,0.3
-27.104942,-48.934547,0.3
-27.582665,-48.545419,0.3
-29.005417,-49.564987,0.3
-27.106979,-48.907257,0.3
-26.7657,-49.077355,0.3
-26.945649,-49.380807,0.3
-27.007484,-48.610407,0.3
-27.680477,-48.766143,0.3
-27.149217,-48.498145,0.3
-26.910608,-48.685938,0.3
-29.143642,-51.201032,0.3
-28.321232,-49.183753,0.3
-26.766962,-48.671352,0.3
-26.88936,-48.663243,0.3
-27.542135,-48.623901,0.3
-29.683097,-51.129153,0.3
-30.024712,-51.226833,0.3
-30.060309,-51.23288,0.3
-30.037549,-51.207016,0.3
-25.449238,-49.28882,0.3
-26.634525,-48.7006,0.3
-26.477814,-49.054777,0.3
-26.316973,-48.866227,0.3
-25.440199,-49.39213,0.3
-25.376607,-49.084821,0.3
-26.848551,-52.992245,0.3
-25.652052,-49.315258,0.3
-24.787782,-49.994559,0.3
-25.09832,-50.102436,0.3
-24.80656,-49.988237,0.3
-24.517227,-48.85021,0.3
-25.566509,-52.997221,0.3
-23.598371,-46.690238,0.3
-23.511614,-46.639307,0.3
-23.689623,-46.60653,0.3
-23.632897,-46.711908,0.3
-23.583403,-46.670965,0.3
-23.601599,-46.692534,0.3
-23.631464,-46.711348,0.3
-23.556573,-46.610301,0.3
-23.571837,-46.645871,0.3
-23.650777,-46.722847,0.3
-23.591437,-46.687483,0.3
-23.581121,-46.682706,0.3
-23.703011,-46.692593,0.3
-23.611161,-46.69587,0.3
-23.654008,-46.716476,0.3
-23.57359,-46.641812,0.3
-23.560356,-46.65937,0.3
-23.538141,-46.662475,0.3
-23.620295,-46.698954,0.3
-23.646782,-46.594893,0.3
-23.591158,-46.682233,0.3
-23.576254,-46.657726,0.3
-23.543625,-46.644427,0.3
-23.26066,-50.97552,0.3
-23.260676,-50.975011,0.3
-22.781547,-51.229361,0.3
-25.114798,-50.172317,0.3
-23.585105,-46.682322,0.3
-23.564506,-46.641111,0.3
-29.167327,-51.492053,0.3
-29.853753,-51.180841,0.3
-30.029811,-51.220835,0.3
-29.237664,-51.899996,0.3
-23.602483,-46.693554,0.3
-26.37278,-51.253911,0.3
-23.357214,-47.824633,0.3
-21.204683,-47.788141,0.3
-22.695744,-47.618602,0.3
-22.553085,-47.372172,0.3
-23.536575,-47.449701,0.3
-22.732299,-47.28617,0.3
-23.298797,-47.29579,0.3
-23.315837,-47.323045,0.3
-22.785229,-47.157626,0.3
-20.724374,-48.916042,0.3
-22.35552,-47.373719,0.3
-27.208708,-49.632726,0.3
-19.874409,-45.003548,0.3
-19.925722,-43.931331,0.3
-21.820179,-45.543245,0.3
-21.12783,-44.170084,0.3
-19.954693,-43.912769,0.3
-22.285177,-46.851098,0.3
-22.233289,-45.472141,0.3
-19.705193,-47.97101,0.3
-22.717681,-45.577756,0.3
-22.680643,-45.730801,0.3
-22.707413,-47.011545,0.3
-22.5342,-44.076961,0.3
-23.51715,-46.579255,0.3
-23.566476,-46.642286,0.3
-23.567979,-46.645953,0.3
-22.76013,-47.254104,0.3
-23.567991,-46.70822,0.3
-23.583883,-46.669309,0.3
-20.720192,-42.481311,0.3
-20.485576,-43.908487,0.3
-22.167009,-43.142808,0.3
-19.869573,-43.395251,0.3
-19.450572,-42.558182,0.3
-21.7622,-41.330475,0.3
-22.410735,-43.148633,0.3
-22.286176,-42.537399,0.3
-22.971072,-43.216473,0.3
-21.756303,-41.328583,0.3
-21.762223,-41.330486,0.3
-21.647496,-41.024085,0.3
-22.360501,-43.780542,0.3
-21.750117,-41.302924,0.3
-22.971141,-43.216623,0.3
-22.893994,-43.21507,0.3
-22.907434,-43.17535,0.3
-22.852952,-45.237787,0.3
-22.980436,-46.373289,0.3
-19.542903,-42.63827,0.3
-20.370318,-43.706352,0.3
-19.655225,-43.914062,0.3
-20.115738,-43.762621,0.3
-19.92693,-43.957805,0.3
-19.842051,-43.871471,0.3
-19.970471,-44.106644,0.3
-23.595294,-46.710747,0.3
-23.530387,-46.937121,0.3
-23.678694,-46.77245,0.3
-23.605581,-46.696018,0.3
-23.594716,-46.684907,0.3
-23.608396,-46.694223,0.3
-23.548604,-46.768826,0.3
-23.591073,-46.703579,0.3
-23.572772,-46.703564,0.3
-23.485083,-46.856891,0.3
-23.548033,-46.636085,0.3
-23.562092,-46.660991,0.3
-23.566109,-46.665368,0.3
-23.569079,-46.645486,0.3
-23.567203,-46.641556,0.3
-22.910882,-43.195091,0.3
-22.950711,-43.180597,0.3
-22.748983,-41.875691,0.3
-22.899272,-43.281639,0.3
-22.903853,-43.175379,0.3
-22.930655,-43.1852,0.3
-22.907358,-43.175114,0.3
-22.996965,-43.346554,0.3
-22.742741,-43.458428,0.3
-22.940543,-43.187936,0.3
-22.911724,-43.176118,0.3
-22.866652,-43.394914,0.3
-22.905978,-43.172674,0.3
-22.989633,-43.368441,0.3
-22.894508,-43.115779,0.3
-22.892315,-43.118243,0.3
-22.909543,-43.179348,0.3
-17.339751,-44.938111,0.3
-16.735599,-43.881389,0.3
-19.607884,-44.655268,0.3
-15.905886,-47.808652,0.3
-15.795609,-47.893591,0.3
-15.779781,-47.913257,0.3
-15.792836,-47.893883,0.3
-15.792214,-47.82322,0.3
-15.77615,-47.900439,0.3
-22.449492,-44.447272,0.3
-23.002118,-44.353172,0.3
-23.507682,-46.59816,0.3
-23.054392,-44.315173,0.3
-16.080382,-47.518484,0.3
-15.803663,-47.937052,0.3
-15.823916,-48.067175,0.3
-15.827531,-48.023149,0.3
-15.911734,-47.971753,0.3
-16.063615,-47.998864,0.3
-15.676148,-48.204388,0.3
-16.022365,-48.068274,0.3
-16.71005,-49.238459,0.3
-22.902358,-43.174226,0.3
-22.872039,-42.01146,0.3
-23.121392,-44.192824,0.3
-23.11232,-44.206038,0.3
-22.883333,-43.826111,0.3
-22.998679,-44.248944,0.3
-23.039937,-44.196421,0.3
-22.951173,-43.165523,0.3
-22.961729,-44.347162,0.3
-22.949686,-44.075113,0.3
-22.998335,-44.248917,0.3
-23.003947,-44.301864,0.3
-23.05444,-44.314169,0.3
-18.908773,-48.260838,0.3
-18.86758,-48.294477,0.3
-16.825129,-49.203451,0.3
-16.709381,-49.235754,0.3
-16.705099,-49.240852,0.3
-16.740899,-49.246275,0.3
-16.696866,-49.269663,0.3
-16.655092,-49.249035,0.3
-16.648343,-49.336754,0.3
-16.608267,-49.191878,0.3
-16.704397,-49.258252,0.3
-16.709671,-49.238401,0.3
-17.125718,-49.964826,0.3
-16.647694,-49.208715,0.3
-16.749976,-49.304672,0.3
-16.791317,-49.261596,0.3
-16.681908,-49.255931,0.3
-17.175682,-49.508999,0.3
-20.040713,-50.678828,0.3
-16.501758,-48.792463,0.3
-16.61482,-48.789583,0.3
-16.58543,-48.72086,0.3
-16.806557,-49.244336,0.3
-16.709979,-49.227119,0.3
-16.699322,-49.23218,0.3
-16.616275,-49.882899,0.3
-16.542331,-49.407371,0.3
-15.930641,-48.925473,0.3
-16.464175,-49.225071,0.3
-19.943971,-44.113318,0.3
-19.866482,-43.974677,0.3
-23.445314,-46.613028,0.3
-23.608083,-46.69672,0.3
-23.628486,-46.736449,0.3
-22.985202,-44.4389,0.3
-22.672841,-43.284161,0.3
-22.952894,-44.351366,0.3
-23.005181,-44.465762,0.3
-23.060074,-45.60727,0.3
-22.676289,-45.848913,0.3
-23.343163,-44.663197,0.3
-22.723601,-45.681323,0.3
-23.76918,-45.632858,0.3
-22.946662,-43.198233,0.3
-15.987997,-47.820476,0.3
-21.96916,-46.769612,0.3
-16.925505,-49.36167,0.3
-25.438903,-49.26777,0.3
-25.448604,-49.244207,0.3
-25.43292,-49.280041,0.3
-25.50308,-49.280583,0.3
-25.431048,-49.367689,0.3
-25.453271,-49.243014,0.3
-25.412631,-49.268381,0.3
-25.407465,-49.218589,0.3
-25.371946,-49.492919,0.3
-25.430616,-49.315164,0.3
-25.435598,-49.426648,0.3
-25.444001,-49.236967,0.3
