-23.525553,-46.50845,0.3
-23.566243,-46.679553,0.3
-23.54491,-46.644696,0.3
-23.565118,-46.665962,0.3
-23.544836,-46.646222,0.3
-23.566461,-46.668665,0.3
-23.551826,-46.69431,0.3
-23.556124,-46.692568,0.3
-23.555499,-46.657104,0.3
-23.564447,-46.669487,0.3
-23.598814,-46.698242,0.3
-23.568287,-46.689742,0.3
-23.562621,-46.668601,0.3
-23.559731,-46.699355,0.3
-23.565154,-46.668808,0.3
-23.585583,-46.684815,0.3
-23.560529,-46.662325,0.3
-23.58487,-46.68501,0.3
-23.564729,-46.681112,0.3
-23.567807,-46.663911,0.3
-23.59713,-46.667915,0.3
-23.557858,-46.673762,0.3
-23.565038,-46.670918,0.3
-23.567605,-46.693424,0.3
-23.564787,-46.680466,0.3
-23.564671,-46.680848,0.3
-23.562716,-46.668197,0.3
-23.563531,-46.673113,0.3
-23.563743,-46.669404,0.3
-23.567609,-46.688334,0.3
-23.566661,-46.679823,0.3
-23.564526,-46.680183,0.3
-23.545364,-46.643459,0.3
-23.563378,-46.66893,0.3
-22.984454,-43.227407,0.3
-22.986275,-43.189,0.3
-22.984778,-43.228037,0.3
-23.556891,-46.659186,0.3
-23.586861,-46.678221,0.3
-23.567074,-46.679182,0.3
-23.564428,-46.680264,0.3
-23.551597,-46.564741,0.3
-23.563511,-46.667184,0.3
-23.567077,-46.679178,0.3
-23.564874,-46.681459,0.3
-23.550347,-46.64505,0.3
-23.563632,-46.661934,0.3
-23.5654,-46.665622,0.3
-23.568511,-46.662739,0.3
-23.566043,-46.665298,0.3
-23.559615,-46.664999,0.3
-23.566766,-46.664668,0.3
-23.564397,-46.66871,0.3
-22.984642,-43.227759,0.3
-22.984086,-43.227516,0.3
-23.564984,-46.681543,0.3
-23.591783,-46.672733,0.3
-23.56634,-46.667116,0.3
-23.546591,-46.650461,0.3
-23.571448,-46.654372,0.3
-23.566461,-46.694274,0.3
-23.584742,-46.67545,0.3
-23.564538,-46.680513,0.3
-23.581631,-46.682349,0.3
-23.567029,-46.664755,0.3
-22.953432,-43.178401,0.3
-22.984116,-43.204963,0.3
-22.968009,-43.187906,0.3
-23.617955,-46.665486,0.3
-23.56363,-46.669258,0.3
-23.561356,-46.66485,0.3
-23.564566,-46.666692,0.3
-23.560296,-46.651874,0.3
-22.971016,-43.187441,0.3
-22.983479,-43.226747,0.3
-22.984448,-43.227792,0.3
-22.984412,-43.227764,0.3
-22.984256,-43.227248,0.3
-23.547855,-46.657525,0.3
-22.979139,-43.189599,0.3
-23.559397,-46.668759,0.3
-22.955035,-43.194868,0.3
-22.981522,-43.223233,0.3
-22.903769,-43.180073,0.3
-23.585166,-46.685335,0.3
-19.938059,-43.93947,0.3
-15.788662,-47.836993,0.3
-23.567336,-46.67018,0.3
-23.559671,-46.662145,0.3
-23.563797,-46.670977,0.3
-23.573431,-46.683217,0.3
-23.584908,-46.685384,0.3
-23.568381,-46.670402,0.3
-23.580984,-46.683154,0.3
-23.583085,-46.687839,0.3
-23.564447,-46.671251,0.3
-23.584274,-46.684434,0.3
-23.568119,-46.670289,0.3
-23.577113,-46.688006,0.3
-23.571573,-46.692248,0.3
-22.981408,-43.209868,0.3
-22.981235,-43.208675,0.3
-22.985754,-43.224839,0.3
-22.999857,-43.304412,0.3
-22.981413,-43.205013,0.3
-22.981946,-43.217021,0.3
-22.983951,-43.219404,0.3
-22.984021,-43.211859,0.3
-25.438445,-49.286788,0.3
-25.436609,-49.284643,0.3
-19.932729,-43.930301,0.3
-25.438598,-49.281712,0.3
-15.843697,-47.894189,0.3
-15.827764,-47.924901,0.3
-19.918455,-43.932253,0.3
-19.936774,-43.931799,0.3
-30.036982,-51.180505,0.3
-30.032547,-51.165599,0.3
-27.585717,-48.588517,0.3
-22.875184,-46.790382,0.3
-22.981938,-46.822276,0.3
-23.535021,-47.189923,0.3
-22.94166,-44.041781,0.3
-23.1008,-46.576693,0.3
-23.013663,-43.314055,0.3
-23.218714,-44.714004,0.3
-22.763946,-41.897704,0.3
-23.816591,-45.366793,0.3
-15.84143,-47.876751,0.3
-22.77411,-41.888535,0.3
-22.919025,-43.18329,0.3
-22.988918,-43.227737,0.3
-22.903651,-43.170699,0.3
-27.604953,-48.439292,0.3
-22.96731,-43.179332,0.3
-23.538113,-46.727018,0.3
-25.44263,-49.28578,0.3
-15.78794,-47.804234,0.3
-23.561874,-47.13162,0.3
-23.583193,-46.608595,0.3
-22.938381,-43.131822,0.3
-23.508648,-47.60857,0.3
-22.957584,-43.189161,0.3
-22.994407,-43.271552,0.3
-23.548627,-46.680423,0.3
-22.987483,-43.308623,0.3
-20.385521,-43.5037,0.3
-21.899252,-41.803256,0.3
-15.827243,-50.265662,0.3
-15.788787,-47.893357,0.3
-23.2197,-44.715342,0.3
-19.860983,-43.226872,0.3
-28.545745,-54.551546,0.3
-28.552057,-54.554467,0.3
-28.448382,-54.709093,0.3
-28.364211,-54.26741,0.3
-32.561098,-53.376734,0.3
-23.564881,-46.681328,0.3
-23.56466,-46.680894,0.3
-23.566322,-46.667572,0.3
-23.544914,-46.644734,0.3
-23.55012,-46.646372,0.3
-23.549914,-46.646472,0.3
-23.566007,-46.665526,0.3
-23.582761,-46.673949,0.3
-23.563387,-46.672788,0.3
-23.600911,-46.728043,0.3
-23.574737,-46.646486,0.3
-23.610531,-46.651292,0.3
-23.546653,-46.638548,0.3
-23.561517,-46.655961,0.3
-23.566528,-46.666847,0.3
-23.584097,-46.676154,0.3
-23.565237,-46.669729,0.3
-23.58903,-46.677466,0.3
-23.5671,-46.679058,0.3
-23.56271,-46.670077,0.3
-23.598908,-46.697603,0.3
-23.563629,-46.669798,0.3
-23.565449,-46.666488,0.3
-23.567224,-46.664085,0.3
-23.584103,-46.682551,0.3
-23.55395,-46.685964,0.3
-23.568027,-46.66415,0.3
-23.558478,-46.64654,0.3
-27.600423,-48.545485,0.3
-23.568589,-46.649198,0.3
-23.56365,-46.66424,0.3
-23.492257,-46.629484,0.3
-23.554022,-46.689158,0.3
-23.571639,-46.65858,0.3
-23.544851,-46.648008,0.3
-23.546788,-46.660817,0.3
-23.559922,-46.677578,0.3
-23.559524,-46.66841,0.3
-23.566417,-46.688857,0.3
-23.555395,-46.685531,0.3
-23.561285,-46.696437,0.3
-23.528389,-46.682519,0.3
-23.561608,-46.664144,0.3
-23.581571,-46.676996,0.3
-23.462012,-46.694852,0.3
