CNPJ;Nome Fantasia;Municipio;UF;Latitude;Longitude;Notas Fiscais;ENDERECO_A_PREENCHER
49031370000185;FARMACIA CENTRAL;SAO JOSE DO RIO PRETO;SP;-20.8149565;-49.3847226;15;
55862551000237;DROGARIA SANTA RITA DE OLIMPIA;OLIMPIA;SP;-20.7396602;-48.9147752;8;
59603977003676;FARMACIA ROSARIO;SAO CARLOS;SP;-22.011385;-47.8903162;8;
40460848000118;DROGARIA EXPRESS ALPHAVILLE;SANTANA DE PARNAIBA;SP;-23.4633543;-46.8774165;6;
45663025000103;J & L PRODUTOS FARMACEUTICOS;CAIEIRAS;SP;-23.3894985;-46.7137101;5;
57508426009639;COOP - COOPERATIVA DE CONSUMO;SAO CAETANO DO SUL;SP;-23.6178704;-46.5692835;5;
56809452000173;FARMACIA DROGALAR;SANTA CRUZ DO RIO PARDO;SP;-22.8968961;-49.6330976;5;
16658829000116;FARMACIA SAO VICENTE PREVER;ASSIS;SP;-22.6633541;-50.4234368;5;
11900515000245;J H C DROGARIAS;SAO JOSE DO RIO PRETO;SP;-20.8114498;-49.3409752;5;
09377288000192;DROGARIA BRASIL;AMERICANA;SP;-22.7125632;-47.2931473;5;
15758707000139;UNIPHARMA;CAMPINAS;SP;-22.863129699999998;-47.0432218;5;
53134698000102;DROGA ARENS;JUNDIAI;SP;-23.196952;-46.8756056;5;
61585865062939;RAIA DROGASIL;SAO JOSE DO RIO PRETO;SP;-20.8319061;-49.3991917;5;
55862551001047;DROGARIA SANTA RITA DE OLIMPIA;BARRETOS;SP;-20.5437538;-48.5367445;5;
47970801000143;J. M. GUERREIRO;SALES OLIVEIRA;SP;-20.7707898;-47.8348729;5;
15136952000376;DROGARIA PENAMAR;SAO PAULO;SP;-23.6165886;-46.6698531;4;
24758218000178;FARMAVIDA PACAEMBU;ITUPEVA;SP;-23.1532575;-47.0460347;4;
61585865323163;RAIA DROGASIL;JUNDIAI;SP;-23.1535203;-46.8583509;4;
57795940000131;DROGARIA DO POVO;ITUVERAVA;SP;-20.335928;-47.784229599999996;4;
71605265005120;FARMA CONDE;BARRETOS;SP;-20.5370924;-48.5761294;4;
06626253056297;FARMACIAS PAGUE MENOS;SAO JOSE DO RIO PRETO;SP;-20.8143946;-49.391178;4;
32834523000120;DROGARIA FARMA NELSON;FRANCA;SP;-20.5255384;-47.36469580000001;4;
56158777001539;FARMACIA SIDNEY OLIVEIRA SANTA ISABEL;SANTA ISABEL;SP;-23.3184758;-46.2274183;3;
00392066000174;FARMASIL;ITUVERAVA;SP;-20.3347682;-47.7910748;3;
56158777000303;DROGALIS;ARUJA;SP;-23.3991867;-46.3190782;3;
61585865063749;RAIA DROGASIL;SAO JOSE DO RIO PRETO;SP;-20.8264723;-49.3437377;3;
57508426001301;COOP-COOPERATIVA DE CONSUMO;SANTO ANDRE;SP;-23.6408129;-46.4989662;3;
28010481000135;DMC DROGARIA COMERCIO VAREJISTA DE PRODUTOS FARMACEUTICOS;APARECIDA;SP;-22.8440587;-45.2425342;3;
18985806000141;FARMAVIDA HORTOLANDIA;JUNDIAI;SP;-23.1672335;-46.9105052;3;
35338567000157;FARMAVIDA;JUNDIAI;SP;-23.1985055;-46.8905613;3;
44424653000173;DROGAMAX 5;SAO JOSE DO RIO PRETO;SP;-20.8517324;-49.4130719;3;
72686819000165;DROGA DEZ CAMPOS SALES;CAMPINAS;SP;-22.904823099999998;-47.060288199999995;3;
03789090000130;FARMA 100;COTIA;SP;-23.6017615;-46.8575462;3;
04196914000201;L. A. H. STEPHANI;BALSAMO;SP;-20.73426;-49.58372;3;
27808844000110;FARMACIA SAO BENTO CAXAMBU;JUNDIAI;SP;-23.1529105;-46.8755669;3;
54375647000550;DROGAL JARDIM;PIRACICABA;SP;-22.7144058;-47.6373415;3;
10775570000107;VIDA MAIS SAUDE DROGARIA;JUNDIAI;SP;-23.2025078;-46.913603;3;
11445713000185;SABRINA R3;PARIQUERA-ACU;SP;-24.7157104;-47.8796558;3;
55862551001390;DROGARIA SANTA RITA DE OLIMPIA;SAO JOSE DO RIO PRETO;SP;-20.815091;-49.3836511;3;
