lat,lng,formatted_address,city,uf,cep
-23.52555,-46.50845,"Rua Irmã, 158, Penha, São Paulo - SP, 03656-040, Brasil",São Paulo,SP,03656-040
-23.56624,-46.67955,"Maní, Rua Joaquim Antunes, 210, Pinheiros, São Paulo - SP, 05415-000, Brasil",São Paulo,SP,05415-000
-23.54491,-46.6447,"Restaurante Parador, Rua Araújo, 126, República, São Paulo - SP, 01247-090, Brasil",São Paulo,SP,01247-090
-23.56512,-46.66596,"Rua Padre João Manuel, 950, Jardim Paulista, São Paulo - SP, 01411-001, Brasil",São Paulo,SP,01411-001
-23.54484,-46.64622,"Rua General Jardim, 173, República, São Paulo - SP, 01223-011, Brasil",São Paulo,SP,01223-011
-23.56646,-46.66866,"Rua Augusta, 2985, Jardim Paulista, São Paulo - SP, 01412-100, Brasil",São Paulo,SP,01412-100
-23.55183,-46.69431,"Rua Fradique Coutinho, 1897, Pinheiros, São Paulo - SP, 05416-012, Brasil",São Paulo,SP,05416-012
-23.55612,-46.69257,"Rua Mourato Coelho, 1404, Pinheiros, São Paulo - SP, 05417-002, Brasil",São Paulo,SP,05417-002
-23.5555,-46.6571,"Rua Augusta, 1291, Consolação, São Paulo - SP, 01304-001, Brasil",São Paulo,SP,01304-001
-23.56445,-46.66949,"Rua Vitório Fasano, 88, Jardim Paulista, São Paulo - SP, 01414-020, Brasil",São Paulo,SP,01414-020
-23.59881,-46.69824,"Dior, Avenida Magalhães de Castro, 12000, Morumbi, São Paulo - SP, 05676-030, Brasil",São Paulo,SP,05676-030
-23.56829,-46.68974,"Rua dos Pinheiros, 1269, Pinheiros, São Paulo - SP, 05422-012, Brasil",São Paulo,SP,05422-012
-23.56262,-46.6686,"Rua Bela Cintra, 2062, Jardim Paulista, São Paulo - SP, 01415-007, Brasil",São Paulo,SP,01415-007
-23.55973,-46.69936,"Uniao Geral Armênia de Beneficencia, Rua Natingui, 1545, Pinheiros, São Paulo - SP, 05429-040, Brasil",São Paulo,SP,05429-040
-23.56515,-46.66881,"Rua Haddock Lobo, 1663, Jardim Paulista, São Paulo - SP, 01414-001, Brasil",São Paulo,SP,01414-001
-23.58558,-46.68481,"Rua Tabapuã, 1480, Itaim Bibi, São Paulo - SP, 04533-005, Brasil",São Paulo,SP,04533-005
-23.56053,-46.66233,"Lair Nunes Ribeiro, Rua Augusta, Jardim Paulista, São Paulo - SP, 01412-000, Brasil",São Paulo,SP,01412-000
-23.58487,-46.68501,"Rua Doutor Mário Ferraz, 529, Itaim Bibi, São Paulo - SP, 01453-011, Brasil",São Paulo,SP,01453-011
-23.56473,-46.68111,"Barbearia da Esquina, Rua Joaquim Antunes, Pinheiros, São Paulo - SP, 05415-001, Brasil",São Paulo,SP,05415-001
-23.56781,-46.66391,"Rua Oscar Freire, 155, Jardim Paulista, São Paulo - SP, 01426-001, Brasil",São Paulo,SP,01426-001
-23.59713,-46.66792,"Rua Diogo Jácome, 618, Moema, São Paulo - SP, 04512-001, Brasil",São Paulo,SP,04512-001
-23.55786,-46.67376,"Rua Oscar Freire, 1631, Jardim Paulista, São Paulo - SP, 05409-010, Brasil",São Paulo,SP,05409-010
-23.56504,-46.67092,"Rua Estados Unidos, 1812, Jardim Paulista, São Paulo - SP, 01427-001, Brasil",São Paulo,SP,01427-001
-23.5676,-46.69342,"Rua dos Pinheiros, 1629, Pinheiros, São Paulo - SP, 05422-012, Brasil",São Paulo,SP,05422-012
-23.56479,-46.68047,"Rua dos Pinheiros, 227, Pinheiros, São Paulo - SP, 05422-010, Brasil",São Paulo,SP,05422-010
-23.56467,-46.68085,"Rua dos Pinheiros, 262, Pinheiros, São Paulo - SP, 05422-000, Brasil",São Paulo,SP,05422-000
-23.56272,-46.6682,"Rua Bela Cintra, 2047, Jardim Paulista, São Paulo - SP, 01415-002, Brasil",São Paulo,SP,01415-002
-23.56353,-46.67311,"Rua Estados Unidos, 2085, Jardim Paulista, São Paulo - SP, 01427-002, Brasil",São Paulo,SP,01427-002
-23.56374,-46.6694,"Rua Bela Cintra, 2209, Jardim Paulista, São Paulo - SP, 01415-009, Brasil",São Paulo,SP,01415-009
-23.56761,-46.68833,"Rua dos Pinheiros, 1106, Pinheiros, São Paulo - SP, 05422-001, Brasil",São Paulo,SP,05422-001
-23.56666,-46.67982,"Rua Joaquim Antunes, 183, Pinheiros, São Paulo - SP, 05415-010, Brasil",São Paulo,SP,05415-010
-23.56453,-46.68018,"Rua dos Pinheiros, 209, Pinheiros, São Paulo - SP, 05422-010, Brasil",São Paulo,SP,05422-010
-23.54536,-46.64346,"Ourominas Dtvm, Avenida São Luís, República, São Paulo - SP, 01046-000, Brasil",São Paulo,SP,01046-000
-23.56338,-46.66893,"Ateliermix, Rua Oscar Freire, Jardim Paulista, São Paulo - SP, 01426-003, Brasil",São Paulo,SP,01426-003
-22.98445,-43.22741,"Rua Dias Ferreira, 166, Leblon, Rio de Janeiro - RJ, 22431-050, Brasil",Rio de Janeiro,RJ,22431-050
-22.98627,-43.189,"Ponto De Carregamento Para Veículos Elétricos, Avenida Atlântica, 4240, Copacabana, Rio de Janeiro - RJ, 22070-002, Brasil",Rio de Janeiro,RJ,22070-002
-22.98478,-43.22804,"Rua Dias Ferreira, 147, Leblon, Rio de Janeiro - RJ, 22431-050, Brasil",Rio de Janeiro,RJ,22431-050
-23.55689,-46.65919,"Brazilian Hits Remakes, Rua Luís Coelho, Consolação, São Paulo - SP, 01309-000, Brasil",São Paulo,SP,01309-000
-23.58686,-46.67822,"Rua Iaiá, 107, Itaim Bibi, São Paulo - SP, 04537-010, Brasil",São Paulo,SP,04537-010
-23.56707,-46.67918,"Rua Joaquim Antunes, 116, Pinheiros, São Paulo - SP, 05415-000, Brasil",São Paulo,SP,05415-000
-23.56443,-46.68026,"Rua Cônego Eugênio Leite, 220, Pinheiros, São Paulo - SP, 05414-011, Brasil",São Paulo,SP,05414-011
-23.5516,-46.56474,"Rua Itapura, 1473, Tatuapé, São Paulo - SP, 03310-000, Brasil",São Paulo,SP,03310-000
-23.56351,-46.66718,"Rua Haddock Lobo, 1415, Jardim Paulista, São Paulo - SP, 01414-003, Brasil",São Paulo,SP,01414-003
-23.56708,-46.67918,"Rua Joaquim Antunes, 116, Pinheiros, São Paulo - SP, 05415-000, Brasil",São Paulo,SP,05415-000
-23.56487,-46.68146,"Rua dos Pinheiros, 344, Pinheiros, São Paulo - SP, 05422-000, Brasil",São Paulo,SP,05422-000
-23.55035,-46.64505,"Rua Avanhandava, 908, República, São Paulo - SP, 01306-000, Brasil",São Paulo,SP,01306-000
-23.56363,-46.66193,"Alameda Ministro Rocha Azevedo, 726, Jardim Paulista, São Paulo - SP, 01410-000, Brasil",São Paulo,SP,01410-000
-23.5654,-46.66562,"Rua Padre João Manuel, 955, Jardim Paulista, São Paulo - SP, 01411-001, Brasil",São Paulo,SP,01411-001
-23.56851,-46.66274,"Alameda Casa Branca, 1008, Jardim Paulista, São Paulo - SP, 01408-001, Brasil",São Paulo,SP,01408-001
-23.56604,-46.6653,"Rua Oscar Freire, 390, Jardim Paulista, São Paulo - SP, 01426-000, Brasil",São Paulo,SP,01426-000
-23.55962,-46.665,"Rua Bela Cintra, 1569, Jardim Paulista, São Paulo - SP, 01415-009, Brasil",São Paulo,SP,01415-009
-23.56677,-46.66467,"Rua Oscar Freire, 282, Jardim Paulista, São Paulo - SP, 01426-000, Brasil",São Paulo,SP,01426-000
-23.5644,-46.66871,"Rua Sarandi, 30, Jardim Paulista, São Paulo - SP, 01414-010, Brasil",São Paulo,SP,01414-010
-22.98464,-43.22776,"Rua Dias Ferreira, 155, Leblon, Rio de Janeiro - RJ, 22431-050, Brasil",Rio de Janeiro,RJ,22431-050
-22.98409,-43.22752,"Rua Dias Ferreira, 233, Leblon, Rio de Janeiro - RJ, 22431-050, Brasil",Rio de Janeiro,RJ,22431-050
-23.56498,-46.68154,"Rua dos Pinheiros, 358, Pinheiros, São Paulo - SP, 05422-000, Brasil",São Paulo,SP,05422-000
-23.59178,-46.67273,"Avenida Santo Amaro, 884, Itaim Bibi, São Paulo - SP, 04506-000, Brasil",São Paulo,SP,04506-000
-23.56634,-46.66712,"Rua Padre João Manuel, 1126, Jardim Paulista, São Paulo - SP, 01411-001, Brasil",São Paulo,SP,01411-001
-23.54659,-46.65046,"Rua Maria Antônia, 216, Consolação, São Paulo - SP, 01222-010, Brasil",São Paulo,SP,01222-010
-23.57145,-46.65437,"Rua Capitão Pinto Ferreira, 15, Jardim Paulista, São Paulo - SP, 01423-020, Brasil",São Paulo,SP,01423-020
-23.56646,-46.69427,"Avenida Brigadeiro Faria Lima, Pinheiros, São Paulo - SP, 05426-100, Brasil",São Paulo,SP,05426-100
-23.58474,-46.67545,"Rua Joaquim Floriano, 563, Itaim Bibi, São Paulo - SP, 04534-011, Brasil",São Paulo,SP,04534-011
-23.56454,-46.68051,"Rua dos Pinheiros, 230, Pinheiros, São Paulo - SP, 05422-000, Brasil",São Paulo,SP,05422-000
-23.58163,-46.68235,"Rua Campos Bicudo, 129, Itaim Bibi, São Paulo - SP, 04536-010, Brasil",São Paulo,SP,04536-010
-23.56703,-46.66475,"Power2Go, Rua Oscar Freire, 281, Jardim Paulista, São Paulo - SP, 01426-000, Brasil",São Paulo,SP,01426-000
-22.95343,-43.1784,"Rua General Severiano, Botafogo, Rio de Janeiro - RJ, 22290-040, Brasil",Rio de Janeiro,RJ,22290-040
-22.98412,-43.20496,"Rua Visconde de Pirajá, 338, Ipanema, Rio de Janeiro - RJ, 22410-003, Brasil",Rio de Janeiro,RJ,22410-003
-22.96801,-43.18791,"Santa Ajuda a Melhor Idade, Rua Figueiredo de Magalhães, Copacabana, Rio de Janeiro - RJ, 22031-011, Brasil",Rio de Janeiro,RJ,22031-011
-23.61795,-46.66549,"Rua Conde de Ipanema, 40, Campo Belo, São Paulo - SP, 04611-020, Brasil",São Paulo,SP,04611-020
-23.56363,-46.66926,"Rua Bela Cintra, 2183, Jardim Paulista, São Paulo - SP, 01415-009, Brasil",São Paulo,SP,01415-009
-23.56136,-46.66485,"Rua Haddock Lobo, 1091, Jardim Paulista, São Paulo - SP, 01414-003, Brasil",São Paulo,SP,01414-003
-23.56457,-46.66669,"Rua Augusta, 2705, Jardim Paulista, São Paulo - SP, 01413-100, Brasil",São Paulo,SP,01413-100
-23.5603,-46.65187,"Alameda Rio Claro, 28, Bela Vista, São Paulo - SP, 01332-010, Brasil",São Paulo,SP,01332-010
-22.97102,-43.18744,"Rua Santa Clara, 84, Copacabana, Rio de Janeiro - RJ, 22041-011, Brasil",Rio de Janeiro,RJ,22041-011
-22.98348,-43.22675,"Rua Dias Ferreira, 320, Leblon, Rio de Janeiro - RJ, 22431-050, Brasil",Rio de Janeiro,RJ,22431-050
-22.98445,-43.22779,"Rua Dias Ferreira, 175, Leblon, Rio de Janeiro - RJ, 22431-050, Brasil",Rio de Janeiro,RJ,22431-050
-22.98441,-43.22776,"Rua Dias Ferreira, 189, Leblon, Rio de Janeiro - RJ, 22431-050, Brasil",Rio de Janeiro,RJ,22431-050
-22.98426,-43.22725,"Rua Dias Ferreira, 242, Leblon, Rio de Janeiro - RJ, 22431-050, Brasil",Rio de Janeiro,RJ,22431-050
-23.54785,-46.65753,"Ritz Turismo, Rua Sergipe, 410, Consolação, São Paulo - SP, 01243-001, Brasil",São Paulo,SP,01243-001
-22.97914,-43.1896,"Rua Djalma Ulrich, 4, Copacabana, Rio de Janeiro - RJ, 22071-020, Brasil",Rio de Janeiro,RJ,22071-020
-23.5594,-46.66876,"Alameda Tietê, 665, Jardim Paulista, São Paulo - SP, 01417-020, Brasil",São Paulo,SP,01417-020
-22.95503,-43.19487,"Rua Voluntários da Pátria, 368, Botafogo, Rio de Janeiro - RJ, 22270-010, Brasil",Rio de Janeiro,RJ,22270-010
-22.98152,-43.22323,"Rua Conde Bernadotte, 44, Leblon, Rio de Janeiro - RJ, 22430-200, Brasil",Rio de Janeiro,RJ,22430-200
-22.90377,-43.18007,"Rua Uruguaiana, 110, Centro, Rio de Janeiro - RJ, 20050-092, Brasil",Rio de Janeiro,RJ,20050-092
-23.58517,-46.68534,"Rua Doutor Mário Ferraz, 538, Itaim Bibi, São Paulo - SP, 01453-011, Brasil",São Paulo,SP,01453-011
-19.93806,-43.93947,"Rua Levindo Lopes, 241, Savassi, Belo Horizonte - MG, 30140-170, Brasil",Belo Horizonte,MG,30140-170
-15.78866,-47.83699,"Spp, Asa Norte, Brasília - DF, 70150-000, Brasil",Brasília,DF,70150-000
-23.56734,-46.67018,"Rua Colômbia, 84, Jardim Paulista, São Paulo - SP, 01438-000, Brasil",São Paulo,SP,01438-000
-23.55967,-46.66214,"Alameda Jaú, 1580, Jardim Paulista, São Paulo - SP, 01420-006, Brasil",São Paulo,SP,01420-006
-23.5638,-46.67098,"Rua da Consolação, 3675, Jardim Paulista, São Paulo - SP, 01416-000, Brasil",São Paulo,SP,01416-000
-23.57343,-46.68322,"Alameda Gabriel Monteiro da Silva, 1678, Pinheiros, São Paulo - SP, 01441-001, Brasil",São Paulo,SP,01441-001
-23.58491,-46.68538,"Rua Doutor Mário Ferraz, 510, Itaim Bibi, São Paulo - SP, 01453-011, Brasil",São Paulo,SP,01453-011
-23.56838,-46.6704,"Rua Guatemala, 75, Jardim Paulista, São Paulo - SP, 01437-050, Brasil",São Paulo,SP,01437-050
-23.58098,-46.68315,"Rua Amauri, 282, Itaim Bibi, São Paulo - SP, 01448-000, Brasil",São Paulo,SP,01448-000
-23.58308,-46.68784,"Rua Professor Artur Ramos, 404, Pinheiros, São Paulo - SP, 01454-011, Brasil",São Paulo,SP,01454-011
-23.56445,-46.67125,"Rua Estados Unidos, 1862, Jardim Paulista, São Paulo - SP, 01427-001, Brasil",São Paulo,SP,01427-001
-23.58427,-46.68443,"Rua Maria Rosa, 119, Itaim Bibi, São Paulo - SP, 01453-080, Brasil",São Paulo,SP,01453-080
-23.56812,-46.67029,"Rua Colômbia, 217, Jardim Paulista, São Paulo - SP, 01438-000, Brasil",São Paulo,SP,01438-000
-23.57711,-46.68801,"Lojas Centauro, Avenida Brigadeiro Faria Lima, 2232, Pinheiros, São Paulo - SP, 01452-001, Brasil",São Paulo,SP,01452-001
-23.57157,-46.69225,"Avenida Rebouças, 3454, Pinheiros, São Paulo - SP, 05402-300, Brasil",São Paulo,SP,05402-300
-22.98141,-43.20987,"Rua Barão de Jaguaripe, 289, Ipanema, Rio de Janeiro - RJ, 22421-000, Brasil",Rio de Janeiro,RJ,22421-000
-22.98123,-43.20867,"Rua Barão de Jaguaripe, 242, Ipanema, Rio de Janeiro - RJ, 22421-000, Brasil",Rio de Janeiro,RJ,22421-000
-22.98575,-43.22484,"Rua General Venâncio Flores, 157, Leblon, Rio de Janeiro - RJ, 22441-090, Brasil",Rio de Janeiro,RJ,22441-090
-22.99986,-43.30441,"Atmosphere, Estrada da Barra da Tijuca, 1636, Itanhangá, Rio de Janeiro - RJ, 22641-010, Brasil",Rio de Janeiro,RJ,22641-010
-22.98141,-43.20501,"Rua Barão de Jaguaripe, 94, Ipanema, Rio de Janeiro - RJ, 22421-000, Brasil",Rio de Janeiro,RJ,22421-000
-22.98195,-43.21702,"Rua Humberto de Campos, 105, Leblon, Rio de Janeiro - RJ, 22430-190, Brasil",Rio de Janeiro,RJ,22430-190
-22.98395,-43.2194,"Avenida Ataulfo de Paiva, 355, Leblon, Rio de Janeiro - RJ, 22440-032, Brasil",Rio de Janeiro,RJ,22440-032
-22.98402,-43.21186,"Rua Visconde de Pirajá, 559, Ipanema, Rio de Janeiro - RJ, 22410-002, Brasil",Rio de Janeiro,RJ,22410-002
-25.43845,-49.28679,"Rua Gutemberg, 216, Batel, Curitiba - PR, 80420-030, Brasil",Curitiba,PR,80420-030
-25.43661,-49.28464,"Alameda Presidente Taunay, 335, Batel, Curitiba - PR, 80420-180, Brasil",Curitiba,PR,80420-180
-19.93273,-43.9303,"Avenida Afonso Pena, Savassi, Belo Horizonte - MG, 30130-012, Brasil",Belo Horizonte,MG,30130-012
-25.4386,-49.28171,"Rua Comendador Araújo, 777, Batel, Curitiba - PR, 80420-063, Brasil",Curitiba,PR,80420-063
-15.8437,-47.89419,"Shis Ql 8 Conjunto 1, 8, Setor de Habitações Individuais Sul, Lago Sul - DF, 71620-215, Brasil",Lago Sul,DF,71620-215
-15.82776,-47.9249,"SQS 315, Bloco B, Asa Sul, Brasília - DF, 70384-020, Brasil",Brasília,DF,70384-020
-19.91846,-43.93225,"Avenida Assis Chateaubriand, 554, Floresta, Belo Horizonte - MG, 30150-101, Brasil",Belo Horizonte,MG,30150-101
-19.93677,-43.9318,"Rua Inconfidentes, 619, Savassi, Belo Horizonte - MG, 30140-124, Brasil",Belo Horizonte,MG,30140-124
-30.03698,-51.1805,"Avenida Lageado, 991, Petrópolis, Porto Alegre - RS, 90460-110, Brasil",Porto Alegre,RS,90460-110
-30.03255,-51.1656,"Avenida Teixeira Mendes, 882, Chácara das Pedras, Porto Alegre - RS, 91330-391, Brasil",Porto Alegre,RS,91330-391
-27.58572,-48.58852,"Rua Andrelino Natividade da Costa, 97, Canto, Florianópolis - SC, 88090-390, Brasil",Florianópolis,SC,88090-390
-22.87518,-46.79038,"Rua Pereira Cardoso, 588, Morungaba - SP, 13260-000, Brasil",Morungaba,SP,13260-000
-22.98194,-46.82228,"Shell, Bairro da Ponte, Itatiba - SP, Brasil",Itatiba,SP,
-23.53502,-47.18992,"Rodovia Raposo Tavares, Mairinque - SP, 18120-000, Brasil",Mairinque,SP,18120-000
-22.94166,-44.04178,"Avenida Gílson Sá, 263, Praia do Saco, Mangaratiba - RJ, 23860-000, Brasil",Mangaratiba,RJ,23860-000
-23.1008,-46.57669,"Rodovia Dom Pedro I, Mato Dentro, Atibaia - SP, Brasil",Atibaia,SP,
-23.01366,-43.31406,"BikeRio Estação General Ivan Raposo, Avenida Lúcio Costa, Barra da Tijuca, Rio de Janeiro - RJ, 22620-172, Brasil",Rio de Janeiro,RJ,22620-172
-23.21871,-44.714,"Rua Tenente Francisco Antônio, 295, Centro Histórico, Paraty - RJ, 23970-000, Brasil",Paraty,RJ,23970-000
-22.76395,-41.8977,"Bistrô Ville la Plage Hotel, Rua E, 40, Tartaruga, Armação dos Búzios - RJ, 28950-000, Brasil",Armação dos Búzios,RJ,28950-000
-23.81659,-45.36679,"Avenida Princesa Isabel, 1457, Ilhabela - SP, 11630-000, Brasil",Ilhabela,SP,11630-000
-15.84143,-47.87675,"Drogaria São Paulo, Shis Qi 13, Setor de Habitações Individuais Sul, Lago Sul - DF, 71635-060, Brasil",Lago Sul,DF,71635-060
-22.77411,-41.88854,"Reserva Ambiental - Ferradura Parque, Rua da Ferradura, Ferradura, Armação dos Búzios - RJ, 28950-000, Brasil",Armação dos Búzios,RJ,28950-000
-22.91902,-43.18329,"Rua Almirante Alexandrino, 5, Santa Teresa, Rio de Janeiro - RJ, 20241-260, Brasil",Rio de Janeiro,RJ,20241-260
-22.98892,-43.22774,"Ciclovia da Niemeyer, Leblon, Rio de Janeiro - RJ, Brasil",Rio de Janeiro,RJ,
-22.90365,-43.1707,"Rua Cais Pharoux, Centro, Rio de Janeiro - RJ, 20010-070, Brasil",Rio de Janeiro,RJ,20010-070
-27.60495,-48.43929,"Rodovia Jornalista Manoel de Menezes, 773, Praia Mole, Florianópolis - SC, 88061-700, Brasil",Florianópolis,SC,88061-700
-22.96731,-43.17933,"Avenida Atlântica, 1702, Copacabana, Rio de Janeiro - RJ, 22021-001, Brasil",Rio de Janeiro,RJ,22021-001
-23.53811,-46.72702,"Avenida Queiroz Filho, 830, Vila Leopoldina, São Paulo - SP, 05319-000, Brasil",São Paulo,SP,05319-000
-25.44263,-49.28578,"Edifício Rivergardens, Batel, Curitiba - PR, 80420-090, Brasil",Curitiba,PR,80420-090
-15.78794,-47.80423,"Patú Anú, Setor de Mansões do Lago, Lago Norte - DF, 71540-121, Brasil",Lago Norte,DF,71540-121
-23.56187,-47.13162,"Estrada do Vinho, São Roque - SP, 18145-002, Brasil",São Roque,SP,18145-002
-23.58319,-46.60859,"Rua Bom Pastor, 800, Ipiranga, São Paulo - SP, 04203-000, Brasil",São Paulo,SP,04203-000
-22.93838,-43.13182,"Fortaleza Santa Cruz da Barra, Estrada General Eurico Gaspar Dutra, Jurujuba, Niterói - RJ, 24370-375, Brasil",Niterói,RJ,24370-375
-23.50865,-47.60857,"Avenida Manoel Viera, 603, Araçoiaba da Serra - SP, 18190-000, Brasil",Araçoiaba da Serra,SP,18190-000
-22.95758,-43.18916,"Rua General Polidoro, 101, Botafogo, Rio de Janeiro - RJ, 22280-002, Brasil",Rio de Janeiro,RJ,22280-002
-22.99441,-43.27155,"Estrada da Canoa, São Conrado, Rio de Janeiro - RJ, 22610-210, Brasil",Rio de Janeiro,RJ,22610-210
-23.54863,-46.68042,"Avenida Doutor Arnaldo, 1828, Perdizes, São Paulo - SP, 01255-000, Brasil",São Paulo,SP,01255-000
-22.98748,-43.30862,"Rua da Amendoeira, 3, Itanhangá, Rio de Janeiro - RJ, 22641-004, Brasil",Rio de Janeiro,RJ,22641-004
-20.38552,-43.5037,"Monumento a Tiradentes, BR-356, Centro, Ouro Preto - MG, 35400-000, Brasil",Ouro Preto,MG,35400-000
-21.89925,-41.80326,"Padaria e Mercearia São Pedro, Rua Principal, Santa Maria Madalena - RJ, 28770-000, Brasil",Santa Maria Madalena,RJ,28770-000
-15.82724,-50.26566,"Goiás, GO, Brasil",Goiás,GO,76600-000
-15.78879,-47.89336,"Via N1 Oeste, Asa Norte, Brasília - DF, 70705-130, Brasil",Brasília,DF,70705-130
-23.2197,-44.71534,"Largo da Pedreira, Chácara Fátima, Paraty - RJ, 23970-000, Brasil",Paraty,RJ,23970-000
-19.86098,-43.22687,"BR-381, São Gonçalo do Rio Abaixo - MG, 35935-000, Brasil",São Gonçalo do Rio Abaixo,MG,35935-000
-28.54574,-54.55155,"Avenida Antunes Ribas, 1325, São Miguel das Missões - RS, 98865-000, Brasil",São Miguel das Missões,RS,98865-000
-28.55206,-54.55447,"Rua Franklin Ferreira da Costa, 1275, São Miguel das Missões - RS, 98865-000, Brasil",São Miguel das Missões,RS,98865-000
-28.44838,-54.70909,"Rua Luciano Notagiacomo, 510, São Luiz Gonzaga - RS, 97800-000, Brasil",São Luiz Gonzaga,RS,97800-000
-28.36421,-54.26741,"Rua Dalila Lorenzoni, 139, Entre-Ijuís - RS, 98855-000, Brasil",Entre-Ijuís,RS,98855-000
-32.5611,-53.37673,"Rua Menna Barreto, 1425, Jaguarão - RS, 96300-000, Brasil",Jaguarão,RS,96300-000
-23.56488,-46.68133,"Rua dos Pinheiros, 324, Pinheiros, São Paulo - SP, 05422-000, Brasil",São Paulo,SP,05422-000
-23.56466,-46.68089,"Rua dos Pinheiros, 266, Pinheiros, São Paulo - SP, 05422-000, Brasil",São Paulo,SP,05422-000
-23.56632,-46.66757,"Rua Barão de Capanema, 551, Jardim Paulista, São Paulo - SP, 01411-011, Brasil",São Paulo,SP,01411-011
-23.54491,-46.64473,"Restaurante Parador, Rua Araújo, 126, República, São Paulo - SP, 01247-090, Brasil",São Paulo,SP,01247-090
-23.55012,-46.64637,"Rua Augusta, 15, República, São Paulo - SP, 01305-000, Brasil",São Paulo,SP,01305-000
-23.54991,-46.64647,"Leburguer Jardins, Rua Augusta, República, São Paulo - SP, 01034-000, Brasil",São Paulo,SP,01034-000
-23.56601,-46.66553,"Rua Oscar Freire, 384, Jardim Paulista, São Paulo - SP, 01426-000, Brasil",São Paulo,SP,01426-000
-23.58276,-46.67395,"Rua Doutor Renato Paes de Barros, 465, Itaim Bibi, São Paulo - SP, 04530-000, Brasil",São Paulo,SP,04530-000
-23.56339,-46.67279,"Rua Melo Alves, 767, Jardim Paulista, São Paulo - SP, 01417-010, Brasil",São Paulo,SP,01417-010
-23.60091,-46.72804,"Rua Nilza Medeiros Martins, 21, Vila Sônia, São Paulo - SP, 05628-010, Brasil",São Paulo,SP,05628-010
-23.57474,-46.64649,"Rua Coronel Oscar Porto, 638, Vila Mariana, São Paulo - SP, 04003-002, Brasil",São Paulo,SP,04003-002
-23.61053,-46.65129,"Avenida Indianópolis, 1401, Saúde, São Paulo - SP, 04063-002, Brasil",São Paulo,SP,04063-002
-23.54665,-46.63855,"Pizza Hut, Rua Coronel Xavier de Toledo, República, São Paulo - SP, 01048-000, Brasil",São Paulo,SP,01048-000
-23.56152,-46.65596,"Museu de Arte de São Paulo Assis Chateaubriand -Masp, Avenida Paulista, 1578, Bela Vista, São Paulo - SP, 01310-000, Brasil",São Paulo,SP,01310-000
-23.56653,-46.66685,"Rua Barão de Capanema, 456, Jardim Paulista, São Paulo - SP, 01411-010, Brasil",São Paulo,SP,01411-010
-23.5841,-46.67615,"Rua Bandeira Paulista, 520, Itaim Bibi, São Paulo - SP, 04532-001, Brasil",São Paulo,SP,04532-001
-23.56524,-46.66973,"Rua Haddock Lobo, 1738, Jardim Paulista, São Paulo - SP, 01414-002, Brasil",São Paulo,SP,01414-002
-23.58903,-46.67747,"Avenida Presidente Juscelino Kubitschek, 816, Itaim Bibi, São Paulo - SP, 04543-000, Brasil",São Paulo,SP,04543-000
-23.5671,-46.67906,"Rua Joaquim Antunes, 110, Pinheiros, São Paulo - SP, 05415-000, Brasil",São Paulo,SP,05415-000
-23.56271,-46.67008,"Empresa Paulistana de Estacionamentos, Rua da Consolação, 3545, Jardim Paulista, São Paulo - SP, 01416-001, Brasil",São Paulo,SP,01416-001
-23.59891,-46.6976,"Bacio di Latte, Avenida Marginal Pinheiros, Morumbi, São Paulo - SP, 05676-030, Brasil",São Paulo,SP,05676-030
-23.56363,-46.6698,"Rua Bela Cintra, 2230, Jardim Paulista, São Paulo - SP, 01415-002, Brasil",São Paulo,SP,01415-002
-23.56545,-46.66649,"Rua Oscar Freire, 523, Jardim Paulista, São Paulo - SP, 01426-001, Brasil",São Paulo,SP,01426-001
-23.56722,-46.66409,"Rua Oscar Freire, 216, Jardim Paulista, São Paulo - SP, 01426-000, Brasil",São Paulo,SP,01426-000
-23.5841,-46.68255,"Rua Iguatemi, 276, Itaim Bibi, São Paulo - SP, 01451-011, Brasil",São Paulo,SP,01451-011
-23.55395,-46.68596,"Barouche, Rua Medeiros de Albuquerque, Pinheiros, São Paulo - SP, 05436-060, Brasil",São Paulo,SP,05436-060
-23.56803,-46.66415,"Rua Peixoto Gomide, 1901, Jardim Paulista, São Paulo - SP, 01409-002, Brasil",São Paulo,SP,01409-002
-23.55848,-46.64654,"Rua Treze de Maio, 596, Bela Vista, São Paulo - SP, 01327-000, Brasil",São Paulo,SP,01327-000
-27.60042,-48.54549,"Avenida Mauro Ramos, 80, Centro, Florianópolis - SC, 88020-300, Brasil",Florianópolis,SC,88020-300
-23.56859,-46.6492,"Rua Manuel da Nóbrega, 66, Vila Mariana, São Paulo - SP, 04001-000, Brasil",São Paulo,SP,04001-000
-23.56365,-46.66424,"Rua Padre João Manuel, 708, Jardim Paulista, São Paulo - SP, 01411-001, Brasil",São Paulo,SP,01411-001
-23.49226,-46.62948,"Rua Pontins, 52, Santana, São Paulo - SP, 02404-010, Brasil",São Paulo,SP,02404-010
-23.55402,-46.68916,"Rua Harmonia, 521, Pinheiros, São Paulo - SP, 05435-000, Brasil",São Paulo,SP,05435-000
-23.57164,-46.65858,"Alameda Campinas, 1333, Jardim Paulista, São Paulo - SP, 01404-002, Brasil",São Paulo,SP,01404-002
-23.54485,-46.64801,"Rua Amaral Gurgel, 352, Consolação, São Paulo - SP, 01221-001, Brasil",São Paulo,SP,01221-001
-23.54679,-46.66082,"Rua Sergipe, 753, Consolação, São Paulo - SP, 01243-001, Brasil",São Paulo,SP,01243-001
-23.55992,-46.67758,"Rua Artur de Azevedo, 546, Jardim Paulista, São Paulo - SP, 05404-001, Brasil",São Paulo,SP,05404-001
-23.55952,-46.66841,"Alameda Tietê, 638, Jardim Paulista, São Paulo - SP, 01417-020, Brasil",São Paulo,SP,01417-020
-23.56642,-46.68886,"Rua Benjamin Egas, 275, Pinheiros, São Paulo - SP, 05418-030, Brasil",São Paulo,SP,05418-030
-23.55539,-46.68553,"Rua Medeiros de Albuquerque, 254, Pinheiros, São Paulo - SP, 05436-060, Brasil",São Paulo,SP,05436-060
-23.56128,-46.69644,"Rua Padre Carvalho, 149, Pinheiros, São Paulo - SP, 05427-020, Brasil",São Paulo,SP,05427-020
-23.52839,-46.68252,"Rua Cotoxó, 110, Perdizes, São Paulo - SP, 05021-000, Brasil",São Paulo,SP,05021-000
-23.56161,-46.66414,"Alameda Franca, 1151, Jardim Paulista, São Paulo - SP, 01422-005, Brasil",São Paulo,SP,01422-005
-23.58157,-46.677,"Rua Pedroso Alvarenga, 677, Itaim Bibi, São Paulo - SP, 04531-011, Brasil",São Paulo,SP,04531-011
-23.46201,-46.69485,"Rua Virajuba, 1099, Brasilândia, São Paulo - SP, 02847-085, Brasil",São Paulo,SP,02847-085
