nome,endereco,lat,lng
Tan Tan,"Rua Fradique Coutinho, 153, Pinheiros, São Paulo - SP",-23.565138,-46.685197
The Liquor Store,"Alameda Franca, 1.151, 1º andar, Jardim Paulista, São Paulo - SP",-23.561563,-46.664127
Exímia,"Rua Dr. Mário Ferraz, 507, Itaim Bibi, São Paulo - SP",-23.583681,-46.679031
Santana Bar,"Rua Joaquim Antunes, 1.026, Pinheiros, São Paulo - SP",-23.565261,-46.680854
Caledonia Whisky & Co.,"Rua Vupabussu, 309, Pinheiros, São Paulo - SP",-23.559968,-46.699571
Picco,"Rua Lisboa, 294, Pinheiros, São Paulo - SP",-23.561380,-46.678255
Bar dos Arcos,"Praça Ramos de Azevedo, s/n, subsolo do Theatro Municipal, República, São Paulo - SP",-23.545319,-46.638435
Guarita,"Rua Simão Álvares, 952, Pinheiros, São Paulo - SP",-23.559866,-46.691425
Boca de Ouro,"Rua Cônego Eugênio Leite, 1121, Pinheiros, São Paulo - SP",-23.559740,-46.683669
Astor,"Rua Delfina, 163, Vila Madalena, São Paulo - SP (+ 4 unidades)",-23.554071,-46.694232
The Punch Bar,"Rua Manuel da Nóbrega, 76, loja 17, Paraíso, São Paulo - SP",-23.568550,-46.649406
Trinca Bar e Vermuteria,"Rua Costa Carvalho, 96, Pinheiros, São Paulo - SP",-23.560793,-46.699202
SubAstor,"Rua Delfina, 163, Vila Madalena, São Paulo - SP (+ 2 unidades)",-23.554071,-46.694232
Rabo di Galo (Rosewood),"Rua Itapeva, 435, Bela Vista, São Paulo - SP (Hotel Rosewood)",-23.560170,-46.653246
Fel,"Avenida Ipiranga, 200, Copan, loja 69, República, São Paulo - SP",-23.546411,-46.644075
Bar do Cofre,"Rua João Brícola, 24, Centro Histórico, São Paulo - SP (Farol Santander)",-23.545799,-46.634043
Lágrima,"Rua Major Sertório, 95, Vila Buarque, São Paulo - SP",-23.545467,-46.645687
Baretto (Hotel Fasano),"Rua Vitório Fasano, 88, Jardim Paulista, São Paulo - SP",-23.564534,-46.669448
Dentro Bar,"Largo do Arouche, 77, República, São Paulo - SP",-23.541587,-46.645008
Pina Drinques,"Rua Brigadeiro Galvão, 177, Barra Funda, São Paulo - SP",,
Riviera Bar,"Avenida Paulista, 2.584, Bela Vista, São Paulo - SP",-23.560754,-46.657148
Dōmo,"Rua Major Sertório, 452, Vila Buarque, São Paulo - SP",-23.545467,-46.645687
Caracol,"Rua Boracéa, 160, Barra Funda, São Paulo - SP",-22.894998,-45.835666
Guilhotina,"Rua Inácio Pereira da Rocha, 63, Pinheiros, São Paulo - SP",-23.561605,-46.692175
Nosso,"Rua Maria Quitéria, 91, Ipanema, Rio de Janeiro - RJ",-22.983371,-43.207164
Casa Horto / P'Alma,"Rua Pacheco Leão, 696, Jardim Botânico, Rio de Janeiro - RJ",-22.965363,-43.226038
Elena Horto,"Rua Pacheco Leão, 758, Jardim Botânico, Rio de Janeiro - RJ",-22.965358,-43.226397
Liz Cocktails & Co,"Rua Dias Ferreira, 679A, Leblon, Rio de Janeiro - RJ",-22.984296,-43.227495
Vian Cocktail Bar,"Rua Visconde de Silva, 21, Botafogo, Rio de Janeiro - RJ",-22.957184,-43.192746
Suru Bar,"Rua da Lapa, 151, Lapa, Rio de Janeiro - RJ",-22.915589,-43.177732
Chanchada,"Rua General Polidoro, 164B, Botafogo, Rio de Janeiro - RJ",-22.956064,-43.185739
Botica,"Rua Fernandes Guimarães, 30, Botafogo, Rio de Janeiro - RJ",-22.954454,-43.182765
Jurubeba,"Rua Real Grandeza, 196, Botafogo, Rio de Janeiro - RJ",-22.955430,-43.192671
Quartinho,"Rua Arnaldo Quintela, 124, Botafogo, Rio de Janeiro - RJ",-22.955895,-43.184846
Balcão 201,"Rua Dias Ferreira, 113, Leblon, Rio de Janeiro - RJ",-22.982187,-43.224804
Blue Blazer,"Rua Álvaro Ramos, 11, Botafogo, Rio de Janeiro - RJ",-22.956052,-43.180420
Xerelete,"Orla Bardot, 514, Centro, Armação dos Búzios - RJ",,
Atlântico (Paraty),"Rua Dona Geralda, 302, Centro Histórico, Paraty - RJ",-23.218901,-44.712563
Mykola Lab Bar,"Rua Visconde do Rio Branco, 1087, Centro, Curitiba - PR",-25.431383,-49.280396
Ginger Bar,"Rua Saldanha Marinho, 1220 (fundos), Centro, Curitiba - PR",-25.432714,-49.283294
Cocktails Continental,"Alameda Dr. Carlos de Carvalho, 943, Batel, Curitiba - PR",-25.434759,-49.283883
Dom Bar,"Avenida Iguaçu, 4399, Curitiba - PR (+ unidade Av. Vicente Machado)",-25.454976,-49.302647
La Boca Bar y Cocina,"Rua Visconde do Rio Branco, 367, Mercês, Curitiba - PR",-25.423893,-49.284105
Canto Bar de Parrilla,"Alameda Prudente de Moraes, 1069, Centro, Curitiba - PR",-25.431153,-49.281892
Gards Rooftop,"Rua Comendador Macedo, 630, 11º andar, Curitiba - PR",-25.429451,-49.258331
La Casita,"Rua Fernando de Noronha, 770, Londrina - PR",-23.307695,-51.174452
Puro Oyster Bar,"Avenida dos Búzios, 1800, Jurerê, Florianópolis - SC",-27.433580,-48.513568
Rabo di Galo Floripa,Florianópolis - SC (verificar endereço atual),,
Duplex 48,"Região da Rua Bocaiúva, Centro, Florianópolis - SC",-27.586082,-48.547846
Boteco Rita Maria,Florianópolis - SC,-27.594306,-48.561726
Depósito Cocktail Bar,"Rua Uruguai, 456, Nações, Balneário Camboriú - SC",-26.973795,-48.644051
Taj Bar,"Avenida Atlântica, 5710, Centro, Balneário Camboriú - SC",-27.006199,-48.606324
